tokenID,name,description,file_name,external_url,attributes[Season],attributes[Access],attributes[Network]
1,HoodPass,"Season 01 HoodPass on Robinhood Chain. This pass is the door to HoodShares: claim your included pack, open cards, and play Daily Lineup. It is a digital collectible. It is not a security, not a derivative, and not a claim on any stock or company.",hoodpass.png,https://www.hoodshares.xyz,01,HoodPass,Robinhood Chain
2,HoodPass,"Season 01 HoodPass on Robinhood Chain. This pass is the door to HoodShares: claim your included pack, open cards, and play Daily Lineup. It is a digital collectible. It is not a security, not a derivative, and not a claim on any stock or company.",hoodpass.png,https://www.hoodshares.xyz,01,HoodPass,Robinhood Chain
3,HoodPass,"Season 01 HoodPass on Robinhood Chain. This pass is the door to HoodShares: claim your included pack, open cards, and play Daily Lineup. It is a digital collectible. It is not a security, not a derivative, and not a claim on any stock or company.",hoodpass.png,https://www.hoodshares.xyz,01,HoodPass,Robinhood Chain
4,HoodPass,"Season 01 HoodPass on Robinhood Chain. This pass is the door to HoodShares: claim your included pack, open cards, and play Daily Lineup. It is a digital collectible. It is not a security, not a derivative, and not a claim on any stock or company.",hoodpass.png,https://www.hoodshares.xyz,01,HoodPass,Robinhood Chain
5,HoodPass,"Season 01 HoodPass on Robinhood Chain. This pass is the door to HoodShares: claim your included pack, open cards, and play Daily Lineup. It is a digital collectible. It is not a security, not a derivative, and not a claim on any stock or company.",hoodpass.png,https://www.hoodshares.xyz,01,HoodPass,Robinhood Chain
6,HoodPass,"Season 01 HoodPass on Robinhood Chain. This pass is the door to HoodShares: claim your included pack, open cards, and play Daily Lineup. It is a digital collectible. It is not a security, not a derivative, and not a claim on any stock or company.",hoodpass.png,https://www.hoodshares.xyz,01,HoodPass,Robinhood Chain
7,HoodPass,"Season 01 HoodPass on Robinhood Chain. This pass is the door to HoodShares: claim your included pack, open cards, and play Daily Lineup. It is a digital collectible. It is not a security, not a derivative, and not a claim on any stock or company.",hoodpass.png,https://www.hoodshares.xyz,01,HoodPass,Robinhood Chain
8,HoodPass,"Season 01 HoodPass on Robinhood Chain. This pass is the door to HoodShares: claim your included pack, open cards, and play Daily Lineup. It is a digital collectible. It is not a security, not a derivative, and not a claim on any stock or company.",hoodpass.png,https://www.hoodshares.xyz,01,HoodPass,Robinhood Chain
9,HoodPass,"Season 01 HoodPass on Robinhood Chain. This pass is the door to HoodShares: claim your included pack, open cards, and play Daily Lineup. It is a digital collectible. It is not a security, not a derivative, and not a claim on any stock or company.",hoodpass.png,https://www.hoodshares.xyz,01,HoodPass,Robinhood Chain
10,HoodPass,"Season 01 HoodPass on Robinhood Chain. This pass is the door to HoodShares: claim your included pack, open cards, and play Daily Lineup. It is a digital collectible. It is not a security, not a derivative, and not a claim on any stock or company.",hoodpass.png,https://www.hoodshares.xyz,01,HoodPass,Robinhood Chain
11,HoodPass,"Season 01 HoodPass on Robinhood Chain. This pass is the door to HoodShares: claim your included pack, open cards, and play Daily Lineup. It is a digital collectible. It is not a security, not a derivative, and not a claim on any stock or company.",hoodpass.png,https://www.hoodshares.xyz,01,HoodPass,Robinhood Chain
12,HoodPass,"Season 01 HoodPass on Robinhood Chain. This pass is the door to HoodShares: claim your included pack, open cards, and play Daily Lineup. It is a digital collectible. It is not a security, not a derivative, and not a claim on any stock or company.",hoodpass.png,https://www.hoodshares.xyz,01,HoodPass,Robinhood Chain
13,HoodPass,"Season 01 HoodPass on Robinhood Chain. This pass is the door to HoodShares: claim your included pack, open cards, and play Daily Lineup. It is a digital collectible. It is not a security, not a derivative, and not a claim on any stock or company.",hoodpass.png,https://www.hoodshares.xyz,01,HoodPass,Robinhood Chain
14,HoodPass,"Season 01 HoodPass on Robinhood Chain. This pass is the door to HoodShares: claim your included pack, open cards, and play Daily Lineup. It is a digital collectible. It is not a security, not a derivative, and not a claim on any stock or company.",hoodpass.png,https://www.hoodshares.xyz,01,HoodPass,Robinhood Chain
15,HoodPass,"Season 01 HoodPass on Robinhood Chain. This pass is the door to HoodShares: claim your included pack, open cards, and play Daily Lineup. It is a digital collectible. It is not a security, not a derivative, and not a claim on any stock or company.",hoodpass.png,https://www.hoodshares.xyz,01,HoodPass,Robinhood Chain
16,HoodPass,"Season 01 HoodPass on Robinhood Chain. This pass is the door to HoodShares: claim your included pack, open cards, and play Daily Lineup. It is a digital collectible. It is not a security, not a derivative, and not a claim on any stock or company.",hoodpass.png,https://www.hoodshares.xyz,01,HoodPass,Robinhood Chain
17,HoodPass,"Season 01 HoodPass on Robinhood Chain. This pass is the door to HoodShares: claim your included pack, open cards, and play Daily Lineup. It is a digital collectible. It is not a security, not a derivative, and not a claim on any stock or company.",hoodpass.png,https://www.hoodshares.xyz,01,HoodPass,Robinhood Chain
18,HoodPass,"Season 01 HoodPass on Robinhood Chain. This pass is the door to HoodShares: claim your included pack, open cards, and play Daily Lineup. It is a digital collectible. It is not a security, not a derivative, and not a claim on any stock or company.",hoodpass.png,https://www.hoodshares.xyz,01,HoodPass,Robinhood Chain
19,HoodPass,"Season 01 HoodPass on Robinhood Chain. This pass is the door to HoodShares: claim your included pack, open cards, and play Daily Lineup. It is a digital collectible. It is not a security, not a derivative, and not a claim on any stock or company.",hoodpass.png,https://www.hoodshares.xyz,01,HoodPass,Robinhood Chain
20,HoodPass,"Season 01 HoodPass on Robinhood Chain. This pass is the door to HoodShares: claim your included pack, open cards, and play Daily Lineup. It is a digital collectible. It is not a security, not a derivative, and not a claim on any stock or company.",hoodpass.png,https://www.hoodshares.xyz,01,HoodPass,Robinhood Chain
21,HoodPass,"Season 01 HoodPass on Robinhood Chain. This pass is the door to HoodShares: claim your included pack, open cards, and play Daily Lineup. It is a digital collectible. It is not a security, not a derivative, and not a claim on any stock or company.",hoodpass.png,https://www.hoodshares.xyz,01,HoodPass,Robinhood Chain
22,HoodPass,"Season 01 HoodPass on Robinhood Chain. This pass is the door to HoodShares: claim your included pack, open cards, and play Daily Lineup. It is a digital collectible. It is not a security, not a derivative, and not a claim on any stock or company.",hoodpass.png,https://www.hoodshares.xyz,01,HoodPass,Robinhood Chain
23,HoodPass,"Season 01 HoodPass on Robinhood Chain. This pass is the door to HoodShares: claim your included pack, open cards, and play Daily Lineup. It is a digital collectible. It is not a security, not a derivative, and not a claim on any stock or company.",hoodpass.png,https://www.hoodshares.xyz,01,HoodPass,Robinhood Chain
24,HoodPass,"Season 01 HoodPass on Robinhood Chain. This pass is the door to HoodShares: claim your included pack, open cards, and play Daily Lineup. It is a digital collectible. It is not a security, not a derivative, and not a claim on any stock or company.",hoodpass.png,https://www.hoodshares.xyz,01,HoodPass,Robinhood Chain
25,HoodPass,"Season 01 HoodPass on Robinhood Chain. This pass is the door to HoodShares: claim your included pack, open cards, and play Daily Lineup. It is a digital collectible. It is not a security, not a derivative, and not a claim on any stock or company.",hoodpass.png,https://www.hoodshares.xyz,01,HoodPass,Robinhood Chain
26,HoodPass,"Season 01 HoodPass on Robinhood Chain. This pass is the door to HoodShares: claim your included pack, open cards, and play Daily Lineup. It is a digital collectible. It is not a security, not a derivative, and not a claim on any stock or company.",hoodpass.png,https://www.hoodshares.xyz,01,HoodPass,Robinhood Chain
27,HoodPass,"Season 01 HoodPass on Robinhood Chain. This pass is the door to HoodShares: claim your included pack, open cards, and play Daily Lineup. It is a digital collectible. It is not a security, not a derivative, and not a claim on any stock or company.",hoodpass.png,https://www.hoodshares.xyz,01,HoodPass,Robinhood Chain
28,HoodPass,"Season 01 HoodPass on Robinhood Chain. This pass is the door to HoodShares: claim your included pack, open cards, and play Daily Lineup. It is a digital collectible. It is not a security, not a derivative, and not a claim on any stock or company.",hoodpass.png,https://www.hoodshares.xyz,01,HoodPass,Robinhood Chain
29,HoodPass,"Season 01 HoodPass on Robinhood Chain. This pass is the door to HoodShares: claim your included pack, open cards, and play Daily Lineup. It is a digital collectible. It is not a security, not a derivative, and not a claim on any stock or company.",hoodpass.png,https://www.hoodshares.xyz,01,HoodPass,Robinhood Chain
30,HoodPass,"Season 01 HoodPass on Robinhood Chain. This pass is the door to HoodShares: claim your included pack, open cards, and play Daily Lineup. It is a digital collectible. It is not a security, not a derivative, and not a claim on any stock or company.",hoodpass.png,https://www.hoodshares.xyz,01,HoodPass,Robinhood Chain
31,HoodPass,"Season 01 HoodPass on Robinhood Chain. This pass is the door to HoodShares: claim your included pack, open cards, and play Daily Lineup. It is a digital collectible. It is not a security, not a derivative, and not a claim on any stock or company.",hoodpass.png,https://www.hoodshares.xyz,01,HoodPass,Robinhood Chain
32,HoodPass,"Season 01 HoodPass on Robinhood Chain. This pass is the door to HoodShares: claim your included pack, open cards, and play Daily Lineup. It is a digital collectible. It is not a security, not a derivative, and not a claim on any stock or company.",hoodpass.png,https://www.hoodshares.xyz,01,HoodPass,Robinhood Chain
33,HoodPass,"Season 01 HoodPass on Robinhood Chain. This pass is the door to HoodShares: claim your included pack, open cards, and play Daily Lineup. It is a digital collectible. It is not a security, not a derivative, and not a claim on any stock or company.",hoodpass.png,https://www.hoodshares.xyz,01,HoodPass,Robinhood Chain
34,HoodPass,"Season 01 HoodPass on Robinhood Chain. This pass is the door to HoodShares: claim your included pack, open cards, and play Daily Lineup. It is a digital collectible. It is not a security, not a derivative, and not a claim on any stock or company.",hoodpass.png,https://www.hoodshares.xyz,01,HoodPass,Robinhood Chain
35,HoodPass,"Season 01 HoodPass on Robinhood Chain. This pass is the door to HoodShares: claim your included pack, open cards, and play Daily Lineup. It is a digital collectible. It is not a security, not a derivative, and not a claim on any stock or company.",hoodpass.png,https://www.hoodshares.xyz,01,HoodPass,Robinhood Chain
36,HoodPass,"Season 01 HoodPass on Robinhood Chain. This pass is the door to HoodShares: claim your included pack, open cards, and play Daily Lineup. It is a digital collectible. It is not a security, not a derivative, and not a claim on any stock or company.",hoodpass.png,https://www.hoodshares.xyz,01,HoodPass,Robinhood Chain
37,HoodPass,"Season 01 HoodPass on Robinhood Chain. This pass is the door to HoodShares: claim your included pack, open cards, and play Daily Lineup. It is a digital collectible. It is not a security, not a derivative, and not a claim on any stock or company.",hoodpass.png,https://www.hoodshares.xyz,01,HoodPass,Robinhood Chain
38,HoodPass,"Season 01 HoodPass on Robinhood Chain. This pass is the door to HoodShares: claim your included pack, open cards, and play Daily Lineup. It is a digital collectible. It is not a security, not a derivative, and not a claim on any stock or company.",hoodpass.png,https://www.hoodshares.xyz,01,HoodPass,Robinhood Chain
39,HoodPass,"Season 01 HoodPass on Robinhood Chain. This pass is the door to HoodShares: claim your included pack, open cards, and play Daily Lineup. It is a digital collectible. It is not a security, not a derivative, and not a claim on any stock or company.",hoodpass.png,https://www.hoodshares.xyz,01,HoodPass,Robinhood Chain
40,HoodPass,"Season 01 HoodPass on Robinhood Chain. This pass is the door to HoodShares: claim your included pack, open cards, and play Daily Lineup. It is a digital collectible. It is not a security, not a derivative, and not a claim on any stock or company.",hoodpass.png,https://www.hoodshares.xyz,01,HoodPass,Robinhood Chain
41,HoodPass,"Season 01 HoodPass on Robinhood Chain. This pass is the door to HoodShares: claim your included pack, open cards, and play Daily Lineup. It is a digital collectible. It is not a security, not a derivative, and not a claim on any stock or company.",hoodpass.png,https://www.hoodshares.xyz,01,HoodPass,Robinhood Chain
42,HoodPass,"Season 01 HoodPass on Robinhood Chain. This pass is the door to HoodShares: claim your included pack, open cards, and play Daily Lineup. It is a digital collectible. It is not a security, not a derivative, and not a claim on any stock or company.",hoodpass.png,https://www.hoodshares.xyz,01,HoodPass,Robinhood Chain
43,HoodPass,"Season 01 HoodPass on Robinhood Chain. This pass is the door to HoodShares: claim your included pack, open cards, and play Daily Lineup. It is a digital collectible. It is not a security, not a derivative, and not a claim on any stock or company.",hoodpass.png,https://www.hoodshares.xyz,01,HoodPass,Robinhood Chain
44,HoodPass,"Season 01 HoodPass on Robinhood Chain. This pass is the door to HoodShares: claim your included pack, open cards, and play Daily Lineup. It is a digital collectible. It is not a security, not a derivative, and not a claim on any stock or company.",hoodpass.png,https://www.hoodshares.xyz,01,HoodPass,Robinhood Chain
45,HoodPass,"Season 01 HoodPass on Robinhood Chain. This pass is the door to HoodShares: claim your included pack, open cards, and play Daily Lineup. It is a digital collectible. It is not a security, not a derivative, and not a claim on any stock or company.",hoodpass.png,https://www.hoodshares.xyz,01,HoodPass,Robinhood Chain
46,HoodPass,"Season 01 HoodPass on Robinhood Chain. This pass is the door to HoodShares: claim your included pack, open cards, and play Daily Lineup. It is a digital collectible. It is not a security, not a derivative, and not a claim on any stock or company.",hoodpass.png,https://www.hoodshares.xyz,01,HoodPass,Robinhood Chain
47,HoodPass,"Season 01 HoodPass on Robinhood Chain. This pass is the door to HoodShares: claim your included pack, open cards, and play Daily Lineup. It is a digital collectible. It is not a security, not a derivative, and not a claim on any stock or company.",hoodpass.png,https://www.hoodshares.xyz,01,HoodPass,Robinhood Chain
48,HoodPass,"Season 01 HoodPass on Robinhood Chain. This pass is the door to HoodShares: claim your included pack, open cards, and play Daily Lineup. It is a digital collectible. It is not a security, not a derivative, and not a claim on any stock or company.",hoodpass.png,https://www.hoodshares.xyz,01,HoodPass,Robinhood Chain
49,HoodPass,"Season 01 HoodPass on Robinhood Chain. This pass is the door to HoodShares: claim your included pack, open cards, and play Daily Lineup. It is a digital collectible. It is not a security, not a derivative, and not a claim on any stock or company.",hoodpass.png,https://www.hoodshares.xyz,01,HoodPass,Robinhood Chain
50,HoodPass,"Season 01 HoodPass on Robinhood Chain. This pass is the door to HoodShares: claim your included pack, open cards, and play Daily Lineup. It is a digital collectible. It is not a security, not a derivative, and not a claim on any stock or company.",hoodpass.png,https://www.hoodshares.xyz,01,HoodPass,Robinhood Chain
51,HoodPass,"Season 01 HoodPass on Robinhood Chain. This pass is the door to HoodShares: claim your included pack, open cards, and play Daily Lineup. It is a digital collectible. It is not a security, not a derivative, and not a claim on any stock or company.",hoodpass.png,https://www.hoodshares.xyz,01,HoodPass,Robinhood Chain
52,HoodPass,"Season 01 HoodPass on Robinhood Chain. This pass is the door to HoodShares: claim your included pack, open cards, and play Daily Lineup. It is a digital collectible. It is not a security, not a derivative, and not a claim on any stock or company.",hoodpass.png,https://www.hoodshares.xyz,01,HoodPass,Robinhood Chain
53,HoodPass,"Season 01 HoodPass on Robinhood Chain. This pass is the door to HoodShares: claim your included pack, open cards, and play Daily Lineup. It is a digital collectible. It is not a security, not a derivative, and not a claim on any stock or company.",hoodpass.png,https://www.hoodshares.xyz,01,HoodPass,Robinhood Chain
54,HoodPass,"Season 01 HoodPass on Robinhood Chain. This pass is the door to HoodShares: claim your included pack, open cards, and play Daily Lineup. It is a digital collectible. It is not a security, not a derivative, and not a claim on any stock or company.",hoodpass.png,https://www.hoodshares.xyz,01,HoodPass,Robinhood Chain
55,HoodPass,"Season 01 HoodPass on Robinhood Chain. This pass is the door to HoodShares: claim your included pack, open cards, and play Daily Lineup. It is a digital collectible. It is not a security, not a derivative, and not a claim on any stock or company.",hoodpass.png,https://www.hoodshares.xyz,01,HoodPass,Robinhood Chain
56,HoodPass,"Season 01 HoodPass on Robinhood Chain. This pass is the door to HoodShares: claim your included pack, open cards, and play Daily Lineup. It is a digital collectible. It is not a security, not a derivative, and not a claim on any stock or company.",hoodpass.png,https://www.hoodshares.xyz,01,HoodPass,Robinhood Chain
57,HoodPass,"Season 01 HoodPass on Robinhood Chain. This pass is the door to HoodShares: claim your included pack, open cards, and play Daily Lineup. It is a digital collectible. It is not a security, not a derivative, and not a claim on any stock or company.",hoodpass.png,https://www.hoodshares.xyz,01,HoodPass,Robinhood Chain
58,HoodPass,"Season 01 HoodPass on Robinhood Chain. This pass is the door to HoodShares: claim your included pack, open cards, and play Daily Lineup. It is a digital collectible. It is not a security, not a derivative, and not a claim on any stock or company.",hoodpass.png,https://www.hoodshares.xyz,01,HoodPass,Robinhood Chain
59,HoodPass,"Season 01 HoodPass on Robinhood Chain. This pass is the door to HoodShares: claim your included pack, open cards, and play Daily Lineup. It is a digital collectible. It is not a security, not a derivative, and not a claim on any stock or company.",hoodpass.png,https://www.hoodshares.xyz,01,HoodPass,Robinhood Chain
60,HoodPass,"Season 01 HoodPass on Robinhood Chain. This pass is the door to HoodShares: claim your included pack, open cards, and play Daily Lineup. It is a digital collectible. It is not a security, not a derivative, and not a claim on any stock or company.",hoodpass.png,https://www.hoodshares.xyz,01,HoodPass,Robinhood Chain
61,HoodPass,"Season 01 HoodPass on Robinhood Chain. This pass is the door to HoodShares: claim your included pack, open cards, and play Daily Lineup. It is a digital collectible. It is not a security, not a derivative, and not a claim on any stock or company.",hoodpass.png,https://www.hoodshares.xyz,01,HoodPass,Robinhood Chain
62,HoodPass,"Season 01 HoodPass on Robinhood Chain. This pass is the door to HoodShares: claim your included pack, open cards, and play Daily Lineup. It is a digital collectible. It is not a security, not a derivative, and not a claim on any stock or company.",hoodpass.png,https://www.hoodshares.xyz,01,HoodPass,Robinhood Chain
63,HoodPass,"Season 01 HoodPass on Robinhood Chain. This pass is the door to HoodShares: claim your included pack, open cards, and play Daily Lineup. It is a digital collectible. It is not a security, not a derivative, and not a claim on any stock or company.",hoodpass.png,https://www.hoodshares.xyz,01,HoodPass,Robinhood Chain
64,HoodPass,"Season 01 HoodPass on Robinhood Chain. This pass is the door to HoodShares: claim your included pack, open cards, and play Daily Lineup. It is a digital collectible. It is not a security, not a derivative, and not a claim on any stock or company.",hoodpass.png,https://www.hoodshares.xyz,01,HoodPass,Robinhood Chain
65,HoodPass,"Season 01 HoodPass on Robinhood Chain. This pass is the door to HoodShares: claim your included pack, open cards, and play Daily Lineup. It is a digital collectible. It is not a security, not a derivative, and not a claim on any stock or company.",hoodpass.png,https://www.hoodshares.xyz,01,HoodPass,Robinhood Chain
66,HoodPass,"Season 01 HoodPass on Robinhood Chain. This pass is the door to HoodShares: claim your included pack, open cards, and play Daily Lineup. It is a digital collectible. It is not a security, not a derivative, and not a claim on any stock or company.",hoodpass.png,https://www.hoodshares.xyz,01,HoodPass,Robinhood Chain
67,HoodPass,"Season 01 HoodPass on Robinhood Chain. This pass is the door to HoodShares: claim your included pack, open cards, and play Daily Lineup. It is a digital collectible. It is not a security, not a derivative, and not a claim on any stock or company.",hoodpass.png,https://www.hoodshares.xyz,01,HoodPass,Robinhood Chain
68,HoodPass,"Season 01 HoodPass on Robinhood Chain. This pass is the door to HoodShares: claim your included pack, open cards, and play Daily Lineup. It is a digital collectible. It is not a security, not a derivative, and not a claim on any stock or company.",hoodpass.png,https://www.hoodshares.xyz,01,HoodPass,Robinhood Chain
69,HoodPass,"Season 01 HoodPass on Robinhood Chain. This pass is the door to HoodShares: claim your included pack, open cards, and play Daily Lineup. It is a digital collectible. It is not a security, not a derivative, and not a claim on any stock or company.",hoodpass.png,https://www.hoodshares.xyz,01,HoodPass,Robinhood Chain
70,HoodPass,"Season 01 HoodPass on Robinhood Chain. This pass is the door to HoodShares: claim your included pack, open cards, and play Daily Lineup. It is a digital collectible. It is not a security, not a derivative, and not a claim on any stock or company.",hoodpass.png,https://www.hoodshares.xyz,01,HoodPass,Robinhood Chain
71,HoodPass,"Season 01 HoodPass on Robinhood Chain. This pass is the door to HoodShares: claim your included pack, open cards, and play Daily Lineup. It is a digital collectible. It is not a security, not a derivative, and not a claim on any stock or company.",hoodpass.png,https://www.hoodshares.xyz,01,HoodPass,Robinhood Chain
72,HoodPass,"Season 01 HoodPass on Robinhood Chain. This pass is the door to HoodShares: claim your included pack, open cards, and play Daily Lineup. It is a digital collectible. It is not a security, not a derivative, and not a claim on any stock or company.",hoodpass.png,https://www.hoodshares.xyz,01,HoodPass,Robinhood Chain
73,HoodPass,"Season 01 HoodPass on Robinhood Chain. This pass is the door to HoodShares: claim your included pack, open cards, and play Daily Lineup. It is a digital collectible. It is not a security, not a derivative, and not a claim on any stock or company.",hoodpass.png,https://www.hoodshares.xyz,01,HoodPass,Robinhood Chain
74,HoodPass,"Season 01 HoodPass on Robinhood Chain. This pass is the door to HoodShares: claim your included pack, open cards, and play Daily Lineup. It is a digital collectible. It is not a security, not a derivative, and not a claim on any stock or company.",hoodpass.png,https://www.hoodshares.xyz,01,HoodPass,Robinhood Chain
75,HoodPass,"Season 01 HoodPass on Robinhood Chain. This pass is the door to HoodShares: claim your included pack, open cards, and play Daily Lineup. It is a digital collectible. It is not a security, not a derivative, and not a claim on any stock or company.",hoodpass.png,https://www.hoodshares.xyz,01,HoodPass,Robinhood Chain
76,HoodPass,"Season 01 HoodPass on Robinhood Chain. This pass is the door to HoodShares: claim your included pack, open cards, and play Daily Lineup. It is a digital collectible. It is not a security, not a derivative, and not a claim on any stock or company.",hoodpass.png,https://www.hoodshares.xyz,01,HoodPass,Robinhood Chain
77,HoodPass,"Season 01 HoodPass on Robinhood Chain. This pass is the door to HoodShares: claim your included pack, open cards, and play Daily Lineup. It is a digital collectible. It is not a security, not a derivative, and not a claim on any stock or company.",hoodpass.png,https://www.hoodshares.xyz,01,HoodPass,Robinhood Chain
78,HoodPass,"Season 01 HoodPass on Robinhood Chain. This pass is the door to HoodShares: claim your included pack, open cards, and play Daily Lineup. It is a digital collectible. It is not a security, not a derivative, and not a claim on any stock or company.",hoodpass.png,https://www.hoodshares.xyz,01,HoodPass,Robinhood Chain
79,HoodPass,"Season 01 HoodPass on Robinhood Chain. This pass is the door to HoodShares: claim your included pack, open cards, and play Daily Lineup. It is a digital collectible. It is not a security, not a derivative, and not a claim on any stock or company.",hoodpass.png,https://www.hoodshares.xyz,01,HoodPass,Robinhood Chain
80,HoodPass,"Season 01 HoodPass on Robinhood Chain. This pass is the door to HoodShares: claim your included pack, open cards, and play Daily Lineup. It is a digital collectible. It is not a security, not a derivative, and not a claim on any stock or company.",hoodpass.png,https://www.hoodshares.xyz,01,HoodPass,Robinhood Chain
81,HoodPass,"Season 01 HoodPass on Robinhood Chain. This pass is the door to HoodShares: claim your included pack, open cards, and play Daily Lineup. It is a digital collectible. It is not a security, not a derivative, and not a claim on any stock or company.",hoodpass.png,https://www.hoodshares.xyz,01,HoodPass,Robinhood Chain
82,HoodPass,"Season 01 HoodPass on Robinhood Chain. This pass is the door to HoodShares: claim your included pack, open cards, and play Daily Lineup. It is a digital collectible. It is not a security, not a derivative, and not a claim on any stock or company.",hoodpass.png,https://www.hoodshares.xyz,01,HoodPass,Robinhood Chain
83,HoodPass,"Season 01 HoodPass on Robinhood Chain. This pass is the door to HoodShares: claim your included pack, open cards, and play Daily Lineup. It is a digital collectible. It is not a security, not a derivative, and not a claim on any stock or company.",hoodpass.png,https://www.hoodshares.xyz,01,HoodPass,Robinhood Chain
84,HoodPass,"Season 01 HoodPass on Robinhood Chain. This pass is the door to HoodShares: claim your included pack, open cards, and play Daily Lineup. It is a digital collectible. It is not a security, not a derivative, and not a claim on any stock or company.",hoodpass.png,https://www.hoodshares.xyz,01,HoodPass,Robinhood Chain
85,HoodPass,"Season 01 HoodPass on Robinhood Chain. This pass is the door to HoodShares: claim your included pack, open cards, and play Daily Lineup. It is a digital collectible. It is not a security, not a derivative, and not a claim on any stock or company.",hoodpass.png,https://www.hoodshares.xyz,01,HoodPass,Robinhood Chain
86,HoodPass,"Season 01 HoodPass on Robinhood Chain. This pass is the door to HoodShares: claim your included pack, open cards, and play Daily Lineup. It is a digital collectible. It is not a security, not a derivative, and not a claim on any stock or company.",hoodpass.png,https://www.hoodshares.xyz,01,HoodPass,Robinhood Chain
87,HoodPass,"Season 01 HoodPass on Robinhood Chain. This pass is the door to HoodShares: claim your included pack, open cards, and play Daily Lineup. It is a digital collectible. It is not a security, not a derivative, and not a claim on any stock or company.",hoodpass.png,https://www.hoodshares.xyz,01,HoodPass,Robinhood Chain
88,HoodPass,"Season 01 HoodPass on Robinhood Chain. This pass is the door to HoodShares: claim your included pack, open cards, and play Daily Lineup. It is a digital collectible. It is not a security, not a derivative, and not a claim on any stock or company.",hoodpass.png,https://www.hoodshares.xyz,01,HoodPass,Robinhood Chain
89,HoodPass,"Season 01 HoodPass on Robinhood Chain. This pass is the door to HoodShares: claim your included pack, open cards, and play Daily Lineup. It is a digital collectible. It is not a security, not a derivative, and not a claim on any stock or company.",hoodpass.png,https://www.hoodshares.xyz,01,HoodPass,Robinhood Chain
90,HoodPass,"Season 01 HoodPass on Robinhood Chain. This pass is the door to HoodShares: claim your included pack, open cards, and play Daily Lineup. It is a digital collectible. It is not a security, not a derivative, and not a claim on any stock or company.",hoodpass.png,https://www.hoodshares.xyz,01,HoodPass,Robinhood Chain
91,HoodPass,"Season 01 HoodPass on Robinhood Chain. This pass is the door to HoodShares: claim your included pack, open cards, and play Daily Lineup. It is a digital collectible. It is not a security, not a derivative, and not a claim on any stock or company.",hoodpass.png,https://www.hoodshares.xyz,01,HoodPass,Robinhood Chain
92,HoodPass,"Season 01 HoodPass on Robinhood Chain. This pass is the door to HoodShares: claim your included pack, open cards, and play Daily Lineup. It is a digital collectible. It is not a security, not a derivative, and not a claim on any stock or company.",hoodpass.png,https://www.hoodshares.xyz,01,HoodPass,Robinhood Chain
93,HoodPass,"Season 01 HoodPass on Robinhood Chain. This pass is the door to HoodShares: claim your included pack, open cards, and play Daily Lineup. It is a digital collectible. It is not a security, not a derivative, and not a claim on any stock or company.",hoodpass.png,https://www.hoodshares.xyz,01,HoodPass,Robinhood Chain
94,HoodPass,"Season 01 HoodPass on Robinhood Chain. This pass is the door to HoodShares: claim your included pack, open cards, and play Daily Lineup. It is a digital collectible. It is not a security, not a derivative, and not a claim on any stock or company.",hoodpass.png,https://www.hoodshares.xyz,01,HoodPass,Robinhood Chain
95,HoodPass,"Season 01 HoodPass on Robinhood Chain. This pass is the door to HoodShares: claim your included pack, open cards, and play Daily Lineup. It is a digital collectible. It is not a security, not a derivative, and not a claim on any stock or company.",hoodpass.png,https://www.hoodshares.xyz,01,HoodPass,Robinhood Chain
96,HoodPass,"Season 01 HoodPass on Robinhood Chain. This pass is the door to HoodShares: claim your included pack, open cards, and play Daily Lineup. It is a digital collectible. It is not a security, not a derivative, and not a claim on any stock or company.",hoodpass.png,https://www.hoodshares.xyz,01,HoodPass,Robinhood Chain
97,HoodPass,"Season 01 HoodPass on Robinhood Chain. This pass is the door to HoodShares: claim your included pack, open cards, and play Daily Lineup. It is a digital collectible. It is not a security, not a derivative, and not a claim on any stock or company.",hoodpass.png,https://www.hoodshares.xyz,01,HoodPass,Robinhood Chain
98,HoodPass,"Season 01 HoodPass on Robinhood Chain. This pass is the door to HoodShares: claim your included pack, open cards, and play Daily Lineup. It is a digital collectible. It is not a security, not a derivative, and not a claim on any stock or company.",hoodpass.png,https://www.hoodshares.xyz,01,HoodPass,Robinhood Chain
99,HoodPass,"Season 01 HoodPass on Robinhood Chain. This pass is the door to HoodShares: claim your included pack, open cards, and play Daily Lineup. It is a digital collectible. It is not a security, not a derivative, and not a claim on any stock or company.",hoodpass.png,https://www.hoodshares.xyz,01,HoodPass,Robinhood Chain
100,HoodPass,"Season 01 HoodPass on Robinhood Chain. This pass is the door to HoodShares: claim your included pack, open cards, and play Daily Lineup. It is a digital collectible. It is not a security, not a derivative, and not a claim on any stock or company.",hoodpass.png,https://www.hoodshares.xyz,01,HoodPass,Robinhood Chain
101,HoodPass,"Season 01 HoodPass on Robinhood Chain. This pass is the door to HoodShares: claim your included pack, open cards, and play Daily Lineup. It is a digital collectible. It is not a security, not a derivative, and not a claim on any stock or company.",hoodpass.png,https://www.hoodshares.xyz,01,HoodPass,Robinhood Chain
102,HoodPass,"Season 01 HoodPass on Robinhood Chain. This pass is the door to HoodShares: claim your included pack, open cards, and play Daily Lineup. It is a digital collectible. It is not a security, not a derivative, and not a claim on any stock or company.",hoodpass.png,https://www.hoodshares.xyz,01,HoodPass,Robinhood Chain
103,HoodPass,"Season 01 HoodPass on Robinhood Chain. This pass is the door to HoodShares: claim your included pack, open cards, and play Daily Lineup. It is a digital collectible. It is not a security, not a derivative, and not a claim on any stock or company.",hoodpass.png,https://www.hoodshares.xyz,01,HoodPass,Robinhood Chain
104,HoodPass,"Season 01 HoodPass on Robinhood Chain. This pass is the door to HoodShares: claim your included pack, open cards, and play Daily Lineup. It is a digital collectible. It is not a security, not a derivative, and not a claim on any stock or company.",hoodpass.png,https://www.hoodshares.xyz,01,HoodPass,Robinhood Chain
105,HoodPass,"Season 01 HoodPass on Robinhood Chain. This pass is the door to HoodShares: claim your included pack, open cards, and play Daily Lineup. It is a digital collectible. It is not a security, not a derivative, and not a claim on any stock or company.",hoodpass.png,https://www.hoodshares.xyz,01,HoodPass,Robinhood Chain
106,HoodPass,"Season 01 HoodPass on Robinhood Chain. This pass is the door to HoodShares: claim your included pack, open cards, and play Daily Lineup. It is a digital collectible. It is not a security, not a derivative, and not a claim on any stock or company.",hoodpass.png,https://www.hoodshares.xyz,01,HoodPass,Robinhood Chain
107,HoodPass,"Season 01 HoodPass on Robinhood Chain. This pass is the door to HoodShares: claim your included pack, open cards, and play Daily Lineup. It is a digital collectible. It is not a security, not a derivative, and not a claim on any stock or company.",hoodpass.png,https://www.hoodshares.xyz,01,HoodPass,Robinhood Chain
108,HoodPass,"Season 01 HoodPass on Robinhood Chain. This pass is the door to HoodShares: claim your included pack, open cards, and play Daily Lineup. It is a digital collectible. It is not a security, not a derivative, and not a claim on any stock or company.",hoodpass.png,https://www.hoodshares.xyz,01,HoodPass,Robinhood Chain
109,HoodPass,"Season 01 HoodPass on Robinhood Chain. This pass is the door to HoodShares: claim your included pack, open cards, and play Daily Lineup. It is a digital collectible. It is not a security, not a derivative, and not a claim on any stock or company.",hoodpass.png,https://www.hoodshares.xyz,01,HoodPass,Robinhood Chain
110,HoodPass,"Season 01 HoodPass on Robinhood Chain. This pass is the door to HoodShares: claim your included pack, open cards, and play Daily Lineup. It is a digital collectible. It is not a security, not a derivative, and not a claim on any stock or company.",hoodpass.png,https://www.hoodshares.xyz,01,HoodPass,Robinhood Chain
111,HoodPass,"Season 01 HoodPass on Robinhood Chain. This pass is the door to HoodShares: claim your included pack, open cards, and play Daily Lineup. It is a digital collectible. It is not a security, not a derivative, and not a claim on any stock or company.",hoodpass.png,https://www.hoodshares.xyz,01,HoodPass,Robinhood Chain
112,HoodPass,"Season 01 HoodPass on Robinhood Chain. This pass is the door to HoodShares: claim your included pack, open cards, and play Daily Lineup. It is a digital collectible. It is not a security, not a derivative, and not a claim on any stock or company.",hoodpass.png,https://www.hoodshares.xyz,01,HoodPass,Robinhood Chain
113,HoodPass,"Season 01 HoodPass on Robinhood Chain. This pass is the door to HoodShares: claim your included pack, open cards, and play Daily Lineup. It is a digital collectible. It is not a security, not a derivative, and not a claim on any stock or company.",hoodpass.png,https://www.hoodshares.xyz,01,HoodPass,Robinhood Chain
114,HoodPass,"Season 01 HoodPass on Robinhood Chain. This pass is the door to HoodShares: claim your included pack, open cards, and play Daily Lineup. It is a digital collectible. It is not a security, not a derivative, and not a claim on any stock or company.",hoodpass.png,https://www.hoodshares.xyz,01,HoodPass,Robinhood Chain
115,HoodPass,"Season 01 HoodPass on Robinhood Chain. This pass is the door to HoodShares: claim your included pack, open cards, and play Daily Lineup. It is a digital collectible. It is not a security, not a derivative, and not a claim on any stock or company.",hoodpass.png,https://www.hoodshares.xyz,01,HoodPass,Robinhood Chain
116,HoodPass,"Season 01 HoodPass on Robinhood Chain. This pass is the door to HoodShares: claim your included pack, open cards, and play Daily Lineup. It is a digital collectible. It is not a security, not a derivative, and not a claim on any stock or company.",hoodpass.png,https://www.hoodshares.xyz,01,HoodPass,Robinhood Chain
117,HoodPass,"Season 01 HoodPass on Robinhood Chain. This pass is the door to HoodShares: claim your included pack, open cards, and play Daily Lineup. It is a digital collectible. It is not a security, not a derivative, and not a claim on any stock or company.",hoodpass.png,https://www.hoodshares.xyz,01,HoodPass,Robinhood Chain
118,HoodPass,"Season 01 HoodPass on Robinhood Chain. This pass is the door to HoodShares: claim your included pack, open cards, and play Daily Lineup. It is a digital collectible. It is not a security, not a derivative, and not a claim on any stock or company.",hoodpass.png,https://www.hoodshares.xyz,01,HoodPass,Robinhood Chain
119,HoodPass,"Season 01 HoodPass on Robinhood Chain. This pass is the door to HoodShares: claim your included pack, open cards, and play Daily Lineup. It is a digital collectible. It is not a security, not a derivative, and not a claim on any stock or company.",hoodpass.png,https://www.hoodshares.xyz,01,HoodPass,Robinhood Chain
120,HoodPass,"Season 01 HoodPass on Robinhood Chain. This pass is the door to HoodShares: claim your included pack, open cards, and play Daily Lineup. It is a digital collectible. It is not a security, not a derivative, and not a claim on any stock or company.",hoodpass.png,https://www.hoodshares.xyz,01,HoodPass,Robinhood Chain
121,HoodPass,"Season 01 HoodPass on Robinhood Chain. This pass is the door to HoodShares: claim your included pack, open cards, and play Daily Lineup. It is a digital collectible. It is not a security, not a derivative, and not a claim on any stock or company.",hoodpass.png,https://www.hoodshares.xyz,01,HoodPass,Robinhood Chain
122,HoodPass,"Season 01 HoodPass on Robinhood Chain. This pass is the door to HoodShares: claim your included pack, open cards, and play Daily Lineup. It is a digital collectible. It is not a security, not a derivative, and not a claim on any stock or company.",hoodpass.png,https://www.hoodshares.xyz,01,HoodPass,Robinhood Chain
123,HoodPass,"Season 01 HoodPass on Robinhood Chain. This pass is the door to HoodShares: claim your included pack, open cards, and play Daily Lineup. It is a digital collectible. It is not a security, not a derivative, and not a claim on any stock or company.",hoodpass.png,https://www.hoodshares.xyz,01,HoodPass,Robinhood Chain
124,HoodPass,"Season 01 HoodPass on Robinhood Chain. This pass is the door to HoodShares: claim your included pack, open cards, and play Daily Lineup. It is a digital collectible. It is not a security, not a derivative, and not a claim on any stock or company.",hoodpass.png,https://www.hoodshares.xyz,01,HoodPass,Robinhood Chain
125,HoodPass,"Season 01 HoodPass on Robinhood Chain. This pass is the door to HoodShares: claim your included pack, open cards, and play Daily Lineup. It is a digital collectible. It is not a security, not a derivative, and not a claim on any stock or company.",hoodpass.png,https://www.hoodshares.xyz,01,HoodPass,Robinhood Chain
126,HoodPass,"Season 01 HoodPass on Robinhood Chain. This pass is the door to HoodShares: claim your included pack, open cards, and play Daily Lineup. It is a digital collectible. It is not a security, not a derivative, and not a claim on any stock or company.",hoodpass.png,https://www.hoodshares.xyz,01,HoodPass,Robinhood Chain
127,HoodPass,"Season 01 HoodPass on Robinhood Chain. This pass is the door to HoodShares: claim your included pack, open cards, and play Daily Lineup. It is a digital collectible. It is not a security, not a derivative, and not a claim on any stock or company.",hoodpass.png,https://www.hoodshares.xyz,01,HoodPass,Robinhood Chain
128,HoodPass,"Season 01 HoodPass on Robinhood Chain. This pass is the door to HoodShares: claim your included pack, open cards, and play Daily Lineup. It is a digital collectible. It is not a security, not a derivative, and not a claim on any stock or company.",hoodpass.png,https://www.hoodshares.xyz,01,HoodPass,Robinhood Chain
129,HoodPass,"Season 01 HoodPass on Robinhood Chain. This pass is the door to HoodShares: claim your included pack, open cards, and play Daily Lineup. It is a digital collectible. It is not a security, not a derivative, and not a claim on any stock or company.",hoodpass.png,https://www.hoodshares.xyz,01,HoodPass,Robinhood Chain
130,HoodPass,"Season 01 HoodPass on Robinhood Chain. This pass is the door to HoodShares: claim your included pack, open cards, and play Daily Lineup. It is a digital collectible. It is not a security, not a derivative, and not a claim on any stock or company.",hoodpass.png,https://www.hoodshares.xyz,01,HoodPass,Robinhood Chain
131,HoodPass,"Season 01 HoodPass on Robinhood Chain. This pass is the door to HoodShares: claim your included pack, open cards, and play Daily Lineup. It is a digital collectible. It is not a security, not a derivative, and not a claim on any stock or company.",hoodpass.png,https://www.hoodshares.xyz,01,HoodPass,Robinhood Chain
132,HoodPass,"Season 01 HoodPass on Robinhood Chain. This pass is the door to HoodShares: claim your included pack, open cards, and play Daily Lineup. It is a digital collectible. It is not a security, not a derivative, and not a claim on any stock or company.",hoodpass.png,https://www.hoodshares.xyz,01,HoodPass,Robinhood Chain
133,HoodPass,"Season 01 HoodPass on Robinhood Chain. This pass is the door to HoodShares: claim your included pack, open cards, and play Daily Lineup. It is a digital collectible. It is not a security, not a derivative, and not a claim on any stock or company.",hoodpass.png,https://www.hoodshares.xyz,01,HoodPass,Robinhood Chain
134,HoodPass,"Season 01 HoodPass on Robinhood Chain. This pass is the door to HoodShares: claim your included pack, open cards, and play Daily Lineup. It is a digital collectible. It is not a security, not a derivative, and not a claim on any stock or company.",hoodpass.png,https://www.hoodshares.xyz,01,HoodPass,Robinhood Chain
135,HoodPass,"Season 01 HoodPass on Robinhood Chain. This pass is the door to HoodShares: claim your included pack, open cards, and play Daily Lineup. It is a digital collectible. It is not a security, not a derivative, and not a claim on any stock or company.",hoodpass.png,https://www.hoodshares.xyz,01,HoodPass,Robinhood Chain
136,HoodPass,"Season 01 HoodPass on Robinhood Chain. This pass is the door to HoodShares: claim your included pack, open cards, and play Daily Lineup. It is a digital collectible. It is not a security, not a derivative, and not a claim on any stock or company.",hoodpass.png,https://www.hoodshares.xyz,01,HoodPass,Robinhood Chain
137,HoodPass,"Season 01 HoodPass on Robinhood Chain. This pass is the door to HoodShares: claim your included pack, open cards, and play Daily Lineup. It is a digital collectible. It is not a security, not a derivative, and not a claim on any stock or company.",hoodpass.png,https://www.hoodshares.xyz,01,HoodPass,Robinhood Chain
138,HoodPass,"Season 01 HoodPass on Robinhood Chain. This pass is the door to HoodShares: claim your included pack, open cards, and play Daily Lineup. It is a digital collectible. It is not a security, not a derivative, and not a claim on any stock or company.",hoodpass.png,https://www.hoodshares.xyz,01,HoodPass,Robinhood Chain
139,HoodPass,"Season 01 HoodPass on Robinhood Chain. This pass is the door to HoodShares: claim your included pack, open cards, and play Daily Lineup. It is a digital collectible. It is not a security, not a derivative, and not a claim on any stock or company.",hoodpass.png,https://www.hoodshares.xyz,01,HoodPass,Robinhood Chain
140,HoodPass,"Season 01 HoodPass on Robinhood Chain. This pass is the door to HoodShares: claim your included pack, open cards, and play Daily Lineup. It is a digital collectible. It is not a security, not a derivative, and not a claim on any stock or company.",hoodpass.png,https://www.hoodshares.xyz,01,HoodPass,Robinhood Chain
141,HoodPass,"Season 01 HoodPass on Robinhood Chain. This pass is the door to HoodShares: claim your included pack, open cards, and play Daily Lineup. It is a digital collectible. It is not a security, not a derivative, and not a claim on any stock or company.",hoodpass.png,https://www.hoodshares.xyz,01,HoodPass,Robinhood Chain
142,HoodPass,"Season 01 HoodPass on Robinhood Chain. This pass is the door to HoodShares: claim your included pack, open cards, and play Daily Lineup. It is a digital collectible. It is not a security, not a derivative, and not a claim on any stock or company.",hoodpass.png,https://www.hoodshares.xyz,01,HoodPass,Robinhood Chain
143,HoodPass,"Season 01 HoodPass on Robinhood Chain. This pass is the door to HoodShares: claim your included pack, open cards, and play Daily Lineup. It is a digital collectible. It is not a security, not a derivative, and not a claim on any stock or company.",hoodpass.png,https://www.hoodshares.xyz,01,HoodPass,Robinhood Chain
144,HoodPass,"Season 01 HoodPass on Robinhood Chain. This pass is the door to HoodShares: claim your included pack, open cards, and play Daily Lineup. It is a digital collectible. It is not a security, not a derivative, and not a claim on any stock or company.",hoodpass.png,https://www.hoodshares.xyz,01,HoodPass,Robinhood Chain
145,HoodPass,"Season 01 HoodPass on Robinhood Chain. This pass is the door to HoodShares: claim your included pack, open cards, and play Daily Lineup. It is a digital collectible. It is not a security, not a derivative, and not a claim on any stock or company.",hoodpass.png,https://www.hoodshares.xyz,01,HoodPass,Robinhood Chain
146,HoodPass,"Season 01 HoodPass on Robinhood Chain. This pass is the door to HoodShares: claim your included pack, open cards, and play Daily Lineup. It is a digital collectible. It is not a security, not a derivative, and not a claim on any stock or company.",hoodpass.png,https://www.hoodshares.xyz,01,HoodPass,Robinhood Chain
147,HoodPass,"Season 01 HoodPass on Robinhood Chain. This pass is the door to HoodShares: claim your included pack, open cards, and play Daily Lineup. It is a digital collectible. It is not a security, not a derivative, and not a claim on any stock or company.",hoodpass.png,https://www.hoodshares.xyz,01,HoodPass,Robinhood Chain
148,HoodPass,"Season 01 HoodPass on Robinhood Chain. This pass is the door to HoodShares: claim your included pack, open cards, and play Daily Lineup. It is a digital collectible. It is not a security, not a derivative, and not a claim on any stock or company.",hoodpass.png,https://www.hoodshares.xyz,01,HoodPass,Robinhood Chain
149,HoodPass,"Season 01 HoodPass on Robinhood Chain. This pass is the door to HoodShares: claim your included pack, open cards, and play Daily Lineup. It is a digital collectible. It is not a security, not a derivative, and not a claim on any stock or company.",hoodpass.png,https://www.hoodshares.xyz,01,HoodPass,Robinhood Chain
150,HoodPass,"Season 01 HoodPass on Robinhood Chain. This pass is the door to HoodShares: claim your included pack, open cards, and play Daily Lineup. It is a digital collectible. It is not a security, not a derivative, and not a claim on any stock or company.",hoodpass.png,https://www.hoodshares.xyz,01,HoodPass,Robinhood Chain
151,HoodPass,"Season 01 HoodPass on Robinhood Chain. This pass is the door to HoodShares: claim your included pack, open cards, and play Daily Lineup. It is a digital collectible. It is not a security, not a derivative, and not a claim on any stock or company.",hoodpass.png,https://www.hoodshares.xyz,01,HoodPass,Robinhood Chain
152,HoodPass,"Season 01 HoodPass on Robinhood Chain. This pass is the door to HoodShares: claim your included pack, open cards, and play Daily Lineup. It is a digital collectible. It is not a security, not a derivative, and not a claim on any stock or company.",hoodpass.png,https://www.hoodshares.xyz,01,HoodPass,Robinhood Chain
153,HoodPass,"Season 01 HoodPass on Robinhood Chain. This pass is the door to HoodShares: claim your included pack, open cards, and play Daily Lineup. It is a digital collectible. It is not a security, not a derivative, and not a claim on any stock or company.",hoodpass.png,https://www.hoodshares.xyz,01,HoodPass,Robinhood Chain
154,HoodPass,"Season 01 HoodPass on Robinhood Chain. This pass is the door to HoodShares: claim your included pack, open cards, and play Daily Lineup. It is a digital collectible. It is not a security, not a derivative, and not a claim on any stock or company.",hoodpass.png,https://www.hoodshares.xyz,01,HoodPass,Robinhood Chain
155,HoodPass,"Season 01 HoodPass on Robinhood Chain. This pass is the door to HoodShares: claim your included pack, open cards, and play Daily Lineup. It is a digital collectible. It is not a security, not a derivative, and not a claim on any stock or company.",hoodpass.png,https://www.hoodshares.xyz,01,HoodPass,Robinhood Chain
156,HoodPass,"Season 01 HoodPass on Robinhood Chain. This pass is the door to HoodShares: claim your included pack, open cards, and play Daily Lineup. It is a digital collectible. It is not a security, not a derivative, and not a claim on any stock or company.",hoodpass.png,https://www.hoodshares.xyz,01,HoodPass,Robinhood Chain
157,HoodPass,"Season 01 HoodPass on Robinhood Chain. This pass is the door to HoodShares: claim your included pack, open cards, and play Daily Lineup. It is a digital collectible. It is not a security, not a derivative, and not a claim on any stock or company.",hoodpass.png,https://www.hoodshares.xyz,01,HoodPass,Robinhood Chain
158,HoodPass,"Season 01 HoodPass on Robinhood Chain. This pass is the door to HoodShares: claim your included pack, open cards, and play Daily Lineup. It is a digital collectible. It is not a security, not a derivative, and not a claim on any stock or company.",hoodpass.png,https://www.hoodshares.xyz,01,HoodPass,Robinhood Chain
159,HoodPass,"Season 01 HoodPass on Robinhood Chain. This pass is the door to HoodShares: claim your included pack, open cards, and play Daily Lineup. It is a digital collectible. It is not a security, not a derivative, and not a claim on any stock or company.",hoodpass.png,https://www.hoodshares.xyz,01,HoodPass,Robinhood Chain
160,HoodPass,"Season 01 HoodPass on Robinhood Chain. This pass is the door to HoodShares: claim your included pack, open cards, and play Daily Lineup. It is a digital collectible. It is not a security, not a derivative, and not a claim on any stock or company.",hoodpass.png,https://www.hoodshares.xyz,01,HoodPass,Robinhood Chain
161,HoodPass,"Season 01 HoodPass on Robinhood Chain. This pass is the door to HoodShares: claim your included pack, open cards, and play Daily Lineup. It is a digital collectible. It is not a security, not a derivative, and not a claim on any stock or company.",hoodpass.png,https://www.hoodshares.xyz,01,HoodPass,Robinhood Chain
162,HoodPass,"Season 01 HoodPass on Robinhood Chain. This pass is the door to HoodShares: claim your included pack, open cards, and play Daily Lineup. It is a digital collectible. It is not a security, not a derivative, and not a claim on any stock or company.",hoodpass.png,https://www.hoodshares.xyz,01,HoodPass,Robinhood Chain
163,HoodPass,"Season 01 HoodPass on Robinhood Chain. This pass is the door to HoodShares: claim your included pack, open cards, and play Daily Lineup. It is a digital collectible. It is not a security, not a derivative, and not a claim on any stock or company.",hoodpass.png,https://www.hoodshares.xyz,01,HoodPass,Robinhood Chain
164,HoodPass,"Season 01 HoodPass on Robinhood Chain. This pass is the door to HoodShares: claim your included pack, open cards, and play Daily Lineup. It is a digital collectible. It is not a security, not a derivative, and not a claim on any stock or company.",hoodpass.png,https://www.hoodshares.xyz,01,HoodPass,Robinhood Chain
165,HoodPass,"Season 01 HoodPass on Robinhood Chain. This pass is the door to HoodShares: claim your included pack, open cards, and play Daily Lineup. It is a digital collectible. It is not a security, not a derivative, and not a claim on any stock or company.",hoodpass.png,https://www.hoodshares.xyz,01,HoodPass,Robinhood Chain
166,HoodPass,"Season 01 HoodPass on Robinhood Chain. This pass is the door to HoodShares: claim your included pack, open cards, and play Daily Lineup. It is a digital collectible. It is not a security, not a derivative, and not a claim on any stock or company.",hoodpass.png,https://www.hoodshares.xyz,01,HoodPass,Robinhood Chain
167,HoodPass,"Season 01 HoodPass on Robinhood Chain. This pass is the door to HoodShares: claim your included pack, open cards, and play Daily Lineup. It is a digital collectible. It is not a security, not a derivative, and not a claim on any stock or company.",hoodpass.png,https://www.hoodshares.xyz,01,HoodPass,Robinhood Chain
168,HoodPass,"Season 01 HoodPass on Robinhood Chain. This pass is the door to HoodShares: claim your included pack, open cards, and play Daily Lineup. It is a digital collectible. It is not a security, not a derivative, and not a claim on any stock or company.",hoodpass.png,https://www.hoodshares.xyz,01,HoodPass,Robinhood Chain
169,HoodPass,"Season 01 HoodPass on Robinhood Chain. This pass is the door to HoodShares: claim your included pack, open cards, and play Daily Lineup. It is a digital collectible. It is not a security, not a derivative, and not a claim on any stock or company.",hoodpass.png,https://www.hoodshares.xyz,01,HoodPass,Robinhood Chain
170,HoodPass,"Season 01 HoodPass on Robinhood Chain. This pass is the door to HoodShares: claim your included pack, open cards, and play Daily Lineup. It is a digital collectible. It is not a security, not a derivative, and not a claim on any stock or company.",hoodpass.png,https://www.hoodshares.xyz,01,HoodPass,Robinhood Chain
171,HoodPass,"Season 01 HoodPass on Robinhood Chain. This pass is the door to HoodShares: claim your included pack, open cards, and play Daily Lineup. It is a digital collectible. It is not a security, not a derivative, and not a claim on any stock or company.",hoodpass.png,https://www.hoodshares.xyz,01,HoodPass,Robinhood Chain
172,HoodPass,"Season 01 HoodPass on Robinhood Chain. This pass is the door to HoodShares: claim your included pack, open cards, and play Daily Lineup. It is a digital collectible. It is not a security, not a derivative, and not a claim on any stock or company.",hoodpass.png,https://www.hoodshares.xyz,01,HoodPass,Robinhood Chain
173,HoodPass,"Season 01 HoodPass on Robinhood Chain. This pass is the door to HoodShares: claim your included pack, open cards, and play Daily Lineup. It is a digital collectible. It is not a security, not a derivative, and not a claim on any stock or company.",hoodpass.png,https://www.hoodshares.xyz,01,HoodPass,Robinhood Chain
174,HoodPass,"Season 01 HoodPass on Robinhood Chain. This pass is the door to HoodShares: claim your included pack, open cards, and play Daily Lineup. It is a digital collectible. It is not a security, not a derivative, and not a claim on any stock or company.",hoodpass.png,https://www.hoodshares.xyz,01,HoodPass,Robinhood Chain
175,HoodPass,"Season 01 HoodPass on Robinhood Chain. This pass is the door to HoodShares: claim your included pack, open cards, and play Daily Lineup. It is a digital collectible. It is not a security, not a derivative, and not a claim on any stock or company.",hoodpass.png,https://www.hoodshares.xyz,01,HoodPass,Robinhood Chain
176,HoodPass,"Season 01 HoodPass on Robinhood Chain. This pass is the door to HoodShares: claim your included pack, open cards, and play Daily Lineup. It is a digital collectible. It is not a security, not a derivative, and not a claim on any stock or company.",hoodpass.png,https://www.hoodshares.xyz,01,HoodPass,Robinhood Chain
177,HoodPass,"Season 01 HoodPass on Robinhood Chain. This pass is the door to HoodShares: claim your included pack, open cards, and play Daily Lineup. It is a digital collectible. It is not a security, not a derivative, and not a claim on any stock or company.",hoodpass.png,https://www.hoodshares.xyz,01,HoodPass,Robinhood Chain
178,HoodPass,"Season 01 HoodPass on Robinhood Chain. This pass is the door to HoodShares: claim your included pack, open cards, and play Daily Lineup. It is a digital collectible. It is not a security, not a derivative, and not a claim on any stock or company.",hoodpass.png,https://www.hoodshares.xyz,01,HoodPass,Robinhood Chain
179,HoodPass,"Season 01 HoodPass on Robinhood Chain. This pass is the door to HoodShares: claim your included pack, open cards, and play Daily Lineup. It is a digital collectible. It is not a security, not a derivative, and not a claim on any stock or company.",hoodpass.png,https://www.hoodshares.xyz,01,HoodPass,Robinhood Chain
180,HoodPass,"Season 01 HoodPass on Robinhood Chain. This pass is the door to HoodShares: claim your included pack, open cards, and play Daily Lineup. It is a digital collectible. It is not a security, not a derivative, and not a claim on any stock or company.",hoodpass.png,https://www.hoodshares.xyz,01,HoodPass,Robinhood Chain
181,HoodPass,"Season 01 HoodPass on Robinhood Chain. This pass is the door to HoodShares: claim your included pack, open cards, and play Daily Lineup. It is a digital collectible. It is not a security, not a derivative, and not a claim on any stock or company.",hoodpass.png,https://www.hoodshares.xyz,01,HoodPass,Robinhood Chain
182,HoodPass,"Season 01 HoodPass on Robinhood Chain. This pass is the door to HoodShares: claim your included pack, open cards, and play Daily Lineup. It is a digital collectible. It is not a security, not a derivative, and not a claim on any stock or company.",hoodpass.png,https://www.hoodshares.xyz,01,HoodPass,Robinhood Chain
183,HoodPass,"Season 01 HoodPass on Robinhood Chain. This pass is the door to HoodShares: claim your included pack, open cards, and play Daily Lineup. It is a digital collectible. It is not a security, not a derivative, and not a claim on any stock or company.",hoodpass.png,https://www.hoodshares.xyz,01,HoodPass,Robinhood Chain
184,HoodPass,"Season 01 HoodPass on Robinhood Chain. This pass is the door to HoodShares: claim your included pack, open cards, and play Daily Lineup. It is a digital collectible. It is not a security, not a derivative, and not a claim on any stock or company.",hoodpass.png,https://www.hoodshares.xyz,01,HoodPass,Robinhood Chain
185,HoodPass,"Season 01 HoodPass on Robinhood Chain. This pass is the door to HoodShares: claim your included pack, open cards, and play Daily Lineup. It is a digital collectible. It is not a security, not a derivative, and not a claim on any stock or company.",hoodpass.png,https://www.hoodshares.xyz,01,HoodPass,Robinhood Chain
186,HoodPass,"Season 01 HoodPass on Robinhood Chain. This pass is the door to HoodShares: claim your included pack, open cards, and play Daily Lineup. It is a digital collectible. It is not a security, not a derivative, and not a claim on any stock or company.",hoodpass.png,https://www.hoodshares.xyz,01,HoodPass,Robinhood Chain
187,HoodPass,"Season 01 HoodPass on Robinhood Chain. This pass is the door to HoodShares: claim your included pack, open cards, and play Daily Lineup. It is a digital collectible. It is not a security, not a derivative, and not a claim on any stock or company.",hoodpass.png,https://www.hoodshares.xyz,01,HoodPass,Robinhood Chain
188,HoodPass,"Season 01 HoodPass on Robinhood Chain. This pass is the door to HoodShares: claim your included pack, open cards, and play Daily Lineup. It is a digital collectible. It is not a security, not a derivative, and not a claim on any stock or company.",hoodpass.png,https://www.hoodshares.xyz,01,HoodPass,Robinhood Chain
189,HoodPass,"Season 01 HoodPass on Robinhood Chain. This pass is the door to HoodShares: claim your included pack, open cards, and play Daily Lineup. It is a digital collectible. It is not a security, not a derivative, and not a claim on any stock or company.",hoodpass.png,https://www.hoodshares.xyz,01,HoodPass,Robinhood Chain
190,HoodPass,"Season 01 HoodPass on Robinhood Chain. This pass is the door to HoodShares: claim your included pack, open cards, and play Daily Lineup. It is a digital collectible. It is not a security, not a derivative, and not a claim on any stock or company.",hoodpass.png,https://www.hoodshares.xyz,01,HoodPass,Robinhood Chain
191,HoodPass,"Season 01 HoodPass on Robinhood Chain. This pass is the door to HoodShares: claim your included pack, open cards, and play Daily Lineup. It is a digital collectible. It is not a security, not a derivative, and not a claim on any stock or company.",hoodpass.png,https://www.hoodshares.xyz,01,HoodPass,Robinhood Chain
192,HoodPass,"Season 01 HoodPass on Robinhood Chain. This pass is the door to HoodShares: claim your included pack, open cards, and play Daily Lineup. It is a digital collectible. It is not a security, not a derivative, and not a claim on any stock or company.",hoodpass.png,https://www.hoodshares.xyz,01,HoodPass,Robinhood Chain
193,HoodPass,"Season 01 HoodPass on Robinhood Chain. This pass is the door to HoodShares: claim your included pack, open cards, and play Daily Lineup. It is a digital collectible. It is not a security, not a derivative, and not a claim on any stock or company.",hoodpass.png,https://www.hoodshares.xyz,01,HoodPass,Robinhood Chain
194,HoodPass,"Season 01 HoodPass on Robinhood Chain. This pass is the door to HoodShares: claim your included pack, open cards, and play Daily Lineup. It is a digital collectible. It is not a security, not a derivative, and not a claim on any stock or company.",hoodpass.png,https://www.hoodshares.xyz,01,HoodPass,Robinhood Chain
195,HoodPass,"Season 01 HoodPass on Robinhood Chain. This pass is the door to HoodShares: claim your included pack, open cards, and play Daily Lineup. It is a digital collectible. It is not a security, not a derivative, and not a claim on any stock or company.",hoodpass.png,https://www.hoodshares.xyz,01,HoodPass,Robinhood Chain
196,HoodPass,"Season 01 HoodPass on Robinhood Chain. This pass is the door to HoodShares: claim your included pack, open cards, and play Daily Lineup. It is a digital collectible. It is not a security, not a derivative, and not a claim on any stock or company.",hoodpass.png,https://www.hoodshares.xyz,01,HoodPass,Robinhood Chain
197,HoodPass,"Season 01 HoodPass on Robinhood Chain. This pass is the door to HoodShares: claim your included pack, open cards, and play Daily Lineup. It is a digital collectible. It is not a security, not a derivative, and not a claim on any stock or company.",hoodpass.png,https://www.hoodshares.xyz,01,HoodPass,Robinhood Chain
198,HoodPass,"Season 01 HoodPass on Robinhood Chain. This pass is the door to HoodShares: claim your included pack, open cards, and play Daily Lineup. It is a digital collectible. It is not a security, not a derivative, and not a claim on any stock or company.",hoodpass.png,https://www.hoodshares.xyz,01,HoodPass,Robinhood Chain
199,HoodPass,"Season 01 HoodPass on Robinhood Chain. This pass is the door to HoodShares: claim your included pack, open cards, and play Daily Lineup. It is a digital collectible. It is not a security, not a derivative, and not a claim on any stock or company.",hoodpass.png,https://www.hoodshares.xyz,01,HoodPass,Robinhood Chain
200,HoodPass,"Season 01 HoodPass on Robinhood Chain. This pass is the door to HoodShares: claim your included pack, open cards, and play Daily Lineup. It is a digital collectible. It is not a security, not a derivative, and not a claim on any stock or company.",hoodpass.png,https://www.hoodshares.xyz,01,HoodPass,Robinhood Chain
201,HoodPass,"Season 01 HoodPass on Robinhood Chain. This pass is the door to HoodShares: claim your included pack, open cards, and play Daily Lineup. It is a digital collectible. It is not a security, not a derivative, and not a claim on any stock or company.",hoodpass.png,https://www.hoodshares.xyz,01,HoodPass,Robinhood Chain
202,HoodPass,"Season 01 HoodPass on Robinhood Chain. This pass is the door to HoodShares: claim your included pack, open cards, and play Daily Lineup. It is a digital collectible. It is not a security, not a derivative, and not a claim on any stock or company.",hoodpass.png,https://www.hoodshares.xyz,01,HoodPass,Robinhood Chain
203,HoodPass,"Season 01 HoodPass on Robinhood Chain. This pass is the door to HoodShares: claim your included pack, open cards, and play Daily Lineup. It is a digital collectible. It is not a security, not a derivative, and not a claim on any stock or company.",hoodpass.png,https://www.hoodshares.xyz,01,HoodPass,Robinhood Chain
204,HoodPass,"Season 01 HoodPass on Robinhood Chain. This pass is the door to HoodShares: claim your included pack, open cards, and play Daily Lineup. It is a digital collectible. It is not a security, not a derivative, and not a claim on any stock or company.",hoodpass.png,https://www.hoodshares.xyz,01,HoodPass,Robinhood Chain
205,HoodPass,"Season 01 HoodPass on Robinhood Chain. This pass is the door to HoodShares: claim your included pack, open cards, and play Daily Lineup. It is a digital collectible. It is not a security, not a derivative, and not a claim on any stock or company.",hoodpass.png,https://www.hoodshares.xyz,01,HoodPass,Robinhood Chain
206,HoodPass,"Season 01 HoodPass on Robinhood Chain. This pass is the door to HoodShares: claim your included pack, open cards, and play Daily Lineup. It is a digital collectible. It is not a security, not a derivative, and not a claim on any stock or company.",hoodpass.png,https://www.hoodshares.xyz,01,HoodPass,Robinhood Chain
207,HoodPass,"Season 01 HoodPass on Robinhood Chain. This pass is the door to HoodShares: claim your included pack, open cards, and play Daily Lineup. It is a digital collectible. It is not a security, not a derivative, and not a claim on any stock or company.",hoodpass.png,https://www.hoodshares.xyz,01,HoodPass,Robinhood Chain
208,HoodPass,"Season 01 HoodPass on Robinhood Chain. This pass is the door to HoodShares: claim your included pack, open cards, and play Daily Lineup. It is a digital collectible. It is not a security, not a derivative, and not a claim on any stock or company.",hoodpass.png,https://www.hoodshares.xyz,01,HoodPass,Robinhood Chain
209,HoodPass,"Season 01 HoodPass on Robinhood Chain. This pass is the door to HoodShares: claim your included pack, open cards, and play Daily Lineup. It is a digital collectible. It is not a security, not a derivative, and not a claim on any stock or company.",hoodpass.png,https://www.hoodshares.xyz,01,HoodPass,Robinhood Chain
210,HoodPass,"Season 01 HoodPass on Robinhood Chain. This pass is the door to HoodShares: claim your included pack, open cards, and play Daily Lineup. It is a digital collectible. It is not a security, not a derivative, and not a claim on any stock or company.",hoodpass.png,https://www.hoodshares.xyz,01,HoodPass,Robinhood Chain
211,HoodPass,"Season 01 HoodPass on Robinhood Chain. This pass is the door to HoodShares: claim your included pack, open cards, and play Daily Lineup. It is a digital collectible. It is not a security, not a derivative, and not a claim on any stock or company.",hoodpass.png,https://www.hoodshares.xyz,01,HoodPass,Robinhood Chain
212,HoodPass,"Season 01 HoodPass on Robinhood Chain. This pass is the door to HoodShares: claim your included pack, open cards, and play Daily Lineup. It is a digital collectible. It is not a security, not a derivative, and not a claim on any stock or company.",hoodpass.png,https://www.hoodshares.xyz,01,HoodPass,Robinhood Chain
213,HoodPass,"Season 01 HoodPass on Robinhood Chain. This pass is the door to HoodShares: claim your included pack, open cards, and play Daily Lineup. It is a digital collectible. It is not a security, not a derivative, and not a claim on any stock or company.",hoodpass.png,https://www.hoodshares.xyz,01,HoodPass,Robinhood Chain
214,HoodPass,"Season 01 HoodPass on Robinhood Chain. This pass is the door to HoodShares: claim your included pack, open cards, and play Daily Lineup. It is a digital collectible. It is not a security, not a derivative, and not a claim on any stock or company.",hoodpass.png,https://www.hoodshares.xyz,01,HoodPass,Robinhood Chain
215,HoodPass,"Season 01 HoodPass on Robinhood Chain. This pass is the door to HoodShares: claim your included pack, open cards, and play Daily Lineup. It is a digital collectible. It is not a security, not a derivative, and not a claim on any stock or company.",hoodpass.png,https://www.hoodshares.xyz,01,HoodPass,Robinhood Chain
216,HoodPass,"Season 01 HoodPass on Robinhood Chain. This pass is the door to HoodShares: claim your included pack, open cards, and play Daily Lineup. It is a digital collectible. It is not a security, not a derivative, and not a claim on any stock or company.",hoodpass.png,https://www.hoodshares.xyz,01,HoodPass,Robinhood Chain
217,HoodPass,"Season 01 HoodPass on Robinhood Chain. This pass is the door to HoodShares: claim your included pack, open cards, and play Daily Lineup. It is a digital collectible. It is not a security, not a derivative, and not a claim on any stock or company.",hoodpass.png,https://www.hoodshares.xyz,01,HoodPass,Robinhood Chain
218,HoodPass,"Season 01 HoodPass on Robinhood Chain. This pass is the door to HoodShares: claim your included pack, open cards, and play Daily Lineup. It is a digital collectible. It is not a security, not a derivative, and not a claim on any stock or company.",hoodpass.png,https://www.hoodshares.xyz,01,HoodPass,Robinhood Chain
219,HoodPass,"Season 01 HoodPass on Robinhood Chain. This pass is the door to HoodShares: claim your included pack, open cards, and play Daily Lineup. It is a digital collectible. It is not a security, not a derivative, and not a claim on any stock or company.",hoodpass.png,https://www.hoodshares.xyz,01,HoodPass,Robinhood Chain
220,HoodPass,"Season 01 HoodPass on Robinhood Chain. This pass is the door to HoodShares: claim your included pack, open cards, and play Daily Lineup. It is a digital collectible. It is not a security, not a derivative, and not a claim on any stock or company.",hoodpass.png,https://www.hoodshares.xyz,01,HoodPass,Robinhood Chain
221,HoodPass,"Season 01 HoodPass on Robinhood Chain. This pass is the door to HoodShares: claim your included pack, open cards, and play Daily Lineup. It is a digital collectible. It is not a security, not a derivative, and not a claim on any stock or company.",hoodpass.png,https://www.hoodshares.xyz,01,HoodPass,Robinhood Chain
222,HoodPass,"Season 01 HoodPass on Robinhood Chain. This pass is the door to HoodShares: claim your included pack, open cards, and play Daily Lineup. It is a digital collectible. It is not a security, not a derivative, and not a claim on any stock or company.",hoodpass.png,https://www.hoodshares.xyz,01,HoodPass,Robinhood Chain
223,HoodPass,"Season 01 HoodPass on Robinhood Chain. This pass is the door to HoodShares: claim your included pack, open cards, and play Daily Lineup. It is a digital collectible. It is not a security, not a derivative, and not a claim on any stock or company.",hoodpass.png,https://www.hoodshares.xyz,01,HoodPass,Robinhood Chain
224,HoodPass,"Season 01 HoodPass on Robinhood Chain. This pass is the door to HoodShares: claim your included pack, open cards, and play Daily Lineup. It is a digital collectible. It is not a security, not a derivative, and not a claim on any stock or company.",hoodpass.png,https://www.hoodshares.xyz,01,HoodPass,Robinhood Chain
225,HoodPass,"Season 01 HoodPass on Robinhood Chain. This pass is the door to HoodShares: claim your included pack, open cards, and play Daily Lineup. It is a digital collectible. It is not a security, not a derivative, and not a claim on any stock or company.",hoodpass.png,https://www.hoodshares.xyz,01,HoodPass,Robinhood Chain
226,HoodPass,"Season 01 HoodPass on Robinhood Chain. This pass is the door to HoodShares: claim your included pack, open cards, and play Daily Lineup. It is a digital collectible. It is not a security, not a derivative, and not a claim on any stock or company.",hoodpass.png,https://www.hoodshares.xyz,01,HoodPass,Robinhood Chain
227,HoodPass,"Season 01 HoodPass on Robinhood Chain. This pass is the door to HoodShares: claim your included pack, open cards, and play Daily Lineup. It is a digital collectible. It is not a security, not a derivative, and not a claim on any stock or company.",hoodpass.png,https://www.hoodshares.xyz,01,HoodPass,Robinhood Chain
228,HoodPass,"Season 01 HoodPass on Robinhood Chain. This pass is the door to HoodShares: claim your included pack, open cards, and play Daily Lineup. It is a digital collectible. It is not a security, not a derivative, and not a claim on any stock or company.",hoodpass.png,https://www.hoodshares.xyz,01,HoodPass,Robinhood Chain
229,HoodPass,"Season 01 HoodPass on Robinhood Chain. This pass is the door to HoodShares: claim your included pack, open cards, and play Daily Lineup. It is a digital collectible. It is not a security, not a derivative, and not a claim on any stock or company.",hoodpass.png,https://www.hoodshares.xyz,01,HoodPass,Robinhood Chain
230,HoodPass,"Season 01 HoodPass on Robinhood Chain. This pass is the door to HoodShares: claim your included pack, open cards, and play Daily Lineup. It is a digital collectible. It is not a security, not a derivative, and not a claim on any stock or company.",hoodpass.png,https://www.hoodshares.xyz,01,HoodPass,Robinhood Chain
231,HoodPass,"Season 01 HoodPass on Robinhood Chain. This pass is the door to HoodShares: claim your included pack, open cards, and play Daily Lineup. It is a digital collectible. It is not a security, not a derivative, and not a claim on any stock or company.",hoodpass.png,https://www.hoodshares.xyz,01,HoodPass,Robinhood Chain
232,HoodPass,"Season 01 HoodPass on Robinhood Chain. This pass is the door to HoodShares: claim your included pack, open cards, and play Daily Lineup. It is a digital collectible. It is not a security, not a derivative, and not a claim on any stock or company.",hoodpass.png,https://www.hoodshares.xyz,01,HoodPass,Robinhood Chain
233,HoodPass,"Season 01 HoodPass on Robinhood Chain. This pass is the door to HoodShares: claim your included pack, open cards, and play Daily Lineup. It is a digital collectible. It is not a security, not a derivative, and not a claim on any stock or company.",hoodpass.png,https://www.hoodshares.xyz,01,HoodPass,Robinhood Chain
234,HoodPass,"Season 01 HoodPass on Robinhood Chain. This pass is the door to HoodShares: claim your included pack, open cards, and play Daily Lineup. It is a digital collectible. It is not a security, not a derivative, and not a claim on any stock or company.",hoodpass.png,https://www.hoodshares.xyz,01,HoodPass,Robinhood Chain
235,HoodPass,"Season 01 HoodPass on Robinhood Chain. This pass is the door to HoodShares: claim your included pack, open cards, and play Daily Lineup. It is a digital collectible. It is not a security, not a derivative, and not a claim on any stock or company.",hoodpass.png,https://www.hoodshares.xyz,01,HoodPass,Robinhood Chain
236,HoodPass,"Season 01 HoodPass on Robinhood Chain. This pass is the door to HoodShares: claim your included pack, open cards, and play Daily Lineup. It is a digital collectible. It is not a security, not a derivative, and not a claim on any stock or company.",hoodpass.png,https://www.hoodshares.xyz,01,HoodPass,Robinhood Chain
237,HoodPass,"Season 01 HoodPass on Robinhood Chain. This pass is the door to HoodShares: claim your included pack, open cards, and play Daily Lineup. It is a digital collectible. It is not a security, not a derivative, and not a claim on any stock or company.",hoodpass.png,https://www.hoodshares.xyz,01,HoodPass,Robinhood Chain
238,HoodPass,"Season 01 HoodPass on Robinhood Chain. This pass is the door to HoodShares: claim your included pack, open cards, and play Daily Lineup. It is a digital collectible. It is not a security, not a derivative, and not a claim on any stock or company.",hoodpass.png,https://www.hoodshares.xyz,01,HoodPass,Robinhood Chain
239,HoodPass,"Season 01 HoodPass on Robinhood Chain. This pass is the door to HoodShares: claim your included pack, open cards, and play Daily Lineup. It is a digital collectible. It is not a security, not a derivative, and not a claim on any stock or company.",hoodpass.png,https://www.hoodshares.xyz,01,HoodPass,Robinhood Chain
240,HoodPass,"Season 01 HoodPass on Robinhood Chain. This pass is the door to HoodShares: claim your included pack, open cards, and play Daily Lineup. It is a digital collectible. It is not a security, not a derivative, and not a claim on any stock or company.",hoodpass.png,https://www.hoodshares.xyz,01,HoodPass,Robinhood Chain
241,HoodPass,"Season 01 HoodPass on Robinhood Chain. This pass is the door to HoodShares: claim your included pack, open cards, and play Daily Lineup. It is a digital collectible. It is not a security, not a derivative, and not a claim on any stock or company.",hoodpass.png,https://www.hoodshares.xyz,01,HoodPass,Robinhood Chain
242,HoodPass,"Season 01 HoodPass on Robinhood Chain. This pass is the door to HoodShares: claim your included pack, open cards, and play Daily Lineup. It is a digital collectible. It is not a security, not a derivative, and not a claim on any stock or company.",hoodpass.png,https://www.hoodshares.xyz,01,HoodPass,Robinhood Chain
243,HoodPass,"Season 01 HoodPass on Robinhood Chain. This pass is the door to HoodShares: claim your included pack, open cards, and play Daily Lineup. It is a digital collectible. It is not a security, not a derivative, and not a claim on any stock or company.",hoodpass.png,https://www.hoodshares.xyz,01,HoodPass,Robinhood Chain
244,HoodPass,"Season 01 HoodPass on Robinhood Chain. This pass is the door to HoodShares: claim your included pack, open cards, and play Daily Lineup. It is a digital collectible. It is not a security, not a derivative, and not a claim on any stock or company.",hoodpass.png,https://www.hoodshares.xyz,01,HoodPass,Robinhood Chain
245,HoodPass,"Season 01 HoodPass on Robinhood Chain. This pass is the door to HoodShares: claim your included pack, open cards, and play Daily Lineup. It is a digital collectible. It is not a security, not a derivative, and not a claim on any stock or company.",hoodpass.png,https://www.hoodshares.xyz,01,HoodPass,Robinhood Chain
246,HoodPass,"Season 01 HoodPass on Robinhood Chain. This pass is the door to HoodShares: claim your included pack, open cards, and play Daily Lineup. It is a digital collectible. It is not a security, not a derivative, and not a claim on any stock or company.",hoodpass.png,https://www.hoodshares.xyz,01,HoodPass,Robinhood Chain
247,HoodPass,"Season 01 HoodPass on Robinhood Chain. This pass is the door to HoodShares: claim your included pack, open cards, and play Daily Lineup. It is a digital collectible. It is not a security, not a derivative, and not a claim on any stock or company.",hoodpass.png,https://www.hoodshares.xyz,01,HoodPass,Robinhood Chain
248,HoodPass,"Season 01 HoodPass on Robinhood Chain. This pass is the door to HoodShares: claim your included pack, open cards, and play Daily Lineup. It is a digital collectible. It is not a security, not a derivative, and not a claim on any stock or company.",hoodpass.png,https://www.hoodshares.xyz,01,HoodPass,Robinhood Chain
249,HoodPass,"Season 01 HoodPass on Robinhood Chain. This pass is the door to HoodShares: claim your included pack, open cards, and play Daily Lineup. It is a digital collectible. It is not a security, not a derivative, and not a claim on any stock or company.",hoodpass.png,https://www.hoodshares.xyz,01,HoodPass,Robinhood Chain
250,HoodPass,"Season 01 HoodPass on Robinhood Chain. This pass is the door to HoodShares: claim your included pack, open cards, and play Daily Lineup. It is a digital collectible. It is not a security, not a derivative, and not a claim on any stock or company.",hoodpass.png,https://www.hoodshares.xyz,01,HoodPass,Robinhood Chain
251,HoodPass,"Season 01 HoodPass on Robinhood Chain. This pass is the door to HoodShares: claim your included pack, open cards, and play Daily Lineup. It is a digital collectible. It is not a security, not a derivative, and not a claim on any stock or company.",hoodpass.png,https://www.hoodshares.xyz,01,HoodPass,Robinhood Chain
252,HoodPass,"Season 01 HoodPass on Robinhood Chain. This pass is the door to HoodShares: claim your included pack, open cards, and play Daily Lineup. It is a digital collectible. It is not a security, not a derivative, and not a claim on any stock or company.",hoodpass.png,https://www.hoodshares.xyz,01,HoodPass,Robinhood Chain
253,HoodPass,"Season 01 HoodPass on Robinhood Chain. This pass is the door to HoodShares: claim your included pack, open cards, and play Daily Lineup. It is a digital collectible. It is not a security, not a derivative, and not a claim on any stock or company.",hoodpass.png,https://www.hoodshares.xyz,01,HoodPass,Robinhood Chain
254,HoodPass,"Season 01 HoodPass on Robinhood Chain. This pass is the door to HoodShares: claim your included pack, open cards, and play Daily Lineup. It is a digital collectible. It is not a security, not a derivative, and not a claim on any stock or company.",hoodpass.png,https://www.hoodshares.xyz,01,HoodPass,Robinhood Chain
255,HoodPass,"Season 01 HoodPass on Robinhood Chain. This pass is the door to HoodShares: claim your included pack, open cards, and play Daily Lineup. It is a digital collectible. It is not a security, not a derivative, and not a claim on any stock or company.",hoodpass.png,https://www.hoodshares.xyz,01,HoodPass,Robinhood Chain
256,HoodPass,"Season 01 HoodPass on Robinhood Chain. This pass is the door to HoodShares: claim your included pack, open cards, and play Daily Lineup. It is a digital collectible. It is not a security, not a derivative, and not a claim on any stock or company.",hoodpass.png,https://www.hoodshares.xyz,01,HoodPass,Robinhood Chain
257,HoodPass,"Season 01 HoodPass on Robinhood Chain. This pass is the door to HoodShares: claim your included pack, open cards, and play Daily Lineup. It is a digital collectible. It is not a security, not a derivative, and not a claim on any stock or company.",hoodpass.png,https://www.hoodshares.xyz,01,HoodPass,Robinhood Chain
258,HoodPass,"Season 01 HoodPass on Robinhood Chain. This pass is the door to HoodShares: claim your included pack, open cards, and play Daily Lineup. It is a digital collectible. It is not a security, not a derivative, and not a claim on any stock or company.",hoodpass.png,https://www.hoodshares.xyz,01,HoodPass,Robinhood Chain
259,HoodPass,"Season 01 HoodPass on Robinhood Chain. This pass is the door to HoodShares: claim your included pack, open cards, and play Daily Lineup. It is a digital collectible. It is not a security, not a derivative, and not a claim on any stock or company.",hoodpass.png,https://www.hoodshares.xyz,01,HoodPass,Robinhood Chain
260,HoodPass,"Season 01 HoodPass on Robinhood Chain. This pass is the door to HoodShares: claim your included pack, open cards, and play Daily Lineup. It is a digital collectible. It is not a security, not a derivative, and not a claim on any stock or company.",hoodpass.png,https://www.hoodshares.xyz,01,HoodPass,Robinhood Chain
261,HoodPass,"Season 01 HoodPass on Robinhood Chain. This pass is the door to HoodShares: claim your included pack, open cards, and play Daily Lineup. It is a digital collectible. It is not a security, not a derivative, and not a claim on any stock or company.",hoodpass.png,https://www.hoodshares.xyz,01,HoodPass,Robinhood Chain
262,HoodPass,"Season 01 HoodPass on Robinhood Chain. This pass is the door to HoodShares: claim your included pack, open cards, and play Daily Lineup. It is a digital collectible. It is not a security, not a derivative, and not a claim on any stock or company.",hoodpass.png,https://www.hoodshares.xyz,01,HoodPass,Robinhood Chain
263,HoodPass,"Season 01 HoodPass on Robinhood Chain. This pass is the door to HoodShares: claim your included pack, open cards, and play Daily Lineup. It is a digital collectible. It is not a security, not a derivative, and not a claim on any stock or company.",hoodpass.png,https://www.hoodshares.xyz,01,HoodPass,Robinhood Chain
264,HoodPass,"Season 01 HoodPass on Robinhood Chain. This pass is the door to HoodShares: claim your included pack, open cards, and play Daily Lineup. It is a digital collectible. It is not a security, not a derivative, and not a claim on any stock or company.",hoodpass.png,https://www.hoodshares.xyz,01,HoodPass,Robinhood Chain
265,HoodPass,"Season 01 HoodPass on Robinhood Chain. This pass is the door to HoodShares: claim your included pack, open cards, and play Daily Lineup. It is a digital collectible. It is not a security, not a derivative, and not a claim on any stock or company.",hoodpass.png,https://www.hoodshares.xyz,01,HoodPass,Robinhood Chain
266,HoodPass,"Season 01 HoodPass on Robinhood Chain. This pass is the door to HoodShares: claim your included pack, open cards, and play Daily Lineup. It is a digital collectible. It is not a security, not a derivative, and not a claim on any stock or company.",hoodpass.png,https://www.hoodshares.xyz,01,HoodPass,Robinhood Chain
267,HoodPass,"Season 01 HoodPass on Robinhood Chain. This pass is the door to HoodShares: claim your included pack, open cards, and play Daily Lineup. It is a digital collectible. It is not a security, not a derivative, and not a claim on any stock or company.",hoodpass.png,https://www.hoodshares.xyz,01,HoodPass,Robinhood Chain
268,HoodPass,"Season 01 HoodPass on Robinhood Chain. This pass is the door to HoodShares: claim your included pack, open cards, and play Daily Lineup. It is a digital collectible. It is not a security, not a derivative, and not a claim on any stock or company.",hoodpass.png,https://www.hoodshares.xyz,01,HoodPass,Robinhood Chain
269,HoodPass,"Season 01 HoodPass on Robinhood Chain. This pass is the door to HoodShares: claim your included pack, open cards, and play Daily Lineup. It is a digital collectible. It is not a security, not a derivative, and not a claim on any stock or company.",hoodpass.png,https://www.hoodshares.xyz,01,HoodPass,Robinhood Chain
270,HoodPass,"Season 01 HoodPass on Robinhood Chain. This pass is the door to HoodShares: claim your included pack, open cards, and play Daily Lineup. It is a digital collectible. It is not a security, not a derivative, and not a claim on any stock or company.",hoodpass.png,https://www.hoodshares.xyz,01,HoodPass,Robinhood Chain
271,HoodPass,"Season 01 HoodPass on Robinhood Chain. This pass is the door to HoodShares: claim your included pack, open cards, and play Daily Lineup. It is a digital collectible. It is not a security, not a derivative, and not a claim on any stock or company.",hoodpass.png,https://www.hoodshares.xyz,01,HoodPass,Robinhood Chain
272,HoodPass,"Season 01 HoodPass on Robinhood Chain. This pass is the door to HoodShares: claim your included pack, open cards, and play Daily Lineup. It is a digital collectible. It is not a security, not a derivative, and not a claim on any stock or company.",hoodpass.png,https://www.hoodshares.xyz,01,HoodPass,Robinhood Chain
273,HoodPass,"Season 01 HoodPass on Robinhood Chain. This pass is the door to HoodShares: claim your included pack, open cards, and play Daily Lineup. It is a digital collectible. It is not a security, not a derivative, and not a claim on any stock or company.",hoodpass.png,https://www.hoodshares.xyz,01,HoodPass,Robinhood Chain
274,HoodPass,"Season 01 HoodPass on Robinhood Chain. This pass is the door to HoodShares: claim your included pack, open cards, and play Daily Lineup. It is a digital collectible. It is not a security, not a derivative, and not a claim on any stock or company.",hoodpass.png,https://www.hoodshares.xyz,01,HoodPass,Robinhood Chain
275,HoodPass,"Season 01 HoodPass on Robinhood Chain. This pass is the door to HoodShares: claim your included pack, open cards, and play Daily Lineup. It is a digital collectible. It is not a security, not a derivative, and not a claim on any stock or company.",hoodpass.png,https://www.hoodshares.xyz,01,HoodPass,Robinhood Chain
276,HoodPass,"Season 01 HoodPass on Robinhood Chain. This pass is the door to HoodShares: claim your included pack, open cards, and play Daily Lineup. It is a digital collectible. It is not a security, not a derivative, and not a claim on any stock or company.",hoodpass.png,https://www.hoodshares.xyz,01,HoodPass,Robinhood Chain
277,HoodPass,"Season 01 HoodPass on Robinhood Chain. This pass is the door to HoodShares: claim your included pack, open cards, and play Daily Lineup. It is a digital collectible. It is not a security, not a derivative, and not a claim on any stock or company.",hoodpass.png,https://www.hoodshares.xyz,01,HoodPass,Robinhood Chain
278,HoodPass,"Season 01 HoodPass on Robinhood Chain. This pass is the door to HoodShares: claim your included pack, open cards, and play Daily Lineup. It is a digital collectible. It is not a security, not a derivative, and not a claim on any stock or company.",hoodpass.png,https://www.hoodshares.xyz,01,HoodPass,Robinhood Chain
279,HoodPass,"Season 01 HoodPass on Robinhood Chain. This pass is the door to HoodShares: claim your included pack, open cards, and play Daily Lineup. It is a digital collectible. It is not a security, not a derivative, and not a claim on any stock or company.",hoodpass.png,https://www.hoodshares.xyz,01,HoodPass,Robinhood Chain
280,HoodPass,"Season 01 HoodPass on Robinhood Chain. This pass is the door to HoodShares: claim your included pack, open cards, and play Daily Lineup. It is a digital collectible. It is not a security, not a derivative, and not a claim on any stock or company.",hoodpass.png,https://www.hoodshares.xyz,01,HoodPass,Robinhood Chain
281,HoodPass,"Season 01 HoodPass on Robinhood Chain. This pass is the door to HoodShares: claim your included pack, open cards, and play Daily Lineup. It is a digital collectible. It is not a security, not a derivative, and not a claim on any stock or company.",hoodpass.png,https://www.hoodshares.xyz,01,HoodPass,Robinhood Chain
282,HoodPass,"Season 01 HoodPass on Robinhood Chain. This pass is the door to HoodShares: claim your included pack, open cards, and play Daily Lineup. It is a digital collectible. It is not a security, not a derivative, and not a claim on any stock or company.",hoodpass.png,https://www.hoodshares.xyz,01,HoodPass,Robinhood Chain
283,HoodPass,"Season 01 HoodPass on Robinhood Chain. This pass is the door to HoodShares: claim your included pack, open cards, and play Daily Lineup. It is a digital collectible. It is not a security, not a derivative, and not a claim on any stock or company.",hoodpass.png,https://www.hoodshares.xyz,01,HoodPass,Robinhood Chain
284,HoodPass,"Season 01 HoodPass on Robinhood Chain. This pass is the door to HoodShares: claim your included pack, open cards, and play Daily Lineup. It is a digital collectible. It is not a security, not a derivative, and not a claim on any stock or company.",hoodpass.png,https://www.hoodshares.xyz,01,HoodPass,Robinhood Chain
285,HoodPass,"Season 01 HoodPass on Robinhood Chain. This pass is the door to HoodShares: claim your included pack, open cards, and play Daily Lineup. It is a digital collectible. It is not a security, not a derivative, and not a claim on any stock or company.",hoodpass.png,https://www.hoodshares.xyz,01,HoodPass,Robinhood Chain
286,HoodPass,"Season 01 HoodPass on Robinhood Chain. This pass is the door to HoodShares: claim your included pack, open cards, and play Daily Lineup. It is a digital collectible. It is not a security, not a derivative, and not a claim on any stock or company.",hoodpass.png,https://www.hoodshares.xyz,01,HoodPass,Robinhood Chain
287,HoodPass,"Season 01 HoodPass on Robinhood Chain. This pass is the door to HoodShares: claim your included pack, open cards, and play Daily Lineup. It is a digital collectible. It is not a security, not a derivative, and not a claim on any stock or company.",hoodpass.png,https://www.hoodshares.xyz,01,HoodPass,Robinhood Chain
288,HoodPass,"Season 01 HoodPass on Robinhood Chain. This pass is the door to HoodShares: claim your included pack, open cards, and play Daily Lineup. It is a digital collectible. It is not a security, not a derivative, and not a claim on any stock or company.",hoodpass.png,https://www.hoodshares.xyz,01,HoodPass,Robinhood Chain
289,HoodPass,"Season 01 HoodPass on Robinhood Chain. This pass is the door to HoodShares: claim your included pack, open cards, and play Daily Lineup. It is a digital collectible. It is not a security, not a derivative, and not a claim on any stock or company.",hoodpass.png,https://www.hoodshares.xyz,01,HoodPass,Robinhood Chain
290,HoodPass,"Season 01 HoodPass on Robinhood Chain. This pass is the door to HoodShares: claim your included pack, open cards, and play Daily Lineup. It is a digital collectible. It is not a security, not a derivative, and not a claim on any stock or company.",hoodpass.png,https://www.hoodshares.xyz,01,HoodPass,Robinhood Chain
291,HoodPass,"Season 01 HoodPass on Robinhood Chain. This pass is the door to HoodShares: claim your included pack, open cards, and play Daily Lineup. It is a digital collectible. It is not a security, not a derivative, and not a claim on any stock or company.",hoodpass.png,https://www.hoodshares.xyz,01,HoodPass,Robinhood Chain
292,HoodPass,"Season 01 HoodPass on Robinhood Chain. This pass is the door to HoodShares: claim your included pack, open cards, and play Daily Lineup. It is a digital collectible. It is not a security, not a derivative, and not a claim on any stock or company.",hoodpass.png,https://www.hoodshares.xyz,01,HoodPass,Robinhood Chain
293,HoodPass,"Season 01 HoodPass on Robinhood Chain. This pass is the door to HoodShares: claim your included pack, open cards, and play Daily Lineup. It is a digital collectible. It is not a security, not a derivative, and not a claim on any stock or company.",hoodpass.png,https://www.hoodshares.xyz,01,HoodPass,Robinhood Chain
294,HoodPass,"Season 01 HoodPass on Robinhood Chain. This pass is the door to HoodShares: claim your included pack, open cards, and play Daily Lineup. It is a digital collectible. It is not a security, not a derivative, and not a claim on any stock or company.",hoodpass.png,https://www.hoodshares.xyz,01,HoodPass,Robinhood Chain
295,HoodPass,"Season 01 HoodPass on Robinhood Chain. This pass is the door to HoodShares: claim your included pack, open cards, and play Daily Lineup. It is a digital collectible. It is not a security, not a derivative, and not a claim on any stock or company.",hoodpass.png,https://www.hoodshares.xyz,01,HoodPass,Robinhood Chain
296,HoodPass,"Season 01 HoodPass on Robinhood Chain. This pass is the door to HoodShares: claim your included pack, open cards, and play Daily Lineup. It is a digital collectible. It is not a security, not a derivative, and not a claim on any stock or company.",hoodpass.png,https://www.hoodshares.xyz,01,HoodPass,Robinhood Chain
297,HoodPass,"Season 01 HoodPass on Robinhood Chain. This pass is the door to HoodShares: claim your included pack, open cards, and play Daily Lineup. It is a digital collectible. It is not a security, not a derivative, and not a claim on any stock or company.",hoodpass.png,https://www.hoodshares.xyz,01,HoodPass,Robinhood Chain
298,HoodPass,"Season 01 HoodPass on Robinhood Chain. This pass is the door to HoodShares: claim your included pack, open cards, and play Daily Lineup. It is a digital collectible. It is not a security, not a derivative, and not a claim on any stock or company.",hoodpass.png,https://www.hoodshares.xyz,01,HoodPass,Robinhood Chain
299,HoodPass,"Season 01 HoodPass on Robinhood Chain. This pass is the door to HoodShares: claim your included pack, open cards, and play Daily Lineup. It is a digital collectible. It is not a security, not a derivative, and not a claim on any stock or company.",hoodpass.png,https://www.hoodshares.xyz,01,HoodPass,Robinhood Chain
300,HoodPass,"Season 01 HoodPass on Robinhood Chain. This pass is the door to HoodShares: claim your included pack, open cards, and play Daily Lineup. It is a digital collectible. It is not a security, not a derivative, and not a claim on any stock or company.",hoodpass.png,https://www.hoodshares.xyz,01,HoodPass,Robinhood Chain
301,HoodPass,"Season 01 HoodPass on Robinhood Chain. This pass is the door to HoodShares: claim your included pack, open cards, and play Daily Lineup. It is a digital collectible. It is not a security, not a derivative, and not a claim on any stock or company.",hoodpass.png,https://www.hoodshares.xyz,01,HoodPass,Robinhood Chain
302,HoodPass,"Season 01 HoodPass on Robinhood Chain. This pass is the door to HoodShares: claim your included pack, open cards, and play Daily Lineup. It is a digital collectible. It is not a security, not a derivative, and not a claim on any stock or company.",hoodpass.png,https://www.hoodshares.xyz,01,HoodPass,Robinhood Chain
303,HoodPass,"Season 01 HoodPass on Robinhood Chain. This pass is the door to HoodShares: claim your included pack, open cards, and play Daily Lineup. It is a digital collectible. It is not a security, not a derivative, and not a claim on any stock or company.",hoodpass.png,https://www.hoodshares.xyz,01,HoodPass,Robinhood Chain
304,HoodPass,"Season 01 HoodPass on Robinhood Chain. This pass is the door to HoodShares: claim your included pack, open cards, and play Daily Lineup. It is a digital collectible. It is not a security, not a derivative, and not a claim on any stock or company.",hoodpass.png,https://www.hoodshares.xyz,01,HoodPass,Robinhood Chain
305,HoodPass,"Season 01 HoodPass on Robinhood Chain. This pass is the door to HoodShares: claim your included pack, open cards, and play Daily Lineup. It is a digital collectible. It is not a security, not a derivative, and not a claim on any stock or company.",hoodpass.png,https://www.hoodshares.xyz,01,HoodPass,Robinhood Chain
306,HoodPass,"Season 01 HoodPass on Robinhood Chain. This pass is the door to HoodShares: claim your included pack, open cards, and play Daily Lineup. It is a digital collectible. It is not a security, not a derivative, and not a claim on any stock or company.",hoodpass.png,https://www.hoodshares.xyz,01,HoodPass,Robinhood Chain
307,HoodPass,"Season 01 HoodPass on Robinhood Chain. This pass is the door to HoodShares: claim your included pack, open cards, and play Daily Lineup. It is a digital collectible. It is not a security, not a derivative, and not a claim on any stock or company.",hoodpass.png,https://www.hoodshares.xyz,01,HoodPass,Robinhood Chain
308,HoodPass,"Season 01 HoodPass on Robinhood Chain. This pass is the door to HoodShares: claim your included pack, open cards, and play Daily Lineup. It is a digital collectible. It is not a security, not a derivative, and not a claim on any stock or company.",hoodpass.png,https://www.hoodshares.xyz,01,HoodPass,Robinhood Chain
309,HoodPass,"Season 01 HoodPass on Robinhood Chain. This pass is the door to HoodShares: claim your included pack, open cards, and play Daily Lineup. It is a digital collectible. It is not a security, not a derivative, and not a claim on any stock or company.",hoodpass.png,https://www.hoodshares.xyz,01,HoodPass,Robinhood Chain
310,HoodPass,"Season 01 HoodPass on Robinhood Chain. This pass is the door to HoodShares: claim your included pack, open cards, and play Daily Lineup. It is a digital collectible. It is not a security, not a derivative, and not a claim on any stock or company.",hoodpass.png,https://www.hoodshares.xyz,01,HoodPass,Robinhood Chain
311,HoodPass,"Season 01 HoodPass on Robinhood Chain. This pass is the door to HoodShares: claim your included pack, open cards, and play Daily Lineup. It is a digital collectible. It is not a security, not a derivative, and not a claim on any stock or company.",hoodpass.png,https://www.hoodshares.xyz,01,HoodPass,Robinhood Chain
312,HoodPass,"Season 01 HoodPass on Robinhood Chain. This pass is the door to HoodShares: claim your included pack, open cards, and play Daily Lineup. It is a digital collectible. It is not a security, not a derivative, and not a claim on any stock or company.",hoodpass.png,https://www.hoodshares.xyz,01,HoodPass,Robinhood Chain
313,HoodPass,"Season 01 HoodPass on Robinhood Chain. This pass is the door to HoodShares: claim your included pack, open cards, and play Daily Lineup. It is a digital collectible. It is not a security, not a derivative, and not a claim on any stock or company.",hoodpass.png,https://www.hoodshares.xyz,01,HoodPass,Robinhood Chain
314,HoodPass,"Season 01 HoodPass on Robinhood Chain. This pass is the door to HoodShares: claim your included pack, open cards, and play Daily Lineup. It is a digital collectible. It is not a security, not a derivative, and not a claim on any stock or company.",hoodpass.png,https://www.hoodshares.xyz,01,HoodPass,Robinhood Chain
315,HoodPass,"Season 01 HoodPass on Robinhood Chain. This pass is the door to HoodShares: claim your included pack, open cards, and play Daily Lineup. It is a digital collectible. It is not a security, not a derivative, and not a claim on any stock or company.",hoodpass.png,https://www.hoodshares.xyz,01,HoodPass,Robinhood Chain
316,HoodPass,"Season 01 HoodPass on Robinhood Chain. This pass is the door to HoodShares: claim your included pack, open cards, and play Daily Lineup. It is a digital collectible. It is not a security, not a derivative, and not a claim on any stock or company.",hoodpass.png,https://www.hoodshares.xyz,01,HoodPass,Robinhood Chain
317,HoodPass,"Season 01 HoodPass on Robinhood Chain. This pass is the door to HoodShares: claim your included pack, open cards, and play Daily Lineup. It is a digital collectible. It is not a security, not a derivative, and not a claim on any stock or company.",hoodpass.png,https://www.hoodshares.xyz,01,HoodPass,Robinhood Chain
318,HoodPass,"Season 01 HoodPass on Robinhood Chain. This pass is the door to HoodShares: claim your included pack, open cards, and play Daily Lineup. It is a digital collectible. It is not a security, not a derivative, and not a claim on any stock or company.",hoodpass.png,https://www.hoodshares.xyz,01,HoodPass,Robinhood Chain
319,HoodPass,"Season 01 HoodPass on Robinhood Chain. This pass is the door to HoodShares: claim your included pack, open cards, and play Daily Lineup. It is a digital collectible. It is not a security, not a derivative, and not a claim on any stock or company.",hoodpass.png,https://www.hoodshares.xyz,01,HoodPass,Robinhood Chain
320,HoodPass,"Season 01 HoodPass on Robinhood Chain. This pass is the door to HoodShares: claim your included pack, open cards, and play Daily Lineup. It is a digital collectible. It is not a security, not a derivative, and not a claim on any stock or company.",hoodpass.png,https://www.hoodshares.xyz,01,HoodPass,Robinhood Chain
321,HoodPass,"Season 01 HoodPass on Robinhood Chain. This pass is the door to HoodShares: claim your included pack, open cards, and play Daily Lineup. It is a digital collectible. It is not a security, not a derivative, and not a claim on any stock or company.",hoodpass.png,https://www.hoodshares.xyz,01,HoodPass,Robinhood Chain
322,HoodPass,"Season 01 HoodPass on Robinhood Chain. This pass is the door to HoodShares: claim your included pack, open cards, and play Daily Lineup. It is a digital collectible. It is not a security, not a derivative, and not a claim on any stock or company.",hoodpass.png,https://www.hoodshares.xyz,01,HoodPass,Robinhood Chain
323,HoodPass,"Season 01 HoodPass on Robinhood Chain. This pass is the door to HoodShares: claim your included pack, open cards, and play Daily Lineup. It is a digital collectible. It is not a security, not a derivative, and not a claim on any stock or company.",hoodpass.png,https://www.hoodshares.xyz,01,HoodPass,Robinhood Chain
324,HoodPass,"Season 01 HoodPass on Robinhood Chain. This pass is the door to HoodShares: claim your included pack, open cards, and play Daily Lineup. It is a digital collectible. It is not a security, not a derivative, and not a claim on any stock or company.",hoodpass.png,https://www.hoodshares.xyz,01,HoodPass,Robinhood Chain
325,HoodPass,"Season 01 HoodPass on Robinhood Chain. This pass is the door to HoodShares: claim your included pack, open cards, and play Daily Lineup. It is a digital collectible. It is not a security, not a derivative, and not a claim on any stock or company.",hoodpass.png,https://www.hoodshares.xyz,01,HoodPass,Robinhood Chain
326,HoodPass,"Season 01 HoodPass on Robinhood Chain. This pass is the door to HoodShares: claim your included pack, open cards, and play Daily Lineup. It is a digital collectible. It is not a security, not a derivative, and not a claim on any stock or company.",hoodpass.png,https://www.hoodshares.xyz,01,HoodPass,Robinhood Chain
327,HoodPass,"Season 01 HoodPass on Robinhood Chain. This pass is the door to HoodShares: claim your included pack, open cards, and play Daily Lineup. It is a digital collectible. It is not a security, not a derivative, and not a claim on any stock or company.",hoodpass.png,https://www.hoodshares.xyz,01,HoodPass,Robinhood Chain
328,HoodPass,"Season 01 HoodPass on Robinhood Chain. This pass is the door to HoodShares: claim your included pack, open cards, and play Daily Lineup. It is a digital collectible. It is not a security, not a derivative, and not a claim on any stock or company.",hoodpass.png,https://www.hoodshares.xyz,01,HoodPass,Robinhood Chain
329,HoodPass,"Season 01 HoodPass on Robinhood Chain. This pass is the door to HoodShares: claim your included pack, open cards, and play Daily Lineup. It is a digital collectible. It is not a security, not a derivative, and not a claim on any stock or company.",hoodpass.png,https://www.hoodshares.xyz,01,HoodPass,Robinhood Chain
330,HoodPass,"Season 01 HoodPass on Robinhood Chain. This pass is the door to HoodShares: claim your included pack, open cards, and play Daily Lineup. It is a digital collectible. It is not a security, not a derivative, and not a claim on any stock or company.",hoodpass.png,https://www.hoodshares.xyz,01,HoodPass,Robinhood Chain
331,HoodPass,"Season 01 HoodPass on Robinhood Chain. This pass is the door to HoodShares: claim your included pack, open cards, and play Daily Lineup. It is a digital collectible. It is not a security, not a derivative, and not a claim on any stock or company.",hoodpass.png,https://www.hoodshares.xyz,01,HoodPass,Robinhood Chain
332,HoodPass,"Season 01 HoodPass on Robinhood Chain. This pass is the door to HoodShares: claim your included pack, open cards, and play Daily Lineup. It is a digital collectible. It is not a security, not a derivative, and not a claim on any stock or company.",hoodpass.png,https://www.hoodshares.xyz,01,HoodPass,Robinhood Chain
333,HoodPass,"Season 01 HoodPass on Robinhood Chain. This pass is the door to HoodShares: claim your included pack, open cards, and play Daily Lineup. It is a digital collectible. It is not a security, not a derivative, and not a claim on any stock or company.",hoodpass.png,https://www.hoodshares.xyz,01,HoodPass,Robinhood Chain
334,HoodPass,"Season 01 HoodPass on Robinhood Chain. This pass is the door to HoodShares: claim your included pack, open cards, and play Daily Lineup. It is a digital collectible. It is not a security, not a derivative, and not a claim on any stock or company.",hoodpass.png,https://www.hoodshares.xyz,01,HoodPass,Robinhood Chain
335,HoodPass,"Season 01 HoodPass on Robinhood Chain. This pass is the door to HoodShares: claim your included pack, open cards, and play Daily Lineup. It is a digital collectible. It is not a security, not a derivative, and not a claim on any stock or company.",hoodpass.png,https://www.hoodshares.xyz,01,HoodPass,Robinhood Chain
336,HoodPass,"Season 01 HoodPass on Robinhood Chain. This pass is the door to HoodShares: claim your included pack, open cards, and play Daily Lineup. It is a digital collectible. It is not a security, not a derivative, and not a claim on any stock or company.",hoodpass.png,https://www.hoodshares.xyz,01,HoodPass,Robinhood Chain
337,HoodPass,"Season 01 HoodPass on Robinhood Chain. This pass is the door to HoodShares: claim your included pack, open cards, and play Daily Lineup. It is a digital collectible. It is not a security, not a derivative, and not a claim on any stock or company.",hoodpass.png,https://www.hoodshares.xyz,01,HoodPass,Robinhood Chain
338,HoodPass,"Season 01 HoodPass on Robinhood Chain. This pass is the door to HoodShares: claim your included pack, open cards, and play Daily Lineup. It is a digital collectible. It is not a security, not a derivative, and not a claim on any stock or company.",hoodpass.png,https://www.hoodshares.xyz,01,HoodPass,Robinhood Chain
339,HoodPass,"Season 01 HoodPass on Robinhood Chain. This pass is the door to HoodShares: claim your included pack, open cards, and play Daily Lineup. It is a digital collectible. It is not a security, not a derivative, and not a claim on any stock or company.",hoodpass.png,https://www.hoodshares.xyz,01,HoodPass,Robinhood Chain
340,HoodPass,"Season 01 HoodPass on Robinhood Chain. This pass is the door to HoodShares: claim your included pack, open cards, and play Daily Lineup. It is a digital collectible. It is not a security, not a derivative, and not a claim on any stock or company.",hoodpass.png,https://www.hoodshares.xyz,01,HoodPass,Robinhood Chain
341,HoodPass,"Season 01 HoodPass on Robinhood Chain. This pass is the door to HoodShares: claim your included pack, open cards, and play Daily Lineup. It is a digital collectible. It is not a security, not a derivative, and not a claim on any stock or company.",hoodpass.png,https://www.hoodshares.xyz,01,HoodPass,Robinhood Chain
342,HoodPass,"Season 01 HoodPass on Robinhood Chain. This pass is the door to HoodShares: claim your included pack, open cards, and play Daily Lineup. It is a digital collectible. It is not a security, not a derivative, and not a claim on any stock or company.",hoodpass.png,https://www.hoodshares.xyz,01,HoodPass,Robinhood Chain
343,HoodPass,"Season 01 HoodPass on Robinhood Chain. This pass is the door to HoodShares: claim your included pack, open cards, and play Daily Lineup. It is a digital collectible. It is not a security, not a derivative, and not a claim on any stock or company.",hoodpass.png,https://www.hoodshares.xyz,01,HoodPass,Robinhood Chain
344,HoodPass,"Season 01 HoodPass on Robinhood Chain. This pass is the door to HoodShares: claim your included pack, open cards, and play Daily Lineup. It is a digital collectible. It is not a security, not a derivative, and not a claim on any stock or company.",hoodpass.png,https://www.hoodshares.xyz,01,HoodPass,Robinhood Chain
345,HoodPass,"Season 01 HoodPass on Robinhood Chain. This pass is the door to HoodShares: claim your included pack, open cards, and play Daily Lineup. It is a digital collectible. It is not a security, not a derivative, and not a claim on any stock or company.",hoodpass.png,https://www.hoodshares.xyz,01,HoodPass,Robinhood Chain
346,HoodPass,"Season 01 HoodPass on Robinhood Chain. This pass is the door to HoodShares: claim your included pack, open cards, and play Daily Lineup. It is a digital collectible. It is not a security, not a derivative, and not a claim on any stock or company.",hoodpass.png,https://www.hoodshares.xyz,01,HoodPass,Robinhood Chain
347,HoodPass,"Season 01 HoodPass on Robinhood Chain. This pass is the door to HoodShares: claim your included pack, open cards, and play Daily Lineup. It is a digital collectible. It is not a security, not a derivative, and not a claim on any stock or company.",hoodpass.png,https://www.hoodshares.xyz,01,HoodPass,Robinhood Chain
348,HoodPass,"Season 01 HoodPass on Robinhood Chain. This pass is the door to HoodShares: claim your included pack, open cards, and play Daily Lineup. It is a digital collectible. It is not a security, not a derivative, and not a claim on any stock or company.",hoodpass.png,https://www.hoodshares.xyz,01,HoodPass,Robinhood Chain
349,HoodPass,"Season 01 HoodPass on Robinhood Chain. This pass is the door to HoodShares: claim your included pack, open cards, and play Daily Lineup. It is a digital collectible. It is not a security, not a derivative, and not a claim on any stock or company.",hoodpass.png,https://www.hoodshares.xyz,01,HoodPass,Robinhood Chain
350,HoodPass,"Season 01 HoodPass on Robinhood Chain. This pass is the door to HoodShares: claim your included pack, open cards, and play Daily Lineup. It is a digital collectible. It is not a security, not a derivative, and not a claim on any stock or company.",hoodpass.png,https://www.hoodshares.xyz,01,HoodPass,Robinhood Chain
351,HoodPass,"Season 01 HoodPass on Robinhood Chain. This pass is the door to HoodShares: claim your included pack, open cards, and play Daily Lineup. It is a digital collectible. It is not a security, not a derivative, and not a claim on any stock or company.",hoodpass.png,https://www.hoodshares.xyz,01,HoodPass,Robinhood Chain
352,HoodPass,"Season 01 HoodPass on Robinhood Chain. This pass is the door to HoodShares: claim your included pack, open cards, and play Daily Lineup. It is a digital collectible. It is not a security, not a derivative, and not a claim on any stock or company.",hoodpass.png,https://www.hoodshares.xyz,01,HoodPass,Robinhood Chain
353,HoodPass,"Season 01 HoodPass on Robinhood Chain. This pass is the door to HoodShares: claim your included pack, open cards, and play Daily Lineup. It is a digital collectible. It is not a security, not a derivative, and not a claim on any stock or company.",hoodpass.png,https://www.hoodshares.xyz,01,HoodPass,Robinhood Chain
354,HoodPass,"Season 01 HoodPass on Robinhood Chain. This pass is the door to HoodShares: claim your included pack, open cards, and play Daily Lineup. It is a digital collectible. It is not a security, not a derivative, and not a claim on any stock or company.",hoodpass.png,https://www.hoodshares.xyz,01,HoodPass,Robinhood Chain
355,HoodPass,"Season 01 HoodPass on Robinhood Chain. This pass is the door to HoodShares: claim your included pack, open cards, and play Daily Lineup. It is a digital collectible. It is not a security, not a derivative, and not a claim on any stock or company.",hoodpass.png,https://www.hoodshares.xyz,01,HoodPass,Robinhood Chain
356,HoodPass,"Season 01 HoodPass on Robinhood Chain. This pass is the door to HoodShares: claim your included pack, open cards, and play Daily Lineup. It is a digital collectible. It is not a security, not a derivative, and not a claim on any stock or company.",hoodpass.png,https://www.hoodshares.xyz,01,HoodPass,Robinhood Chain
357,HoodPass,"Season 01 HoodPass on Robinhood Chain. This pass is the door to HoodShares: claim your included pack, open cards, and play Daily Lineup. It is a digital collectible. It is not a security, not a derivative, and not a claim on any stock or company.",hoodpass.png,https://www.hoodshares.xyz,01,HoodPass,Robinhood Chain
358,HoodPass,"Season 01 HoodPass on Robinhood Chain. This pass is the door to HoodShares: claim your included pack, open cards, and play Daily Lineup. It is a digital collectible. It is not a security, not a derivative, and not a claim on any stock or company.",hoodpass.png,https://www.hoodshares.xyz,01,HoodPass,Robinhood Chain
359,HoodPass,"Season 01 HoodPass on Robinhood Chain. This pass is the door to HoodShares: claim your included pack, open cards, and play Daily Lineup. It is a digital collectible. It is not a security, not a derivative, and not a claim on any stock or company.",hoodpass.png,https://www.hoodshares.xyz,01,HoodPass,Robinhood Chain
360,HoodPass,"Season 01 HoodPass on Robinhood Chain. This pass is the door to HoodShares: claim your included pack, open cards, and play Daily Lineup. It is a digital collectible. It is not a security, not a derivative, and not a claim on any stock or company.",hoodpass.png,https://www.hoodshares.xyz,01,HoodPass,Robinhood Chain
361,HoodPass,"Season 01 HoodPass on Robinhood Chain. This pass is the door to HoodShares: claim your included pack, open cards, and play Daily Lineup. It is a digital collectible. It is not a security, not a derivative, and not a claim on any stock or company.",hoodpass.png,https://www.hoodshares.xyz,01,HoodPass,Robinhood Chain
362,HoodPass,"Season 01 HoodPass on Robinhood Chain. This pass is the door to HoodShares: claim your included pack, open cards, and play Daily Lineup. It is a digital collectible. It is not a security, not a derivative, and not a claim on any stock or company.",hoodpass.png,https://www.hoodshares.xyz,01,HoodPass,Robinhood Chain
363,HoodPass,"Season 01 HoodPass on Robinhood Chain. This pass is the door to HoodShares: claim your included pack, open cards, and play Daily Lineup. It is a digital collectible. It is not a security, not a derivative, and not a claim on any stock or company.",hoodpass.png,https://www.hoodshares.xyz,01,HoodPass,Robinhood Chain
364,HoodPass,"Season 01 HoodPass on Robinhood Chain. This pass is the door to HoodShares: claim your included pack, open cards, and play Daily Lineup. It is a digital collectible. It is not a security, not a derivative, and not a claim on any stock or company.",hoodpass.png,https://www.hoodshares.xyz,01,HoodPass,Robinhood Chain
365,HoodPass,"Season 01 HoodPass on Robinhood Chain. This pass is the door to HoodShares: claim your included pack, open cards, and play Daily Lineup. It is a digital collectible. It is not a security, not a derivative, and not a claim on any stock or company.",hoodpass.png,https://www.hoodshares.xyz,01,HoodPass,Robinhood Chain
366,HoodPass,"Season 01 HoodPass on Robinhood Chain. This pass is the door to HoodShares: claim your included pack, open cards, and play Daily Lineup. It is a digital collectible. It is not a security, not a derivative, and not a claim on any stock or company.",hoodpass.png,https://www.hoodshares.xyz,01,HoodPass,Robinhood Chain
367,HoodPass,"Season 01 HoodPass on Robinhood Chain. This pass is the door to HoodShares: claim your included pack, open cards, and play Daily Lineup. It is a digital collectible. It is not a security, not a derivative, and not a claim on any stock or company.",hoodpass.png,https://www.hoodshares.xyz,01,HoodPass,Robinhood Chain
368,HoodPass,"Season 01 HoodPass on Robinhood Chain. This pass is the door to HoodShares: claim your included pack, open cards, and play Daily Lineup. It is a digital collectible. It is not a security, not a derivative, and not a claim on any stock or company.",hoodpass.png,https://www.hoodshares.xyz,01,HoodPass,Robinhood Chain
369,HoodPass,"Season 01 HoodPass on Robinhood Chain. This pass is the door to HoodShares: claim your included pack, open cards, and play Daily Lineup. It is a digital collectible. It is not a security, not a derivative, and not a claim on any stock or company.",hoodpass.png,https://www.hoodshares.xyz,01,HoodPass,Robinhood Chain
370,HoodPass,"Season 01 HoodPass on Robinhood Chain. This pass is the door to HoodShares: claim your included pack, open cards, and play Daily Lineup. It is a digital collectible. It is not a security, not a derivative, and not a claim on any stock or company.",hoodpass.png,https://www.hoodshares.xyz,01,HoodPass,Robinhood Chain
371,HoodPass,"Season 01 HoodPass on Robinhood Chain. This pass is the door to HoodShares: claim your included pack, open cards, and play Daily Lineup. It is a digital collectible. It is not a security, not a derivative, and not a claim on any stock or company.",hoodpass.png,https://www.hoodshares.xyz,01,HoodPass,Robinhood Chain
372,HoodPass,"Season 01 HoodPass on Robinhood Chain. This pass is the door to HoodShares: claim your included pack, open cards, and play Daily Lineup. It is a digital collectible. It is not a security, not a derivative, and not a claim on any stock or company.",hoodpass.png,https://www.hoodshares.xyz,01,HoodPass,Robinhood Chain
373,HoodPass,"Season 01 HoodPass on Robinhood Chain. This pass is the door to HoodShares: claim your included pack, open cards, and play Daily Lineup. It is a digital collectible. It is not a security, not a derivative, and not a claim on any stock or company.",hoodpass.png,https://www.hoodshares.xyz,01,HoodPass,Robinhood Chain
374,HoodPass,"Season 01 HoodPass on Robinhood Chain. This pass is the door to HoodShares: claim your included pack, open cards, and play Daily Lineup. It is a digital collectible. It is not a security, not a derivative, and not a claim on any stock or company.",hoodpass.png,https://www.hoodshares.xyz,01,HoodPass,Robinhood Chain
375,HoodPass,"Season 01 HoodPass on Robinhood Chain. This pass is the door to HoodShares: claim your included pack, open cards, and play Daily Lineup. It is a digital collectible. It is not a security, not a derivative, and not a claim on any stock or company.",hoodpass.png,https://www.hoodshares.xyz,01,HoodPass,Robinhood Chain
376,HoodPass,"Season 01 HoodPass on Robinhood Chain. This pass is the door to HoodShares: claim your included pack, open cards, and play Daily Lineup. It is a digital collectible. It is not a security, not a derivative, and not a claim on any stock or company.",hoodpass.png,https://www.hoodshares.xyz,01,HoodPass,Robinhood Chain
377,HoodPass,"Season 01 HoodPass on Robinhood Chain. This pass is the door to HoodShares: claim your included pack, open cards, and play Daily Lineup. It is a digital collectible. It is not a security, not a derivative, and not a claim on any stock or company.",hoodpass.png,https://www.hoodshares.xyz,01,HoodPass,Robinhood Chain
378,HoodPass,"Season 01 HoodPass on Robinhood Chain. This pass is the door to HoodShares: claim your included pack, open cards, and play Daily Lineup. It is a digital collectible. It is not a security, not a derivative, and not a claim on any stock or company.",hoodpass.png,https://www.hoodshares.xyz,01,HoodPass,Robinhood Chain
379,HoodPass,"Season 01 HoodPass on Robinhood Chain. This pass is the door to HoodShares: claim your included pack, open cards, and play Daily Lineup. It is a digital collectible. It is not a security, not a derivative, and not a claim on any stock or company.",hoodpass.png,https://www.hoodshares.xyz,01,HoodPass,Robinhood Chain
380,HoodPass,"Season 01 HoodPass on Robinhood Chain. This pass is the door to HoodShares: claim your included pack, open cards, and play Daily Lineup. It is a digital collectible. It is not a security, not a derivative, and not a claim on any stock or company.",hoodpass.png,https://www.hoodshares.xyz,01,HoodPass,Robinhood Chain
381,HoodPass,"Season 01 HoodPass on Robinhood Chain. This pass is the door to HoodShares: claim your included pack, open cards, and play Daily Lineup. It is a digital collectible. It is not a security, not a derivative, and not a claim on any stock or company.",hoodpass.png,https://www.hoodshares.xyz,01,HoodPass,Robinhood Chain
382,HoodPass,"Season 01 HoodPass on Robinhood Chain. This pass is the door to HoodShares: claim your included pack, open cards, and play Daily Lineup. It is a digital collectible. It is not a security, not a derivative, and not a claim on any stock or company.",hoodpass.png,https://www.hoodshares.xyz,01,HoodPass,Robinhood Chain
383,HoodPass,"Season 01 HoodPass on Robinhood Chain. This pass is the door to HoodShares: claim your included pack, open cards, and play Daily Lineup. It is a digital collectible. It is not a security, not a derivative, and not a claim on any stock or company.",hoodpass.png,https://www.hoodshares.xyz,01,HoodPass,Robinhood Chain
384,HoodPass,"Season 01 HoodPass on Robinhood Chain. This pass is the door to HoodShares: claim your included pack, open cards, and play Daily Lineup. It is a digital collectible. It is not a security, not a derivative, and not a claim on any stock or company.",hoodpass.png,https://www.hoodshares.xyz,01,HoodPass,Robinhood Chain
385,HoodPass,"Season 01 HoodPass on Robinhood Chain. This pass is the door to HoodShares: claim your included pack, open cards, and play Daily Lineup. It is a digital collectible. It is not a security, not a derivative, and not a claim on any stock or company.",hoodpass.png,https://www.hoodshares.xyz,01,HoodPass,Robinhood Chain
386,HoodPass,"Season 01 HoodPass on Robinhood Chain. This pass is the door to HoodShares: claim your included pack, open cards, and play Daily Lineup. It is a digital collectible. It is not a security, not a derivative, and not a claim on any stock or company.",hoodpass.png,https://www.hoodshares.xyz,01,HoodPass,Robinhood Chain
387,HoodPass,"Season 01 HoodPass on Robinhood Chain. This pass is the door to HoodShares: claim your included pack, open cards, and play Daily Lineup. It is a digital collectible. It is not a security, not a derivative, and not a claim on any stock or company.",hoodpass.png,https://www.hoodshares.xyz,01,HoodPass,Robinhood Chain
388,HoodPass,"Season 01 HoodPass on Robinhood Chain. This pass is the door to HoodShares: claim your included pack, open cards, and play Daily Lineup. It is a digital collectible. It is not a security, not a derivative, and not a claim on any stock or company.",hoodpass.png,https://www.hoodshares.xyz,01,HoodPass,Robinhood Chain
389,HoodPass,"Season 01 HoodPass on Robinhood Chain. This pass is the door to HoodShares: claim your included pack, open cards, and play Daily Lineup. It is a digital collectible. It is not a security, not a derivative, and not a claim on any stock or company.",hoodpass.png,https://www.hoodshares.xyz,01,HoodPass,Robinhood Chain
390,HoodPass,"Season 01 HoodPass on Robinhood Chain. This pass is the door to HoodShares: claim your included pack, open cards, and play Daily Lineup. It is a digital collectible. It is not a security, not a derivative, and not a claim on any stock or company.",hoodpass.png,https://www.hoodshares.xyz,01,HoodPass,Robinhood Chain
391,HoodPass,"Season 01 HoodPass on Robinhood Chain. This pass is the door to HoodShares: claim your included pack, open cards, and play Daily Lineup. It is a digital collectible. It is not a security, not a derivative, and not a claim on any stock or company.",hoodpass.png,https://www.hoodshares.xyz,01,HoodPass,Robinhood Chain
392,HoodPass,"Season 01 HoodPass on Robinhood Chain. This pass is the door to HoodShares: claim your included pack, open cards, and play Daily Lineup. It is a digital collectible. It is not a security, not a derivative, and not a claim on any stock or company.",hoodpass.png,https://www.hoodshares.xyz,01,HoodPass,Robinhood Chain
393,HoodPass,"Season 01 HoodPass on Robinhood Chain. This pass is the door to HoodShares: claim your included pack, open cards, and play Daily Lineup. It is a digital collectible. It is not a security, not a derivative, and not a claim on any stock or company.",hoodpass.png,https://www.hoodshares.xyz,01,HoodPass,Robinhood Chain
394,HoodPass,"Season 01 HoodPass on Robinhood Chain. This pass is the door to HoodShares: claim your included pack, open cards, and play Daily Lineup. It is a digital collectible. It is not a security, not a derivative, and not a claim on any stock or company.",hoodpass.png,https://www.hoodshares.xyz,01,HoodPass,Robinhood Chain
395,HoodPass,"Season 01 HoodPass on Robinhood Chain. This pass is the door to HoodShares: claim your included pack, open cards, and play Daily Lineup. It is a digital collectible. It is not a security, not a derivative, and not a claim on any stock or company.",hoodpass.png,https://www.hoodshares.xyz,01,HoodPass,Robinhood Chain
396,HoodPass,"Season 01 HoodPass on Robinhood Chain. This pass is the door to HoodShares: claim your included pack, open cards, and play Daily Lineup. It is a digital collectible. It is not a security, not a derivative, and not a claim on any stock or company.",hoodpass.png,https://www.hoodshares.xyz,01,HoodPass,Robinhood Chain
397,HoodPass,"Season 01 HoodPass on Robinhood Chain. This pass is the door to HoodShares: claim your included pack, open cards, and play Daily Lineup. It is a digital collectible. It is not a security, not a derivative, and not a claim on any stock or company.",hoodpass.png,https://www.hoodshares.xyz,01,HoodPass,Robinhood Chain
398,HoodPass,"Season 01 HoodPass on Robinhood Chain. This pass is the door to HoodShares: claim your included pack, open cards, and play Daily Lineup. It is a digital collectible. It is not a security, not a derivative, and not a claim on any stock or company.",hoodpass.png,https://www.hoodshares.xyz,01,HoodPass,Robinhood Chain
399,HoodPass,"Season 01 HoodPass on Robinhood Chain. This pass is the door to HoodShares: claim your included pack, open cards, and play Daily Lineup. It is a digital collectible. It is not a security, not a derivative, and not a claim on any stock or company.",hoodpass.png,https://www.hoodshares.xyz,01,HoodPass,Robinhood Chain
400,HoodPass,"Season 01 HoodPass on Robinhood Chain. This pass is the door to HoodShares: claim your included pack, open cards, and play Daily Lineup. It is a digital collectible. It is not a security, not a derivative, and not a claim on any stock or company.",hoodpass.png,https://www.hoodshares.xyz,01,HoodPass,Robinhood Chain
401,HoodPass,"Season 01 HoodPass on Robinhood Chain. This pass is the door to HoodShares: claim your included pack, open cards, and play Daily Lineup. It is a digital collectible. It is not a security, not a derivative, and not a claim on any stock or company.",hoodpass.png,https://www.hoodshares.xyz,01,HoodPass,Robinhood Chain
402,HoodPass,"Season 01 HoodPass on Robinhood Chain. This pass is the door to HoodShares: claim your included pack, open cards, and play Daily Lineup. It is a digital collectible. It is not a security, not a derivative, and not a claim on any stock or company.",hoodpass.png,https://www.hoodshares.xyz,01,HoodPass,Robinhood Chain
403,HoodPass,"Season 01 HoodPass on Robinhood Chain. This pass is the door to HoodShares: claim your included pack, open cards, and play Daily Lineup. It is a digital collectible. It is not a security, not a derivative, and not a claim on any stock or company.",hoodpass.png,https://www.hoodshares.xyz,01,HoodPass,Robinhood Chain
404,HoodPass,"Season 01 HoodPass on Robinhood Chain. This pass is the door to HoodShares: claim your included pack, open cards, and play Daily Lineup. It is a digital collectible. It is not a security, not a derivative, and not a claim on any stock or company.",hoodpass.png,https://www.hoodshares.xyz,01,HoodPass,Robinhood Chain
405,HoodPass,"Season 01 HoodPass on Robinhood Chain. This pass is the door to HoodShares: claim your included pack, open cards, and play Daily Lineup. It is a digital collectible. It is not a security, not a derivative, and not a claim on any stock or company.",hoodpass.png,https://www.hoodshares.xyz,01,HoodPass,Robinhood Chain
406,HoodPass,"Season 01 HoodPass on Robinhood Chain. This pass is the door to HoodShares: claim your included pack, open cards, and play Daily Lineup. It is a digital collectible. It is not a security, not a derivative, and not a claim on any stock or company.",hoodpass.png,https://www.hoodshares.xyz,01,HoodPass,Robinhood Chain
407,HoodPass,"Season 01 HoodPass on Robinhood Chain. This pass is the door to HoodShares: claim your included pack, open cards, and play Daily Lineup. It is a digital collectible. It is not a security, not a derivative, and not a claim on any stock or company.",hoodpass.png,https://www.hoodshares.xyz,01,HoodPass,Robinhood Chain
408,HoodPass,"Season 01 HoodPass on Robinhood Chain. This pass is the door to HoodShares: claim your included pack, open cards, and play Daily Lineup. It is a digital collectible. It is not a security, not a derivative, and not a claim on any stock or company.",hoodpass.png,https://www.hoodshares.xyz,01,HoodPass,Robinhood Chain
409,HoodPass,"Season 01 HoodPass on Robinhood Chain. This pass is the door to HoodShares: claim your included pack, open cards, and play Daily Lineup. It is a digital collectible. It is not a security, not a derivative, and not a claim on any stock or company.",hoodpass.png,https://www.hoodshares.xyz,01,HoodPass,Robinhood Chain
410,HoodPass,"Season 01 HoodPass on Robinhood Chain. This pass is the door to HoodShares: claim your included pack, open cards, and play Daily Lineup. It is a digital collectible. It is not a security, not a derivative, and not a claim on any stock or company.",hoodpass.png,https://www.hoodshares.xyz,01,HoodPass,Robinhood Chain
411,HoodPass,"Season 01 HoodPass on Robinhood Chain. This pass is the door to HoodShares: claim your included pack, open cards, and play Daily Lineup. It is a digital collectible. It is not a security, not a derivative, and not a claim on any stock or company.",hoodpass.png,https://www.hoodshares.xyz,01,HoodPass,Robinhood Chain
412,HoodPass,"Season 01 HoodPass on Robinhood Chain. This pass is the door to HoodShares: claim your included pack, open cards, and play Daily Lineup. It is a digital collectible. It is not a security, not a derivative, and not a claim on any stock or company.",hoodpass.png,https://www.hoodshares.xyz,01,HoodPass,Robinhood Chain
413,HoodPass,"Season 01 HoodPass on Robinhood Chain. This pass is the door to HoodShares: claim your included pack, open cards, and play Daily Lineup. It is a digital collectible. It is not a security, not a derivative, and not a claim on any stock or company.",hoodpass.png,https://www.hoodshares.xyz,01,HoodPass,Robinhood Chain
414,HoodPass,"Season 01 HoodPass on Robinhood Chain. This pass is the door to HoodShares: claim your included pack, open cards, and play Daily Lineup. It is a digital collectible. It is not a security, not a derivative, and not a claim on any stock or company.",hoodpass.png,https://www.hoodshares.xyz,01,HoodPass,Robinhood Chain
415,HoodPass,"Season 01 HoodPass on Robinhood Chain. This pass is the door to HoodShares: claim your included pack, open cards, and play Daily Lineup. It is a digital collectible. It is not a security, not a derivative, and not a claim on any stock or company.",hoodpass.png,https://www.hoodshares.xyz,01,HoodPass,Robinhood Chain
416,HoodPass,"Season 01 HoodPass on Robinhood Chain. This pass is the door to HoodShares: claim your included pack, open cards, and play Daily Lineup. It is a digital collectible. It is not a security, not a derivative, and not a claim on any stock or company.",hoodpass.png,https://www.hoodshares.xyz,01,HoodPass,Robinhood Chain
417,HoodPass,"Season 01 HoodPass on Robinhood Chain. This pass is the door to HoodShares: claim your included pack, open cards, and play Daily Lineup. It is a digital collectible. It is not a security, not a derivative, and not a claim on any stock or company.",hoodpass.png,https://www.hoodshares.xyz,01,HoodPass,Robinhood Chain
418,HoodPass,"Season 01 HoodPass on Robinhood Chain. This pass is the door to HoodShares: claim your included pack, open cards, and play Daily Lineup. It is a digital collectible. It is not a security, not a derivative, and not a claim on any stock or company.",hoodpass.png,https://www.hoodshares.xyz,01,HoodPass,Robinhood Chain
419,HoodPass,"Season 01 HoodPass on Robinhood Chain. This pass is the door to HoodShares: claim your included pack, open cards, and play Daily Lineup. It is a digital collectible. It is not a security, not a derivative, and not a claim on any stock or company.",hoodpass.png,https://www.hoodshares.xyz,01,HoodPass,Robinhood Chain
420,HoodPass,"Season 01 HoodPass on Robinhood Chain. This pass is the door to HoodShares: claim your included pack, open cards, and play Daily Lineup. It is a digital collectible. It is not a security, not a derivative, and not a claim on any stock or company.",hoodpass.png,https://www.hoodshares.xyz,01,HoodPass,Robinhood Chain
421,HoodPass,"Season 01 HoodPass on Robinhood Chain. This pass is the door to HoodShares: claim your included pack, open cards, and play Daily Lineup. It is a digital collectible. It is not a security, not a derivative, and not a claim on any stock or company.",hoodpass.png,https://www.hoodshares.xyz,01,HoodPass,Robinhood Chain
422,HoodPass,"Season 01 HoodPass on Robinhood Chain. This pass is the door to HoodShares: claim your included pack, open cards, and play Daily Lineup. It is a digital collectible. It is not a security, not a derivative, and not a claim on any stock or company.",hoodpass.png,https://www.hoodshares.xyz,01,HoodPass,Robinhood Chain
423,HoodPass,"Season 01 HoodPass on Robinhood Chain. This pass is the door to HoodShares: claim your included pack, open cards, and play Daily Lineup. It is a digital collectible. It is not a security, not a derivative, and not a claim on any stock or company.",hoodpass.png,https://www.hoodshares.xyz,01,HoodPass,Robinhood Chain
424,HoodPass,"Season 01 HoodPass on Robinhood Chain. This pass is the door to HoodShares: claim your included pack, open cards, and play Daily Lineup. It is a digital collectible. It is not a security, not a derivative, and not a claim on any stock or company.",hoodpass.png,https://www.hoodshares.xyz,01,HoodPass,Robinhood Chain
425,HoodPass,"Season 01 HoodPass on Robinhood Chain. This pass is the door to HoodShares: claim your included pack, open cards, and play Daily Lineup. It is a digital collectible. It is not a security, not a derivative, and not a claim on any stock or company.",hoodpass.png,https://www.hoodshares.xyz,01,HoodPass,Robinhood Chain
426,HoodPass,"Season 01 HoodPass on Robinhood Chain. This pass is the door to HoodShares: claim your included pack, open cards, and play Daily Lineup. It is a digital collectible. It is not a security, not a derivative, and not a claim on any stock or company.",hoodpass.png,https://www.hoodshares.xyz,01,HoodPass,Robinhood Chain
427,HoodPass,"Season 01 HoodPass on Robinhood Chain. This pass is the door to HoodShares: claim your included pack, open cards, and play Daily Lineup. It is a digital collectible. It is not a security, not a derivative, and not a claim on any stock or company.",hoodpass.png,https://www.hoodshares.xyz,01,HoodPass,Robinhood Chain
428,HoodPass,"Season 01 HoodPass on Robinhood Chain. This pass is the door to HoodShares: claim your included pack, open cards, and play Daily Lineup. It is a digital collectible. It is not a security, not a derivative, and not a claim on any stock or company.",hoodpass.png,https://www.hoodshares.xyz,01,HoodPass,Robinhood Chain
429,HoodPass,"Season 01 HoodPass on Robinhood Chain. This pass is the door to HoodShares: claim your included pack, open cards, and play Daily Lineup. It is a digital collectible. It is not a security, not a derivative, and not a claim on any stock or company.",hoodpass.png,https://www.hoodshares.xyz,01,HoodPass,Robinhood Chain
430,HoodPass,"Season 01 HoodPass on Robinhood Chain. This pass is the door to HoodShares: claim your included pack, open cards, and play Daily Lineup. It is a digital collectible. It is not a security, not a derivative, and not a claim on any stock or company.",hoodpass.png,https://www.hoodshares.xyz,01,HoodPass,Robinhood Chain
431,HoodPass,"Season 01 HoodPass on Robinhood Chain. This pass is the door to HoodShares: claim your included pack, open cards, and play Daily Lineup. It is a digital collectible. It is not a security, not a derivative, and not a claim on any stock or company.",hoodpass.png,https://www.hoodshares.xyz,01,HoodPass,Robinhood Chain
432,HoodPass,"Season 01 HoodPass on Robinhood Chain. This pass is the door to HoodShares: claim your included pack, open cards, and play Daily Lineup. It is a digital collectible. It is not a security, not a derivative, and not a claim on any stock or company.",hoodpass.png,https://www.hoodshares.xyz,01,HoodPass,Robinhood Chain
433,HoodPass,"Season 01 HoodPass on Robinhood Chain. This pass is the door to HoodShares: claim your included pack, open cards, and play Daily Lineup. It is a digital collectible. It is not a security, not a derivative, and not a claim on any stock or company.",hoodpass.png,https://www.hoodshares.xyz,01,HoodPass,Robinhood Chain
434,HoodPass,"Season 01 HoodPass on Robinhood Chain. This pass is the door to HoodShares: claim your included pack, open cards, and play Daily Lineup. It is a digital collectible. It is not a security, not a derivative, and not a claim on any stock or company.",hoodpass.png,https://www.hoodshares.xyz,01,HoodPass,Robinhood Chain
435,HoodPass,"Season 01 HoodPass on Robinhood Chain. This pass is the door to HoodShares: claim your included pack, open cards, and play Daily Lineup. It is a digital collectible. It is not a security, not a derivative, and not a claim on any stock or company.",hoodpass.png,https://www.hoodshares.xyz,01,HoodPass,Robinhood Chain
436,HoodPass,"Season 01 HoodPass on Robinhood Chain. This pass is the door to HoodShares: claim your included pack, open cards, and play Daily Lineup. It is a digital collectible. It is not a security, not a derivative, and not a claim on any stock or company.",hoodpass.png,https://www.hoodshares.xyz,01,HoodPass,Robinhood Chain
437,HoodPass,"Season 01 HoodPass on Robinhood Chain. This pass is the door to HoodShares: claim your included pack, open cards, and play Daily Lineup. It is a digital collectible. It is not a security, not a derivative, and not a claim on any stock or company.",hoodpass.png,https://www.hoodshares.xyz,01,HoodPass,Robinhood Chain
438,HoodPass,"Season 01 HoodPass on Robinhood Chain. This pass is the door to HoodShares: claim your included pack, open cards, and play Daily Lineup. It is a digital collectible. It is not a security, not a derivative, and not a claim on any stock or company.",hoodpass.png,https://www.hoodshares.xyz,01,HoodPass,Robinhood Chain
439,HoodPass,"Season 01 HoodPass on Robinhood Chain. This pass is the door to HoodShares: claim your included pack, open cards, and play Daily Lineup. It is a digital collectible. It is not a security, not a derivative, and not a claim on any stock or company.",hoodpass.png,https://www.hoodshares.xyz,01,HoodPass,Robinhood Chain
440,HoodPass,"Season 01 HoodPass on Robinhood Chain. This pass is the door to HoodShares: claim your included pack, open cards, and play Daily Lineup. It is a digital collectible. It is not a security, not a derivative, and not a claim on any stock or company.",hoodpass.png,https://www.hoodshares.xyz,01,HoodPass,Robinhood Chain
441,HoodPass,"Season 01 HoodPass on Robinhood Chain. This pass is the door to HoodShares: claim your included pack, open cards, and play Daily Lineup. It is a digital collectible. It is not a security, not a derivative, and not a claim on any stock or company.",hoodpass.png,https://www.hoodshares.xyz,01,HoodPass,Robinhood Chain
442,HoodPass,"Season 01 HoodPass on Robinhood Chain. This pass is the door to HoodShares: claim your included pack, open cards, and play Daily Lineup. It is a digital collectible. It is not a security, not a derivative, and not a claim on any stock or company.",hoodpass.png,https://www.hoodshares.xyz,01,HoodPass,Robinhood Chain
443,HoodPass,"Season 01 HoodPass on Robinhood Chain. This pass is the door to HoodShares: claim your included pack, open cards, and play Daily Lineup. It is a digital collectible. It is not a security, not a derivative, and not a claim on any stock or company.",hoodpass.png,https://www.hoodshares.xyz,01,HoodPass,Robinhood Chain
444,HoodPass,"Season 01 HoodPass on Robinhood Chain. This pass is the door to HoodShares: claim your included pack, open cards, and play Daily Lineup. It is a digital collectible. It is not a security, not a derivative, and not a claim on any stock or company.",hoodpass.png,https://www.hoodshares.xyz,01,HoodPass,Robinhood Chain
445,HoodPass,"Season 01 HoodPass on Robinhood Chain. This pass is the door to HoodShares: claim your included pack, open cards, and play Daily Lineup. It is a digital collectible. It is not a security, not a derivative, and not a claim on any stock or company.",hoodpass.png,https://www.hoodshares.xyz,01,HoodPass,Robinhood Chain
446,HoodPass,"Season 01 HoodPass on Robinhood Chain. This pass is the door to HoodShares: claim your included pack, open cards, and play Daily Lineup. It is a digital collectible. It is not a security, not a derivative, and not a claim on any stock or company.",hoodpass.png,https://www.hoodshares.xyz,01,HoodPass,Robinhood Chain
447,HoodPass,"Season 01 HoodPass on Robinhood Chain. This pass is the door to HoodShares: claim your included pack, open cards, and play Daily Lineup. It is a digital collectible. It is not a security, not a derivative, and not a claim on any stock or company.",hoodpass.png,https://www.hoodshares.xyz,01,HoodPass,Robinhood Chain
448,HoodPass,"Season 01 HoodPass on Robinhood Chain. This pass is the door to HoodShares: claim your included pack, open cards, and play Daily Lineup. It is a digital collectible. It is not a security, not a derivative, and not a claim on any stock or company.",hoodpass.png,https://www.hoodshares.xyz,01,HoodPass,Robinhood Chain
449,HoodPass,"Season 01 HoodPass on Robinhood Chain. This pass is the door to HoodShares: claim your included pack, open cards, and play Daily Lineup. It is a digital collectible. It is not a security, not a derivative, and not a claim on any stock or company.",hoodpass.png,https://www.hoodshares.xyz,01,HoodPass,Robinhood Chain
450,HoodPass,"Season 01 HoodPass on Robinhood Chain. This pass is the door to HoodShares: claim your included pack, open cards, and play Daily Lineup. It is a digital collectible. It is not a security, not a derivative, and not a claim on any stock or company.",hoodpass.png,https://www.hoodshares.xyz,01,HoodPass,Robinhood Chain
451,HoodPass,"Season 01 HoodPass on Robinhood Chain. This pass is the door to HoodShares: claim your included pack, open cards, and play Daily Lineup. It is a digital collectible. It is not a security, not a derivative, and not a claim on any stock or company.",hoodpass.png,https://www.hoodshares.xyz,01,HoodPass,Robinhood Chain
452,HoodPass,"Season 01 HoodPass on Robinhood Chain. This pass is the door to HoodShares: claim your included pack, open cards, and play Daily Lineup. It is a digital collectible. It is not a security, not a derivative, and not a claim on any stock or company.",hoodpass.png,https://www.hoodshares.xyz,01,HoodPass,Robinhood Chain
453,HoodPass,"Season 01 HoodPass on Robinhood Chain. This pass is the door to HoodShares: claim your included pack, open cards, and play Daily Lineup. It is a digital collectible. It is not a security, not a derivative, and not a claim on any stock or company.",hoodpass.png,https://www.hoodshares.xyz,01,HoodPass,Robinhood Chain
454,HoodPass,"Season 01 HoodPass on Robinhood Chain. This pass is the door to HoodShares: claim your included pack, open cards, and play Daily Lineup. It is a digital collectible. It is not a security, not a derivative, and not a claim on any stock or company.",hoodpass.png,https://www.hoodshares.xyz,01,HoodPass,Robinhood Chain
455,HoodPass,"Season 01 HoodPass on Robinhood Chain. This pass is the door to HoodShares: claim your included pack, open cards, and play Daily Lineup. It is a digital collectible. It is not a security, not a derivative, and not a claim on any stock or company.",hoodpass.png,https://www.hoodshares.xyz,01,HoodPass,Robinhood Chain
456,HoodPass,"Season 01 HoodPass on Robinhood Chain. This pass is the door to HoodShares: claim your included pack, open cards, and play Daily Lineup. It is a digital collectible. It is not a security, not a derivative, and not a claim on any stock or company.",hoodpass.png,https://www.hoodshares.xyz,01,HoodPass,Robinhood Chain
457,HoodPass,"Season 01 HoodPass on Robinhood Chain. This pass is the door to HoodShares: claim your included pack, open cards, and play Daily Lineup. It is a digital collectible. It is not a security, not a derivative, and not a claim on any stock or company.",hoodpass.png,https://www.hoodshares.xyz,01,HoodPass,Robinhood Chain
458,HoodPass,"Season 01 HoodPass on Robinhood Chain. This pass is the door to HoodShares: claim your included pack, open cards, and play Daily Lineup. It is a digital collectible. It is not a security, not a derivative, and not a claim on any stock or company.",hoodpass.png,https://www.hoodshares.xyz,01,HoodPass,Robinhood Chain
459,HoodPass,"Season 01 HoodPass on Robinhood Chain. This pass is the door to HoodShares: claim your included pack, open cards, and play Daily Lineup. It is a digital collectible. It is not a security, not a derivative, and not a claim on any stock or company.",hoodpass.png,https://www.hoodshares.xyz,01,HoodPass,Robinhood Chain
460,HoodPass,"Season 01 HoodPass on Robinhood Chain. This pass is the door to HoodShares: claim your included pack, open cards, and play Daily Lineup. It is a digital collectible. It is not a security, not a derivative, and not a claim on any stock or company.",hoodpass.png,https://www.hoodshares.xyz,01,HoodPass,Robinhood Chain
461,HoodPass,"Season 01 HoodPass on Robinhood Chain. This pass is the door to HoodShares: claim your included pack, open cards, and play Daily Lineup. It is a digital collectible. It is not a security, not a derivative, and not a claim on any stock or company.",hoodpass.png,https://www.hoodshares.xyz,01,HoodPass,Robinhood Chain
462,HoodPass,"Season 01 HoodPass on Robinhood Chain. This pass is the door to HoodShares: claim your included pack, open cards, and play Daily Lineup. It is a digital collectible. It is not a security, not a derivative, and not a claim on any stock or company.",hoodpass.png,https://www.hoodshares.xyz,01,HoodPass,Robinhood Chain
463,HoodPass,"Season 01 HoodPass on Robinhood Chain. This pass is the door to HoodShares: claim your included pack, open cards, and play Daily Lineup. It is a digital collectible. It is not a security, not a derivative, and not a claim on any stock or company.",hoodpass.png,https://www.hoodshares.xyz,01,HoodPass,Robinhood Chain
464,HoodPass,"Season 01 HoodPass on Robinhood Chain. This pass is the door to HoodShares: claim your included pack, open cards, and play Daily Lineup. It is a digital collectible. It is not a security, not a derivative, and not a claim on any stock or company.",hoodpass.png,https://www.hoodshares.xyz,01,HoodPass,Robinhood Chain
465,HoodPass,"Season 01 HoodPass on Robinhood Chain. This pass is the door to HoodShares: claim your included pack, open cards, and play Daily Lineup. It is a digital collectible. It is not a security, not a derivative, and not a claim on any stock or company.",hoodpass.png,https://www.hoodshares.xyz,01,HoodPass,Robinhood Chain
466,HoodPass,"Season 01 HoodPass on Robinhood Chain. This pass is the door to HoodShares: claim your included pack, open cards, and play Daily Lineup. It is a digital collectible. It is not a security, not a derivative, and not a claim on any stock or company.",hoodpass.png,https://www.hoodshares.xyz,01,HoodPass,Robinhood Chain
467,HoodPass,"Season 01 HoodPass on Robinhood Chain. This pass is the door to HoodShares: claim your included pack, open cards, and play Daily Lineup. It is a digital collectible. It is not a security, not a derivative, and not a claim on any stock or company.",hoodpass.png,https://www.hoodshares.xyz,01,HoodPass,Robinhood Chain
468,HoodPass,"Season 01 HoodPass on Robinhood Chain. This pass is the door to HoodShares: claim your included pack, open cards, and play Daily Lineup. It is a digital collectible. It is not a security, not a derivative, and not a claim on any stock or company.",hoodpass.png,https://www.hoodshares.xyz,01,HoodPass,Robinhood Chain
469,HoodPass,"Season 01 HoodPass on Robinhood Chain. This pass is the door to HoodShares: claim your included pack, open cards, and play Daily Lineup. It is a digital collectible. It is not a security, not a derivative, and not a claim on any stock or company.",hoodpass.png,https://www.hoodshares.xyz,01,HoodPass,Robinhood Chain
470,HoodPass,"Season 01 HoodPass on Robinhood Chain. This pass is the door to HoodShares: claim your included pack, open cards, and play Daily Lineup. It is a digital collectible. It is not a security, not a derivative, and not a claim on any stock or company.",hoodpass.png,https://www.hoodshares.xyz,01,HoodPass,Robinhood Chain
471,HoodPass,"Season 01 HoodPass on Robinhood Chain. This pass is the door to HoodShares: claim your included pack, open cards, and play Daily Lineup. It is a digital collectible. It is not a security, not a derivative, and not a claim on any stock or company.",hoodpass.png,https://www.hoodshares.xyz,01,HoodPass,Robinhood Chain
472,HoodPass,"Season 01 HoodPass on Robinhood Chain. This pass is the door to HoodShares: claim your included pack, open cards, and play Daily Lineup. It is a digital collectible. It is not a security, not a derivative, and not a claim on any stock or company.",hoodpass.png,https://www.hoodshares.xyz,01,HoodPass,Robinhood Chain
473,HoodPass,"Season 01 HoodPass on Robinhood Chain. This pass is the door to HoodShares: claim your included pack, open cards, and play Daily Lineup. It is a digital collectible. It is not a security, not a derivative, and not a claim on any stock or company.",hoodpass.png,https://www.hoodshares.xyz,01,HoodPass,Robinhood Chain
474,HoodPass,"Season 01 HoodPass on Robinhood Chain. This pass is the door to HoodShares: claim your included pack, open cards, and play Daily Lineup. It is a digital collectible. It is not a security, not a derivative, and not a claim on any stock or company.",hoodpass.png,https://www.hoodshares.xyz,01,HoodPass,Robinhood Chain
475,HoodPass,"Season 01 HoodPass on Robinhood Chain. This pass is the door to HoodShares: claim your included pack, open cards, and play Daily Lineup. It is a digital collectible. It is not a security, not a derivative, and not a claim on any stock or company.",hoodpass.png,https://www.hoodshares.xyz,01,HoodPass,Robinhood Chain
476,HoodPass,"Season 01 HoodPass on Robinhood Chain. This pass is the door to HoodShares: claim your included pack, open cards, and play Daily Lineup. It is a digital collectible. It is not a security, not a derivative, and not a claim on any stock or company.",hoodpass.png,https://www.hoodshares.xyz,01,HoodPass,Robinhood Chain
477,HoodPass,"Season 01 HoodPass on Robinhood Chain. This pass is the door to HoodShares: claim your included pack, open cards, and play Daily Lineup. It is a digital collectible. It is not a security, not a derivative, and not a claim on any stock or company.",hoodpass.png,https://www.hoodshares.xyz,01,HoodPass,Robinhood Chain
478,HoodPass,"Season 01 HoodPass on Robinhood Chain. This pass is the door to HoodShares: claim your included pack, open cards, and play Daily Lineup. It is a digital collectible. It is not a security, not a derivative, and not a claim on any stock or company.",hoodpass.png,https://www.hoodshares.xyz,01,HoodPass,Robinhood Chain
479,HoodPass,"Season 01 HoodPass on Robinhood Chain. This pass is the door to HoodShares: claim your included pack, open cards, and play Daily Lineup. It is a digital collectible. It is not a security, not a derivative, and not a claim on any stock or company.",hoodpass.png,https://www.hoodshares.xyz,01,HoodPass,Robinhood Chain
480,HoodPass,"Season 01 HoodPass on Robinhood Chain. This pass is the door to HoodShares: claim your included pack, open cards, and play Daily Lineup. It is a digital collectible. It is not a security, not a derivative, and not a claim on any stock or company.",hoodpass.png,https://www.hoodshares.xyz,01,HoodPass,Robinhood Chain
481,HoodPass,"Season 01 HoodPass on Robinhood Chain. This pass is the door to HoodShares: claim your included pack, open cards, and play Daily Lineup. It is a digital collectible. It is not a security, not a derivative, and not a claim on any stock or company.",hoodpass.png,https://www.hoodshares.xyz,01,HoodPass,Robinhood Chain
482,HoodPass,"Season 01 HoodPass on Robinhood Chain. This pass is the door to HoodShares: claim your included pack, open cards, and play Daily Lineup. It is a digital collectible. It is not a security, not a derivative, and not a claim on any stock or company.",hoodpass.png,https://www.hoodshares.xyz,01,HoodPass,Robinhood Chain
483,HoodPass,"Season 01 HoodPass on Robinhood Chain. This pass is the door to HoodShares: claim your included pack, open cards, and play Daily Lineup. It is a digital collectible. It is not a security, not a derivative, and not a claim on any stock or company.",hoodpass.png,https://www.hoodshares.xyz,01,HoodPass,Robinhood Chain
484,HoodPass,"Season 01 HoodPass on Robinhood Chain. This pass is the door to HoodShares: claim your included pack, open cards, and play Daily Lineup. It is a digital collectible. It is not a security, not a derivative, and not a claim on any stock or company.",hoodpass.png,https://www.hoodshares.xyz,01,HoodPass,Robinhood Chain
485,HoodPass,"Season 01 HoodPass on Robinhood Chain. This pass is the door to HoodShares: claim your included pack, open cards, and play Daily Lineup. It is a digital collectible. It is not a security, not a derivative, and not a claim on any stock or company.",hoodpass.png,https://www.hoodshares.xyz,01,HoodPass,Robinhood Chain
486,HoodPass,"Season 01 HoodPass on Robinhood Chain. This pass is the door to HoodShares: claim your included pack, open cards, and play Daily Lineup. It is a digital collectible. It is not a security, not a derivative, and not a claim on any stock or company.",hoodpass.png,https://www.hoodshares.xyz,01,HoodPass,Robinhood Chain
487,HoodPass,"Season 01 HoodPass on Robinhood Chain. This pass is the door to HoodShares: claim your included pack, open cards, and play Daily Lineup. It is a digital collectible. It is not a security, not a derivative, and not a claim on any stock or company.",hoodpass.png,https://www.hoodshares.xyz,01,HoodPass,Robinhood Chain
488,HoodPass,"Season 01 HoodPass on Robinhood Chain. This pass is the door to HoodShares: claim your included pack, open cards, and play Daily Lineup. It is a digital collectible. It is not a security, not a derivative, and not a claim on any stock or company.",hoodpass.png,https://www.hoodshares.xyz,01,HoodPass,Robinhood Chain
489,HoodPass,"Season 01 HoodPass on Robinhood Chain. This pass is the door to HoodShares: claim your included pack, open cards, and play Daily Lineup. It is a digital collectible. It is not a security, not a derivative, and not a claim on any stock or company.",hoodpass.png,https://www.hoodshares.xyz,01,HoodPass,Robinhood Chain
490,HoodPass,"Season 01 HoodPass on Robinhood Chain. This pass is the door to HoodShares: claim your included pack, open cards, and play Daily Lineup. It is a digital collectible. It is not a security, not a derivative, and not a claim on any stock or company.",hoodpass.png,https://www.hoodshares.xyz,01,HoodPass,Robinhood Chain
491,HoodPass,"Season 01 HoodPass on Robinhood Chain. This pass is the door to HoodShares: claim your included pack, open cards, and play Daily Lineup. It is a digital collectible. It is not a security, not a derivative, and not a claim on any stock or company.",hoodpass.png,https://www.hoodshares.xyz,01,HoodPass,Robinhood Chain
492,HoodPass,"Season 01 HoodPass on Robinhood Chain. This pass is the door to HoodShares: claim your included pack, open cards, and play Daily Lineup. It is a digital collectible. It is not a security, not a derivative, and not a claim on any stock or company.",hoodpass.png,https://www.hoodshares.xyz,01,HoodPass,Robinhood Chain
493,HoodPass,"Season 01 HoodPass on Robinhood Chain. This pass is the door to HoodShares: claim your included pack, open cards, and play Daily Lineup. It is a digital collectible. It is not a security, not a derivative, and not a claim on any stock or company.",hoodpass.png,https://www.hoodshares.xyz,01,HoodPass,Robinhood Chain
494,HoodPass,"Season 01 HoodPass on Robinhood Chain. This pass is the door to HoodShares: claim your included pack, open cards, and play Daily Lineup. It is a digital collectible. It is not a security, not a derivative, and not a claim on any stock or company.",hoodpass.png,https://www.hoodshares.xyz,01,HoodPass,Robinhood Chain
495,HoodPass,"Season 01 HoodPass on Robinhood Chain. This pass is the door to HoodShares: claim your included pack, open cards, and play Daily Lineup. It is a digital collectible. It is not a security, not a derivative, and not a claim on any stock or company.",hoodpass.png,https://www.hoodshares.xyz,01,HoodPass,Robinhood Chain
496,HoodPass,"Season 01 HoodPass on Robinhood Chain. This pass is the door to HoodShares: claim your included pack, open cards, and play Daily Lineup. It is a digital collectible. It is not a security, not a derivative, and not a claim on any stock or company.",hoodpass.png,https://www.hoodshares.xyz,01,HoodPass,Robinhood Chain
497,HoodPass,"Season 01 HoodPass on Robinhood Chain. This pass is the door to HoodShares: claim your included pack, open cards, and play Daily Lineup. It is a digital collectible. It is not a security, not a derivative, and not a claim on any stock or company.",hoodpass.png,https://www.hoodshares.xyz,01,HoodPass,Robinhood Chain
498,HoodPass,"Season 01 HoodPass on Robinhood Chain. This pass is the door to HoodShares: claim your included pack, open cards, and play Daily Lineup. It is a digital collectible. It is not a security, not a derivative, and not a claim on any stock or company.",hoodpass.png,https://www.hoodshares.xyz,01,HoodPass,Robinhood Chain
499,HoodPass,"Season 01 HoodPass on Robinhood Chain. This pass is the door to HoodShares: claim your included pack, open cards, and play Daily Lineup. It is a digital collectible. It is not a security, not a derivative, and not a claim on any stock or company.",hoodpass.png,https://www.hoodshares.xyz,01,HoodPass,Robinhood Chain
500,HoodPass,"Season 01 HoodPass on Robinhood Chain. This pass is the door to HoodShares: claim your included pack, open cards, and play Daily Lineup. It is a digital collectible. It is not a security, not a derivative, and not a claim on any stock or company.",hoodpass.png,https://www.hoodshares.xyz,01,HoodPass,Robinhood Chain
501,HoodPass,"Season 01 HoodPass on Robinhood Chain. This pass is the door to HoodShares: claim your included pack, open cards, and play Daily Lineup. It is a digital collectible. It is not a security, not a derivative, and not a claim on any stock or company.",hoodpass.png,https://www.hoodshares.xyz,01,HoodPass,Robinhood Chain
502,HoodPass,"Season 01 HoodPass on Robinhood Chain. This pass is the door to HoodShares: claim your included pack, open cards, and play Daily Lineup. It is a digital collectible. It is not a security, not a derivative, and not a claim on any stock or company.",hoodpass.png,https://www.hoodshares.xyz,01,HoodPass,Robinhood Chain
503,HoodPass,"Season 01 HoodPass on Robinhood Chain. This pass is the door to HoodShares: claim your included pack, open cards, and play Daily Lineup. It is a digital collectible. It is not a security, not a derivative, and not a claim on any stock or company.",hoodpass.png,https://www.hoodshares.xyz,01,HoodPass,Robinhood Chain
504,HoodPass,"Season 01 HoodPass on Robinhood Chain. This pass is the door to HoodShares: claim your included pack, open cards, and play Daily Lineup. It is a digital collectible. It is not a security, not a derivative, and not a claim on any stock or company.",hoodpass.png,https://www.hoodshares.xyz,01,HoodPass,Robinhood Chain
505,HoodPass,"Season 01 HoodPass on Robinhood Chain. This pass is the door to HoodShares: claim your included pack, open cards, and play Daily Lineup. It is a digital collectible. It is not a security, not a derivative, and not a claim on any stock or company.",hoodpass.png,https://www.hoodshares.xyz,01,HoodPass,Robinhood Chain
506,HoodPass,"Season 01 HoodPass on Robinhood Chain. This pass is the door to HoodShares: claim your included pack, open cards, and play Daily Lineup. It is a digital collectible. It is not a security, not a derivative, and not a claim on any stock or company.",hoodpass.png,https://www.hoodshares.xyz,01,HoodPass,Robinhood Chain
507,HoodPass,"Season 01 HoodPass on Robinhood Chain. This pass is the door to HoodShares: claim your included pack, open cards, and play Daily Lineup. It is a digital collectible. It is not a security, not a derivative, and not a claim on any stock or company.",hoodpass.png,https://www.hoodshares.xyz,01,HoodPass,Robinhood Chain
508,HoodPass,"Season 01 HoodPass on Robinhood Chain. This pass is the door to HoodShares: claim your included pack, open cards, and play Daily Lineup. It is a digital collectible. It is not a security, not a derivative, and not a claim on any stock or company.",hoodpass.png,https://www.hoodshares.xyz,01,HoodPass,Robinhood Chain
509,HoodPass,"Season 01 HoodPass on Robinhood Chain. This pass is the door to HoodShares: claim your included pack, open cards, and play Daily Lineup. It is a digital collectible. It is not a security, not a derivative, and not a claim on any stock or company.",hoodpass.png,https://www.hoodshares.xyz,01,HoodPass,Robinhood Chain
510,HoodPass,"Season 01 HoodPass on Robinhood Chain. This pass is the door to HoodShares: claim your included pack, open cards, and play Daily Lineup. It is a digital collectible. It is not a security, not a derivative, and not a claim on any stock or company.",hoodpass.png,https://www.hoodshares.xyz,01,HoodPass,Robinhood Chain
511,HoodPass,"Season 01 HoodPass on Robinhood Chain. This pass is the door to HoodShares: claim your included pack, open cards, and play Daily Lineup. It is a digital collectible. It is not a security, not a derivative, and not a claim on any stock or company.",hoodpass.png,https://www.hoodshares.xyz,01,HoodPass,Robinhood Chain
512,HoodPass,"Season 01 HoodPass on Robinhood Chain. This pass is the door to HoodShares: claim your included pack, open cards, and play Daily Lineup. It is a digital collectible. It is not a security, not a derivative, and not a claim on any stock or company.",hoodpass.png,https://www.hoodshares.xyz,01,HoodPass,Robinhood Chain
513,HoodPass,"Season 01 HoodPass on Robinhood Chain. This pass is the door to HoodShares: claim your included pack, open cards, and play Daily Lineup. It is a digital collectible. It is not a security, not a derivative, and not a claim on any stock or company.",hoodpass.png,https://www.hoodshares.xyz,01,HoodPass,Robinhood Chain
514,HoodPass,"Season 01 HoodPass on Robinhood Chain. This pass is the door to HoodShares: claim your included pack, open cards, and play Daily Lineup. It is a digital collectible. It is not a security, not a derivative, and not a claim on any stock or company.",hoodpass.png,https://www.hoodshares.xyz,01,HoodPass,Robinhood Chain
515,HoodPass,"Season 01 HoodPass on Robinhood Chain. This pass is the door to HoodShares: claim your included pack, open cards, and play Daily Lineup. It is a digital collectible. It is not a security, not a derivative, and not a claim on any stock or company.",hoodpass.png,https://www.hoodshares.xyz,01,HoodPass,Robinhood Chain
516,HoodPass,"Season 01 HoodPass on Robinhood Chain. This pass is the door to HoodShares: claim your included pack, open cards, and play Daily Lineup. It is a digital collectible. It is not a security, not a derivative, and not a claim on any stock or company.",hoodpass.png,https://www.hoodshares.xyz,01,HoodPass,Robinhood Chain
517,HoodPass,"Season 01 HoodPass on Robinhood Chain. This pass is the door to HoodShares: claim your included pack, open cards, and play Daily Lineup. It is a digital collectible. It is not a security, not a derivative, and not a claim on any stock or company.",hoodpass.png,https://www.hoodshares.xyz,01,HoodPass,Robinhood Chain
518,HoodPass,"Season 01 HoodPass on Robinhood Chain. This pass is the door to HoodShares: claim your included pack, open cards, and play Daily Lineup. It is a digital collectible. It is not a security, not a derivative, and not a claim on any stock or company.",hoodpass.png,https://www.hoodshares.xyz,01,HoodPass,Robinhood Chain
519,HoodPass,"Season 01 HoodPass on Robinhood Chain. This pass is the door to HoodShares: claim your included pack, open cards, and play Daily Lineup. It is a digital collectible. It is not a security, not a derivative, and not a claim on any stock or company.",hoodpass.png,https://www.hoodshares.xyz,01,HoodPass,Robinhood Chain
520,HoodPass,"Season 01 HoodPass on Robinhood Chain. This pass is the door to HoodShares: claim your included pack, open cards, and play Daily Lineup. It is a digital collectible. It is not a security, not a derivative, and not a claim on any stock or company.",hoodpass.png,https://www.hoodshares.xyz,01,HoodPass,Robinhood Chain
521,HoodPass,"Season 01 HoodPass on Robinhood Chain. This pass is the door to HoodShares: claim your included pack, open cards, and play Daily Lineup. It is a digital collectible. It is not a security, not a derivative, and not a claim on any stock or company.",hoodpass.png,https://www.hoodshares.xyz,01,HoodPass,Robinhood Chain
522,HoodPass,"Season 01 HoodPass on Robinhood Chain. This pass is the door to HoodShares: claim your included pack, open cards, and play Daily Lineup. It is a digital collectible. It is not a security, not a derivative, and not a claim on any stock or company.",hoodpass.png,https://www.hoodshares.xyz,01,HoodPass,Robinhood Chain
523,HoodPass,"Season 01 HoodPass on Robinhood Chain. This pass is the door to HoodShares: claim your included pack, open cards, and play Daily Lineup. It is a digital collectible. It is not a security, not a derivative, and not a claim on any stock or company.",hoodpass.png,https://www.hoodshares.xyz,01,HoodPass,Robinhood Chain
524,HoodPass,"Season 01 HoodPass on Robinhood Chain. This pass is the door to HoodShares: claim your included pack, open cards, and play Daily Lineup. It is a digital collectible. It is not a security, not a derivative, and not a claim on any stock or company.",hoodpass.png,https://www.hoodshares.xyz,01,HoodPass,Robinhood Chain
525,HoodPass,"Season 01 HoodPass on Robinhood Chain. This pass is the door to HoodShares: claim your included pack, open cards, and play Daily Lineup. It is a digital collectible. It is not a security, not a derivative, and not a claim on any stock or company.",hoodpass.png,https://www.hoodshares.xyz,01,HoodPass,Robinhood Chain
526,HoodPass,"Season 01 HoodPass on Robinhood Chain. This pass is the door to HoodShares: claim your included pack, open cards, and play Daily Lineup. It is a digital collectible. It is not a security, not a derivative, and not a claim on any stock or company.",hoodpass.png,https://www.hoodshares.xyz,01,HoodPass,Robinhood Chain
527,HoodPass,"Season 01 HoodPass on Robinhood Chain. This pass is the door to HoodShares: claim your included pack, open cards, and play Daily Lineup. It is a digital collectible. It is not a security, not a derivative, and not a claim on any stock or company.",hoodpass.png,https://www.hoodshares.xyz,01,HoodPass,Robinhood Chain
528,HoodPass,"Season 01 HoodPass on Robinhood Chain. This pass is the door to HoodShares: claim your included pack, open cards, and play Daily Lineup. It is a digital collectible. It is not a security, not a derivative, and not a claim on any stock or company.",hoodpass.png,https://www.hoodshares.xyz,01,HoodPass,Robinhood Chain
529,HoodPass,"Season 01 HoodPass on Robinhood Chain. This pass is the door to HoodShares: claim your included pack, open cards, and play Daily Lineup. It is a digital collectible. It is not a security, not a derivative, and not a claim on any stock or company.",hoodpass.png,https://www.hoodshares.xyz,01,HoodPass,Robinhood Chain
530,HoodPass,"Season 01 HoodPass on Robinhood Chain. This pass is the door to HoodShares: claim your included pack, open cards, and play Daily Lineup. It is a digital collectible. It is not a security, not a derivative, and not a claim on any stock or company.",hoodpass.png,https://www.hoodshares.xyz,01,HoodPass,Robinhood Chain
531,HoodPass,"Season 01 HoodPass on Robinhood Chain. This pass is the door to HoodShares: claim your included pack, open cards, and play Daily Lineup. It is a digital collectible. It is not a security, not a derivative, and not a claim on any stock or company.",hoodpass.png,https://www.hoodshares.xyz,01,HoodPass,Robinhood Chain
532,HoodPass,"Season 01 HoodPass on Robinhood Chain. This pass is the door to HoodShares: claim your included pack, open cards, and play Daily Lineup. It is a digital collectible. It is not a security, not a derivative, and not a claim on any stock or company.",hoodpass.png,https://www.hoodshares.xyz,01,HoodPass,Robinhood Chain
533,HoodPass,"Season 01 HoodPass on Robinhood Chain. This pass is the door to HoodShares: claim your included pack, open cards, and play Daily Lineup. It is a digital collectible. It is not a security, not a derivative, and not a claim on any stock or company.",hoodpass.png,https://www.hoodshares.xyz,01,HoodPass,Robinhood Chain
534,HoodPass,"Season 01 HoodPass on Robinhood Chain. This pass is the door to HoodShares: claim your included pack, open cards, and play Daily Lineup. It is a digital collectible. It is not a security, not a derivative, and not a claim on any stock or company.",hoodpass.png,https://www.hoodshares.xyz,01,HoodPass,Robinhood Chain
535,HoodPass,"Season 01 HoodPass on Robinhood Chain. This pass is the door to HoodShares: claim your included pack, open cards, and play Daily Lineup. It is a digital collectible. It is not a security, not a derivative, and not a claim on any stock or company.",hoodpass.png,https://www.hoodshares.xyz,01,HoodPass,Robinhood Chain
536,HoodPass,"Season 01 HoodPass on Robinhood Chain. This pass is the door to HoodShares: claim your included pack, open cards, and play Daily Lineup. It is a digital collectible. It is not a security, not a derivative, and not a claim on any stock or company.",hoodpass.png,https://www.hoodshares.xyz,01,HoodPass,Robinhood Chain
537,HoodPass,"Season 01 HoodPass on Robinhood Chain. This pass is the door to HoodShares: claim your included pack, open cards, and play Daily Lineup. It is a digital collectible. It is not a security, not a derivative, and not a claim on any stock or company.",hoodpass.png,https://www.hoodshares.xyz,01,HoodPass,Robinhood Chain
538,HoodPass,"Season 01 HoodPass on Robinhood Chain. This pass is the door to HoodShares: claim your included pack, open cards, and play Daily Lineup. It is a digital collectible. It is not a security, not a derivative, and not a claim on any stock or company.",hoodpass.png,https://www.hoodshares.xyz,01,HoodPass,Robinhood Chain
539,HoodPass,"Season 01 HoodPass on Robinhood Chain. This pass is the door to HoodShares: claim your included pack, open cards, and play Daily Lineup. It is a digital collectible. It is not a security, not a derivative, and not a claim on any stock or company.",hoodpass.png,https://www.hoodshares.xyz,01,HoodPass,Robinhood Chain
540,HoodPass,"Season 01 HoodPass on Robinhood Chain. This pass is the door to HoodShares: claim your included pack, open cards, and play Daily Lineup. It is a digital collectible. It is not a security, not a derivative, and not a claim on any stock or company.",hoodpass.png,https://www.hoodshares.xyz,01,HoodPass,Robinhood Chain
541,HoodPass,"Season 01 HoodPass on Robinhood Chain. This pass is the door to HoodShares: claim your included pack, open cards, and play Daily Lineup. It is a digital collectible. It is not a security, not a derivative, and not a claim on any stock or company.",hoodpass.png,https://www.hoodshares.xyz,01,HoodPass,Robinhood Chain
542,HoodPass,"Season 01 HoodPass on Robinhood Chain. This pass is the door to HoodShares: claim your included pack, open cards, and play Daily Lineup. It is a digital collectible. It is not a security, not a derivative, and not a claim on any stock or company.",hoodpass.png,https://www.hoodshares.xyz,01,HoodPass,Robinhood Chain
543,HoodPass,"Season 01 HoodPass on Robinhood Chain. This pass is the door to HoodShares: claim your included pack, open cards, and play Daily Lineup. It is a digital collectible. It is not a security, not a derivative, and not a claim on any stock or company.",hoodpass.png,https://www.hoodshares.xyz,01,HoodPass,Robinhood Chain
544,HoodPass,"Season 01 HoodPass on Robinhood Chain. This pass is the door to HoodShares: claim your included pack, open cards, and play Daily Lineup. It is a digital collectible. It is not a security, not a derivative, and not a claim on any stock or company.",hoodpass.png,https://www.hoodshares.xyz,01,HoodPass,Robinhood Chain
545,HoodPass,"Season 01 HoodPass on Robinhood Chain. This pass is the door to HoodShares: claim your included pack, open cards, and play Daily Lineup. It is a digital collectible. It is not a security, not a derivative, and not a claim on any stock or company.",hoodpass.png,https://www.hoodshares.xyz,01,HoodPass,Robinhood Chain
546,HoodPass,"Season 01 HoodPass on Robinhood Chain. This pass is the door to HoodShares: claim your included pack, open cards, and play Daily Lineup. It is a digital collectible. It is not a security, not a derivative, and not a claim on any stock or company.",hoodpass.png,https://www.hoodshares.xyz,01,HoodPass,Robinhood Chain
547,HoodPass,"Season 01 HoodPass on Robinhood Chain. This pass is the door to HoodShares: claim your included pack, open cards, and play Daily Lineup. It is a digital collectible. It is not a security, not a derivative, and not a claim on any stock or company.",hoodpass.png,https://www.hoodshares.xyz,01,HoodPass,Robinhood Chain
548,HoodPass,"Season 01 HoodPass on Robinhood Chain. This pass is the door to HoodShares: claim your included pack, open cards, and play Daily Lineup. It is a digital collectible. It is not a security, not a derivative, and not a claim on any stock or company.",hoodpass.png,https://www.hoodshares.xyz,01,HoodPass,Robinhood Chain
549,HoodPass,"Season 01 HoodPass on Robinhood Chain. This pass is the door to HoodShares: claim your included pack, open cards, and play Daily Lineup. It is a digital collectible. It is not a security, not a derivative, and not a claim on any stock or company.",hoodpass.png,https://www.hoodshares.xyz,01,HoodPass,Robinhood Chain
550,HoodPass,"Season 01 HoodPass on Robinhood Chain. This pass is the door to HoodShares: claim your included pack, open cards, and play Daily Lineup. It is a digital collectible. It is not a security, not a derivative, and not a claim on any stock or company.",hoodpass.png,https://www.hoodshares.xyz,01,HoodPass,Robinhood Chain
551,HoodPass,"Season 01 HoodPass on Robinhood Chain. This pass is the door to HoodShares: claim your included pack, open cards, and play Daily Lineup. It is a digital collectible. It is not a security, not a derivative, and not a claim on any stock or company.",hoodpass.png,https://www.hoodshares.xyz,01,HoodPass,Robinhood Chain
552,HoodPass,"Season 01 HoodPass on Robinhood Chain. This pass is the door to HoodShares: claim your included pack, open cards, and play Daily Lineup. It is a digital collectible. It is not a security, not a derivative, and not a claim on any stock or company.",hoodpass.png,https://www.hoodshares.xyz,01,HoodPass,Robinhood Chain
553,HoodPass,"Season 01 HoodPass on Robinhood Chain. This pass is the door to HoodShares: claim your included pack, open cards, and play Daily Lineup. It is a digital collectible. It is not a security, not a derivative, and not a claim on any stock or company.",hoodpass.png,https://www.hoodshares.xyz,01,HoodPass,Robinhood Chain
554,HoodPass,"Season 01 HoodPass on Robinhood Chain. This pass is the door to HoodShares: claim your included pack, open cards, and play Daily Lineup. It is a digital collectible. It is not a security, not a derivative, and not a claim on any stock or company.",hoodpass.png,https://www.hoodshares.xyz,01,HoodPass,Robinhood Chain
555,HoodPass,"Season 01 HoodPass on Robinhood Chain. This pass is the door to HoodShares: claim your included pack, open cards, and play Daily Lineup. It is a digital collectible. It is not a security, not a derivative, and not a claim on any stock or company.",hoodpass.png,https://www.hoodshares.xyz,01,HoodPass,Robinhood Chain
556,HoodPass,"Season 01 HoodPass on Robinhood Chain. This pass is the door to HoodShares: claim your included pack, open cards, and play Daily Lineup. It is a digital collectible. It is not a security, not a derivative, and not a claim on any stock or company.",hoodpass.png,https://www.hoodshares.xyz,01,HoodPass,Robinhood Chain
557,HoodPass,"Season 01 HoodPass on Robinhood Chain. This pass is the door to HoodShares: claim your included pack, open cards, and play Daily Lineup. It is a digital collectible. It is not a security, not a derivative, and not a claim on any stock or company.",hoodpass.png,https://www.hoodshares.xyz,01,HoodPass,Robinhood Chain
558,HoodPass,"Season 01 HoodPass on Robinhood Chain. This pass is the door to HoodShares: claim your included pack, open cards, and play Daily Lineup. It is a digital collectible. It is not a security, not a derivative, and not a claim on any stock or company.",hoodpass.png,https://www.hoodshares.xyz,01,HoodPass,Robinhood Chain
559,HoodPass,"Season 01 HoodPass on Robinhood Chain. This pass is the door to HoodShares: claim your included pack, open cards, and play Daily Lineup. It is a digital collectible. It is not a security, not a derivative, and not a claim on any stock or company.",hoodpass.png,https://www.hoodshares.xyz,01,HoodPass,Robinhood Chain
560,HoodPass,"Season 01 HoodPass on Robinhood Chain. This pass is the door to HoodShares: claim your included pack, open cards, and play Daily Lineup. It is a digital collectible. It is not a security, not a derivative, and not a claim on any stock or company.",hoodpass.png,https://www.hoodshares.xyz,01,HoodPass,Robinhood Chain
561,HoodPass,"Season 01 HoodPass on Robinhood Chain. This pass is the door to HoodShares: claim your included pack, open cards, and play Daily Lineup. It is a digital collectible. It is not a security, not a derivative, and not a claim on any stock or company.",hoodpass.png,https://www.hoodshares.xyz,01,HoodPass,Robinhood Chain
562,HoodPass,"Season 01 HoodPass on Robinhood Chain. This pass is the door to HoodShares: claim your included pack, open cards, and play Daily Lineup. It is a digital collectible. It is not a security, not a derivative, and not a claim on any stock or company.",hoodpass.png,https://www.hoodshares.xyz,01,HoodPass,Robinhood Chain
563,HoodPass,"Season 01 HoodPass on Robinhood Chain. This pass is the door to HoodShares: claim your included pack, open cards, and play Daily Lineup. It is a digital collectible. It is not a security, not a derivative, and not a claim on any stock or company.",hoodpass.png,https://www.hoodshares.xyz,01,HoodPass,Robinhood Chain
564,HoodPass,"Season 01 HoodPass on Robinhood Chain. This pass is the door to HoodShares: claim your included pack, open cards, and play Daily Lineup. It is a digital collectible. It is not a security, not a derivative, and not a claim on any stock or company.",hoodpass.png,https://www.hoodshares.xyz,01,HoodPass,Robinhood Chain
565,HoodPass,"Season 01 HoodPass on Robinhood Chain. This pass is the door to HoodShares: claim your included pack, open cards, and play Daily Lineup. It is a digital collectible. It is not a security, not a derivative, and not a claim on any stock or company.",hoodpass.png,https://www.hoodshares.xyz,01,HoodPass,Robinhood Chain
566,HoodPass,"Season 01 HoodPass on Robinhood Chain. This pass is the door to HoodShares: claim your included pack, open cards, and play Daily Lineup. It is a digital collectible. It is not a security, not a derivative, and not a claim on any stock or company.",hoodpass.png,https://www.hoodshares.xyz,01,HoodPass,Robinhood Chain
567,HoodPass,"Season 01 HoodPass on Robinhood Chain. This pass is the door to HoodShares: claim your included pack, open cards, and play Daily Lineup. It is a digital collectible. It is not a security, not a derivative, and not a claim on any stock or company.",hoodpass.png,https://www.hoodshares.xyz,01,HoodPass,Robinhood Chain
568,HoodPass,"Season 01 HoodPass on Robinhood Chain. This pass is the door to HoodShares: claim your included pack, open cards, and play Daily Lineup. It is a digital collectible. It is not a security, not a derivative, and not a claim on any stock or company.",hoodpass.png,https://www.hoodshares.xyz,01,HoodPass,Robinhood Chain
569,HoodPass,"Season 01 HoodPass on Robinhood Chain. This pass is the door to HoodShares: claim your included pack, open cards, and play Daily Lineup. It is a digital collectible. It is not a security, not a derivative, and not a claim on any stock or company.",hoodpass.png,https://www.hoodshares.xyz,01,HoodPass,Robinhood Chain
570,HoodPass,"Season 01 HoodPass on Robinhood Chain. This pass is the door to HoodShares: claim your included pack, open cards, and play Daily Lineup. It is a digital collectible. It is not a security, not a derivative, and not a claim on any stock or company.",hoodpass.png,https://www.hoodshares.xyz,01,HoodPass,Robinhood Chain
571,HoodPass,"Season 01 HoodPass on Robinhood Chain. This pass is the door to HoodShares: claim your included pack, open cards, and play Daily Lineup. It is a digital collectible. It is not a security, not a derivative, and not a claim on any stock or company.",hoodpass.png,https://www.hoodshares.xyz,01,HoodPass,Robinhood Chain
572,HoodPass,"Season 01 HoodPass on Robinhood Chain. This pass is the door to HoodShares: claim your included pack, open cards, and play Daily Lineup. It is a digital collectible. It is not a security, not a derivative, and not a claim on any stock or company.",hoodpass.png,https://www.hoodshares.xyz,01,HoodPass,Robinhood Chain
573,HoodPass,"Season 01 HoodPass on Robinhood Chain. This pass is the door to HoodShares: claim your included pack, open cards, and play Daily Lineup. It is a digital collectible. It is not a security, not a derivative, and not a claim on any stock or company.",hoodpass.png,https://www.hoodshares.xyz,01,HoodPass,Robinhood Chain
574,HoodPass,"Season 01 HoodPass on Robinhood Chain. This pass is the door to HoodShares: claim your included pack, open cards, and play Daily Lineup. It is a digital collectible. It is not a security, not a derivative, and not a claim on any stock or company.",hoodpass.png,https://www.hoodshares.xyz,01,HoodPass,Robinhood Chain
575,HoodPass,"Season 01 HoodPass on Robinhood Chain. This pass is the door to HoodShares: claim your included pack, open cards, and play Daily Lineup. It is a digital collectible. It is not a security, not a derivative, and not a claim on any stock or company.",hoodpass.png,https://www.hoodshares.xyz,01,HoodPass,Robinhood Chain
576,HoodPass,"Season 01 HoodPass on Robinhood Chain. This pass is the door to HoodShares: claim your included pack, open cards, and play Daily Lineup. It is a digital collectible. It is not a security, not a derivative, and not a claim on any stock or company.",hoodpass.png,https://www.hoodshares.xyz,01,HoodPass,Robinhood Chain
577,HoodPass,"Season 01 HoodPass on Robinhood Chain. This pass is the door to HoodShares: claim your included pack, open cards, and play Daily Lineup. It is a digital collectible. It is not a security, not a derivative, and not a claim on any stock or company.",hoodpass.png,https://www.hoodshares.xyz,01,HoodPass,Robinhood Chain
578,HoodPass,"Season 01 HoodPass on Robinhood Chain. This pass is the door to HoodShares: claim your included pack, open cards, and play Daily Lineup. It is a digital collectible. It is not a security, not a derivative, and not a claim on any stock or company.",hoodpass.png,https://www.hoodshares.xyz,01,HoodPass,Robinhood Chain
579,HoodPass,"Season 01 HoodPass on Robinhood Chain. This pass is the door to HoodShares: claim your included pack, open cards, and play Daily Lineup. It is a digital collectible. It is not a security, not a derivative, and not a claim on any stock or company.",hoodpass.png,https://www.hoodshares.xyz,01,HoodPass,Robinhood Chain
580,HoodPass,"Season 01 HoodPass on Robinhood Chain. This pass is the door to HoodShares: claim your included pack, open cards, and play Daily Lineup. It is a digital collectible. It is not a security, not a derivative, and not a claim on any stock or company.",hoodpass.png,https://www.hoodshares.xyz,01,HoodPass,Robinhood Chain
581,HoodPass,"Season 01 HoodPass on Robinhood Chain. This pass is the door to HoodShares: claim your included pack, open cards, and play Daily Lineup. It is a digital collectible. It is not a security, not a derivative, and not a claim on any stock or company.",hoodpass.png,https://www.hoodshares.xyz,01,HoodPass,Robinhood Chain
582,HoodPass,"Season 01 HoodPass on Robinhood Chain. This pass is the door to HoodShares: claim your included pack, open cards, and play Daily Lineup. It is a digital collectible. It is not a security, not a derivative, and not a claim on any stock or company.",hoodpass.png,https://www.hoodshares.xyz,01,HoodPass,Robinhood Chain
583,HoodPass,"Season 01 HoodPass on Robinhood Chain. This pass is the door to HoodShares: claim your included pack, open cards, and play Daily Lineup. It is a digital collectible. It is not a security, not a derivative, and not a claim on any stock or company.",hoodpass.png,https://www.hoodshares.xyz,01,HoodPass,Robinhood Chain
584,HoodPass,"Season 01 HoodPass on Robinhood Chain. This pass is the door to HoodShares: claim your included pack, open cards, and play Daily Lineup. It is a digital collectible. It is not a security, not a derivative, and not a claim on any stock or company.",hoodpass.png,https://www.hoodshares.xyz,01,HoodPass,Robinhood Chain
585,HoodPass,"Season 01 HoodPass on Robinhood Chain. This pass is the door to HoodShares: claim your included pack, open cards, and play Daily Lineup. It is a digital collectible. It is not a security, not a derivative, and not a claim on any stock or company.",hoodpass.png,https://www.hoodshares.xyz,01,HoodPass,Robinhood Chain
586,HoodPass,"Season 01 HoodPass on Robinhood Chain. This pass is the door to HoodShares: claim your included pack, open cards, and play Daily Lineup. It is a digital collectible. It is not a security, not a derivative, and not a claim on any stock or company.",hoodpass.png,https://www.hoodshares.xyz,01,HoodPass,Robinhood Chain
587,HoodPass,"Season 01 HoodPass on Robinhood Chain. This pass is the door to HoodShares: claim your included pack, open cards, and play Daily Lineup. It is a digital collectible. It is not a security, not a derivative, and not a claim on any stock or company.",hoodpass.png,https://www.hoodshares.xyz,01,HoodPass,Robinhood Chain
588,HoodPass,"Season 01 HoodPass on Robinhood Chain. This pass is the door to HoodShares: claim your included pack, open cards, and play Daily Lineup. It is a digital collectible. It is not a security, not a derivative, and not a claim on any stock or company.",hoodpass.png,https://www.hoodshares.xyz,01,HoodPass,Robinhood Chain
589,HoodPass,"Season 01 HoodPass on Robinhood Chain. This pass is the door to HoodShares: claim your included pack, open cards, and play Daily Lineup. It is a digital collectible. It is not a security, not a derivative, and not a claim on any stock or company.",hoodpass.png,https://www.hoodshares.xyz,01,HoodPass,Robinhood Chain
590,HoodPass,"Season 01 HoodPass on Robinhood Chain. This pass is the door to HoodShares: claim your included pack, open cards, and play Daily Lineup. It is a digital collectible. It is not a security, not a derivative, and not a claim on any stock or company.",hoodpass.png,https://www.hoodshares.xyz,01,HoodPass,Robinhood Chain
591,HoodPass,"Season 01 HoodPass on Robinhood Chain. This pass is the door to HoodShares: claim your included pack, open cards, and play Daily Lineup. It is a digital collectible. It is not a security, not a derivative, and not a claim on any stock or company.",hoodpass.png,https://www.hoodshares.xyz,01,HoodPass,Robinhood Chain
592,HoodPass,"Season 01 HoodPass on Robinhood Chain. This pass is the door to HoodShares: claim your included pack, open cards, and play Daily Lineup. It is a digital collectible. It is not a security, not a derivative, and not a claim on any stock or company.",hoodpass.png,https://www.hoodshares.xyz,01,HoodPass,Robinhood Chain
593,HoodPass,"Season 01 HoodPass on Robinhood Chain. This pass is the door to HoodShares: claim your included pack, open cards, and play Daily Lineup. It is a digital collectible. It is not a security, not a derivative, and not a claim on any stock or company.",hoodpass.png,https://www.hoodshares.xyz,01,HoodPass,Robinhood Chain
594,HoodPass,"Season 01 HoodPass on Robinhood Chain. This pass is the door to HoodShares: claim your included pack, open cards, and play Daily Lineup. It is a digital collectible. It is not a security, not a derivative, and not a claim on any stock or company.",hoodpass.png,https://www.hoodshares.xyz,01,HoodPass,Robinhood Chain
595,HoodPass,"Season 01 HoodPass on Robinhood Chain. This pass is the door to HoodShares: claim your included pack, open cards, and play Daily Lineup. It is a digital collectible. It is not a security, not a derivative, and not a claim on any stock or company.",hoodpass.png,https://www.hoodshares.xyz,01,HoodPass,Robinhood Chain
596,HoodPass,"Season 01 HoodPass on Robinhood Chain. This pass is the door to HoodShares: claim your included pack, open cards, and play Daily Lineup. It is a digital collectible. It is not a security, not a derivative, and not a claim on any stock or company.",hoodpass.png,https://www.hoodshares.xyz,01,HoodPass,Robinhood Chain
597,HoodPass,"Season 01 HoodPass on Robinhood Chain. This pass is the door to HoodShares: claim your included pack, open cards, and play Daily Lineup. It is a digital collectible. It is not a security, not a derivative, and not a claim on any stock or company.",hoodpass.png,https://www.hoodshares.xyz,01,HoodPass,Robinhood Chain
598,HoodPass,"Season 01 HoodPass on Robinhood Chain. This pass is the door to HoodShares: claim your included pack, open cards, and play Daily Lineup. It is a digital collectible. It is not a security, not a derivative, and not a claim on any stock or company.",hoodpass.png,https://www.hoodshares.xyz,01,HoodPass,Robinhood Chain
599,HoodPass,"Season 01 HoodPass on Robinhood Chain. This pass is the door to HoodShares: claim your included pack, open cards, and play Daily Lineup. It is a digital collectible. It is not a security, not a derivative, and not a claim on any stock or company.",hoodpass.png,https://www.hoodshares.xyz,01,HoodPass,Robinhood Chain
600,HoodPass,"Season 01 HoodPass on Robinhood Chain. This pass is the door to HoodShares: claim your included pack, open cards, and play Daily Lineup. It is a digital collectible. It is not a security, not a derivative, and not a claim on any stock or company.",hoodpass.png,https://www.hoodshares.xyz,01,HoodPass,Robinhood Chain
601,HoodPass,"Season 01 HoodPass on Robinhood Chain. This pass is the door to HoodShares: claim your included pack, open cards, and play Daily Lineup. It is a digital collectible. It is not a security, not a derivative, and not a claim on any stock or company.",hoodpass.png,https://www.hoodshares.xyz,01,HoodPass,Robinhood Chain
602,HoodPass,"Season 01 HoodPass on Robinhood Chain. This pass is the door to HoodShares: claim your included pack, open cards, and play Daily Lineup. It is a digital collectible. It is not a security, not a derivative, and not a claim on any stock or company.",hoodpass.png,https://www.hoodshares.xyz,01,HoodPass,Robinhood Chain
603,HoodPass,"Season 01 HoodPass on Robinhood Chain. This pass is the door to HoodShares: claim your included pack, open cards, and play Daily Lineup. It is a digital collectible. It is not a security, not a derivative, and not a claim on any stock or company.",hoodpass.png,https://www.hoodshares.xyz,01,HoodPass,Robinhood Chain
604,HoodPass,"Season 01 HoodPass on Robinhood Chain. This pass is the door to HoodShares: claim your included pack, open cards, and play Daily Lineup. It is a digital collectible. It is not a security, not a derivative, and not a claim on any stock or company.",hoodpass.png,https://www.hoodshares.xyz,01,HoodPass,Robinhood Chain
605,HoodPass,"Season 01 HoodPass on Robinhood Chain. This pass is the door to HoodShares: claim your included pack, open cards, and play Daily Lineup. It is a digital collectible. It is not a security, not a derivative, and not a claim on any stock or company.",hoodpass.png,https://www.hoodshares.xyz,01,HoodPass,Robinhood Chain
606,HoodPass,"Season 01 HoodPass on Robinhood Chain. This pass is the door to HoodShares: claim your included pack, open cards, and play Daily Lineup. It is a digital collectible. It is not a security, not a derivative, and not a claim on any stock or company.",hoodpass.png,https://www.hoodshares.xyz,01,HoodPass,Robinhood Chain
607,HoodPass,"Season 01 HoodPass on Robinhood Chain. This pass is the door to HoodShares: claim your included pack, open cards, and play Daily Lineup. It is a digital collectible. It is not a security, not a derivative, and not a claim on any stock or company.",hoodpass.png,https://www.hoodshares.xyz,01,HoodPass,Robinhood Chain
608,HoodPass,"Season 01 HoodPass on Robinhood Chain. This pass is the door to HoodShares: claim your included pack, open cards, and play Daily Lineup. It is a digital collectible. It is not a security, not a derivative, and not a claim on any stock or company.",hoodpass.png,https://www.hoodshares.xyz,01,HoodPass,Robinhood Chain
609,HoodPass,"Season 01 HoodPass on Robinhood Chain. This pass is the door to HoodShares: claim your included pack, open cards, and play Daily Lineup. It is a digital collectible. It is not a security, not a derivative, and not a claim on any stock or company.",hoodpass.png,https://www.hoodshares.xyz,01,HoodPass,Robinhood Chain
610,HoodPass,"Season 01 HoodPass on Robinhood Chain. This pass is the door to HoodShares: claim your included pack, open cards, and play Daily Lineup. It is a digital collectible. It is not a security, not a derivative, and not a claim on any stock or company.",hoodpass.png,https://www.hoodshares.xyz,01,HoodPass,Robinhood Chain
611,HoodPass,"Season 01 HoodPass on Robinhood Chain. This pass is the door to HoodShares: claim your included pack, open cards, and play Daily Lineup. It is a digital collectible. It is not a security, not a derivative, and not a claim on any stock or company.",hoodpass.png,https://www.hoodshares.xyz,01,HoodPass,Robinhood Chain
612,HoodPass,"Season 01 HoodPass on Robinhood Chain. This pass is the door to HoodShares: claim your included pack, open cards, and play Daily Lineup. It is a digital collectible. It is not a security, not a derivative, and not a claim on any stock or company.",hoodpass.png,https://www.hoodshares.xyz,01,HoodPass,Robinhood Chain
613,HoodPass,"Season 01 HoodPass on Robinhood Chain. This pass is the door to HoodShares: claim your included pack, open cards, and play Daily Lineup. It is a digital collectible. It is not a security, not a derivative, and not a claim on any stock or company.",hoodpass.png,https://www.hoodshares.xyz,01,HoodPass,Robinhood Chain
614,HoodPass,"Season 01 HoodPass on Robinhood Chain. This pass is the door to HoodShares: claim your included pack, open cards, and play Daily Lineup. It is a digital collectible. It is not a security, not a derivative, and not a claim on any stock or company.",hoodpass.png,https://www.hoodshares.xyz,01,HoodPass,Robinhood Chain
615,HoodPass,"Season 01 HoodPass on Robinhood Chain. This pass is the door to HoodShares: claim your included pack, open cards, and play Daily Lineup. It is a digital collectible. It is not a security, not a derivative, and not a claim on any stock or company.",hoodpass.png,https://www.hoodshares.xyz,01,HoodPass,Robinhood Chain
616,HoodPass,"Season 01 HoodPass on Robinhood Chain. This pass is the door to HoodShares: claim your included pack, open cards, and play Daily Lineup. It is a digital collectible. It is not a security, not a derivative, and not a claim on any stock or company.",hoodpass.png,https://www.hoodshares.xyz,01,HoodPass,Robinhood Chain
617,HoodPass,"Season 01 HoodPass on Robinhood Chain. This pass is the door to HoodShares: claim your included pack, open cards, and play Daily Lineup. It is a digital collectible. It is not a security, not a derivative, and not a claim on any stock or company.",hoodpass.png,https://www.hoodshares.xyz,01,HoodPass,Robinhood Chain
618,HoodPass,"Season 01 HoodPass on Robinhood Chain. This pass is the door to HoodShares: claim your included pack, open cards, and play Daily Lineup. It is a digital collectible. It is not a security, not a derivative, and not a claim on any stock or company.",hoodpass.png,https://www.hoodshares.xyz,01,HoodPass,Robinhood Chain
619,HoodPass,"Season 01 HoodPass on Robinhood Chain. This pass is the door to HoodShares: claim your included pack, open cards, and play Daily Lineup. It is a digital collectible. It is not a security, not a derivative, and not a claim on any stock or company.",hoodpass.png,https://www.hoodshares.xyz,01,HoodPass,Robinhood Chain
620,HoodPass,"Season 01 HoodPass on Robinhood Chain. This pass is the door to HoodShares: claim your included pack, open cards, and play Daily Lineup. It is a digital collectible. It is not a security, not a derivative, and not a claim on any stock or company.",hoodpass.png,https://www.hoodshares.xyz,01,HoodPass,Robinhood Chain
621,HoodPass,"Season 01 HoodPass on Robinhood Chain. This pass is the door to HoodShares: claim your included pack, open cards, and play Daily Lineup. It is a digital collectible. It is not a security, not a derivative, and not a claim on any stock or company.",hoodpass.png,https://www.hoodshares.xyz,01,HoodPass,Robinhood Chain
622,HoodPass,"Season 01 HoodPass on Robinhood Chain. This pass is the door to HoodShares: claim your included pack, open cards, and play Daily Lineup. It is a digital collectible. It is not a security, not a derivative, and not a claim on any stock or company.",hoodpass.png,https://www.hoodshares.xyz,01,HoodPass,Robinhood Chain
623,HoodPass,"Season 01 HoodPass on Robinhood Chain. This pass is the door to HoodShares: claim your included pack, open cards, and play Daily Lineup. It is a digital collectible. It is not a security, not a derivative, and not a claim on any stock or company.",hoodpass.png,https://www.hoodshares.xyz,01,HoodPass,Robinhood Chain
624,HoodPass,"Season 01 HoodPass on Robinhood Chain. This pass is the door to HoodShares: claim your included pack, open cards, and play Daily Lineup. It is a digital collectible. It is not a security, not a derivative, and not a claim on any stock or company.",hoodpass.png,https://www.hoodshares.xyz,01,HoodPass,Robinhood Chain
625,HoodPass,"Season 01 HoodPass on Robinhood Chain. This pass is the door to HoodShares: claim your included pack, open cards, and play Daily Lineup. It is a digital collectible. It is not a security, not a derivative, and not a claim on any stock or company.",hoodpass.png,https://www.hoodshares.xyz,01,HoodPass,Robinhood Chain
626,HoodPass,"Season 01 HoodPass on Robinhood Chain. This pass is the door to HoodShares: claim your included pack, open cards, and play Daily Lineup. It is a digital collectible. It is not a security, not a derivative, and not a claim on any stock or company.",hoodpass.png,https://www.hoodshares.xyz,01,HoodPass,Robinhood Chain
627,HoodPass,"Season 01 HoodPass on Robinhood Chain. This pass is the door to HoodShares: claim your included pack, open cards, and play Daily Lineup. It is a digital collectible. It is not a security, not a derivative, and not a claim on any stock or company.",hoodpass.png,https://www.hoodshares.xyz,01,HoodPass,Robinhood Chain
628,HoodPass,"Season 01 HoodPass on Robinhood Chain. This pass is the door to HoodShares: claim your included pack, open cards, and play Daily Lineup. It is a digital collectible. It is not a security, not a derivative, and not a claim on any stock or company.",hoodpass.png,https://www.hoodshares.xyz,01,HoodPass,Robinhood Chain
629,HoodPass,"Season 01 HoodPass on Robinhood Chain. This pass is the door to HoodShares: claim your included pack, open cards, and play Daily Lineup. It is a digital collectible. It is not a security, not a derivative, and not a claim on any stock or company.",hoodpass.png,https://www.hoodshares.xyz,01,HoodPass,Robinhood Chain
630,HoodPass,"Season 01 HoodPass on Robinhood Chain. This pass is the door to HoodShares: claim your included pack, open cards, and play Daily Lineup. It is a digital collectible. It is not a security, not a derivative, and not a claim on any stock or company.",hoodpass.png,https://www.hoodshares.xyz,01,HoodPass,Robinhood Chain
631,HoodPass,"Season 01 HoodPass on Robinhood Chain. This pass is the door to HoodShares: claim your included pack, open cards, and play Daily Lineup. It is a digital collectible. It is not a security, not a derivative, and not a claim on any stock or company.",hoodpass.png,https://www.hoodshares.xyz,01,HoodPass,Robinhood Chain
632,HoodPass,"Season 01 HoodPass on Robinhood Chain. This pass is the door to HoodShares: claim your included pack, open cards, and play Daily Lineup. It is a digital collectible. It is not a security, not a derivative, and not a claim on any stock or company.",hoodpass.png,https://www.hoodshares.xyz,01,HoodPass,Robinhood Chain
633,HoodPass,"Season 01 HoodPass on Robinhood Chain. This pass is the door to HoodShares: claim your included pack, open cards, and play Daily Lineup. It is a digital collectible. It is not a security, not a derivative, and not a claim on any stock or company.",hoodpass.png,https://www.hoodshares.xyz,01,HoodPass,Robinhood Chain
634,HoodPass,"Season 01 HoodPass on Robinhood Chain. This pass is the door to HoodShares: claim your included pack, open cards, and play Daily Lineup. It is a digital collectible. It is not a security, not a derivative, and not a claim on any stock or company.",hoodpass.png,https://www.hoodshares.xyz,01,HoodPass,Robinhood Chain
635,HoodPass,"Season 01 HoodPass on Robinhood Chain. This pass is the door to HoodShares: claim your included pack, open cards, and play Daily Lineup. It is a digital collectible. It is not a security, not a derivative, and not a claim on any stock or company.",hoodpass.png,https://www.hoodshares.xyz,01,HoodPass,Robinhood Chain
636,HoodPass,"Season 01 HoodPass on Robinhood Chain. This pass is the door to HoodShares: claim your included pack, open cards, and play Daily Lineup. It is a digital collectible. It is not a security, not a derivative, and not a claim on any stock or company.",hoodpass.png,https://www.hoodshares.xyz,01,HoodPass,Robinhood Chain
637,HoodPass,"Season 01 HoodPass on Robinhood Chain. This pass is the door to HoodShares: claim your included pack, open cards, and play Daily Lineup. It is a digital collectible. It is not a security, not a derivative, and not a claim on any stock or company.",hoodpass.png,https://www.hoodshares.xyz,01,HoodPass,Robinhood Chain
638,HoodPass,"Season 01 HoodPass on Robinhood Chain. This pass is the door to HoodShares: claim your included pack, open cards, and play Daily Lineup. It is a digital collectible. It is not a security, not a derivative, and not a claim on any stock or company.",hoodpass.png,https://www.hoodshares.xyz,01,HoodPass,Robinhood Chain
639,HoodPass,"Season 01 HoodPass on Robinhood Chain. This pass is the door to HoodShares: claim your included pack, open cards, and play Daily Lineup. It is a digital collectible. It is not a security, not a derivative, and not a claim on any stock or company.",hoodpass.png,https://www.hoodshares.xyz,01,HoodPass,Robinhood Chain
640,HoodPass,"Season 01 HoodPass on Robinhood Chain. This pass is the door to HoodShares: claim your included pack, open cards, and play Daily Lineup. It is a digital collectible. It is not a security, not a derivative, and not a claim on any stock or company.",hoodpass.png,https://www.hoodshares.xyz,01,HoodPass,Robinhood Chain
641,HoodPass,"Season 01 HoodPass on Robinhood Chain. This pass is the door to HoodShares: claim your included pack, open cards, and play Daily Lineup. It is a digital collectible. It is not a security, not a derivative, and not a claim on any stock or company.",hoodpass.png,https://www.hoodshares.xyz,01,HoodPass,Robinhood Chain
642,HoodPass,"Season 01 HoodPass on Robinhood Chain. This pass is the door to HoodShares: claim your included pack, open cards, and play Daily Lineup. It is a digital collectible. It is not a security, not a derivative, and not a claim on any stock or company.",hoodpass.png,https://www.hoodshares.xyz,01,HoodPass,Robinhood Chain
643,HoodPass,"Season 01 HoodPass on Robinhood Chain. This pass is the door to HoodShares: claim your included pack, open cards, and play Daily Lineup. It is a digital collectible. It is not a security, not a derivative, and not a claim on any stock or company.",hoodpass.png,https://www.hoodshares.xyz,01,HoodPass,Robinhood Chain
644,HoodPass,"Season 01 HoodPass on Robinhood Chain. This pass is the door to HoodShares: claim your included pack, open cards, and play Daily Lineup. It is a digital collectible. It is not a security, not a derivative, and not a claim on any stock or company.",hoodpass.png,https://www.hoodshares.xyz,01,HoodPass,Robinhood Chain
645,HoodPass,"Season 01 HoodPass on Robinhood Chain. This pass is the door to HoodShares: claim your included pack, open cards, and play Daily Lineup. It is a digital collectible. It is not a security, not a derivative, and not a claim on any stock or company.",hoodpass.png,https://www.hoodshares.xyz,01,HoodPass,Robinhood Chain
646,HoodPass,"Season 01 HoodPass on Robinhood Chain. This pass is the door to HoodShares: claim your included pack, open cards, and play Daily Lineup. It is a digital collectible. It is not a security, not a derivative, and not a claim on any stock or company.",hoodpass.png,https://www.hoodshares.xyz,01,HoodPass,Robinhood Chain
647,HoodPass,"Season 01 HoodPass on Robinhood Chain. This pass is the door to HoodShares: claim your included pack, open cards, and play Daily Lineup. It is a digital collectible. It is not a security, not a derivative, and not a claim on any stock or company.",hoodpass.png,https://www.hoodshares.xyz,01,HoodPass,Robinhood Chain
648,HoodPass,"Season 01 HoodPass on Robinhood Chain. This pass is the door to HoodShares: claim your included pack, open cards, and play Daily Lineup. It is a digital collectible. It is not a security, not a derivative, and not a claim on any stock or company.",hoodpass.png,https://www.hoodshares.xyz,01,HoodPass,Robinhood Chain
649,HoodPass,"Season 01 HoodPass on Robinhood Chain. This pass is the door to HoodShares: claim your included pack, open cards, and play Daily Lineup. It is a digital collectible. It is not a security, not a derivative, and not a claim on any stock or company.",hoodpass.png,https://www.hoodshares.xyz,01,HoodPass,Robinhood Chain
650,HoodPass,"Season 01 HoodPass on Robinhood Chain. This pass is the door to HoodShares: claim your included pack, open cards, and play Daily Lineup. It is a digital collectible. It is not a security, not a derivative, and not a claim on any stock or company.",hoodpass.png,https://www.hoodshares.xyz,01,HoodPass,Robinhood Chain
651,HoodPass,"Season 01 HoodPass on Robinhood Chain. This pass is the door to HoodShares: claim your included pack, open cards, and play Daily Lineup. It is a digital collectible. It is not a security, not a derivative, and not a claim on any stock or company.",hoodpass.png,https://www.hoodshares.xyz,01,HoodPass,Robinhood Chain
652,HoodPass,"Season 01 HoodPass on Robinhood Chain. This pass is the door to HoodShares: claim your included pack, open cards, and play Daily Lineup. It is a digital collectible. It is not a security, not a derivative, and not a claim on any stock or company.",hoodpass.png,https://www.hoodshares.xyz,01,HoodPass,Robinhood Chain
653,HoodPass,"Season 01 HoodPass on Robinhood Chain. This pass is the door to HoodShares: claim your included pack, open cards, and play Daily Lineup. It is a digital collectible. It is not a security, not a derivative, and not a claim on any stock or company.",hoodpass.png,https://www.hoodshares.xyz,01,HoodPass,Robinhood Chain
654,HoodPass,"Season 01 HoodPass on Robinhood Chain. This pass is the door to HoodShares: claim your included pack, open cards, and play Daily Lineup. It is a digital collectible. It is not a security, not a derivative, and not a claim on any stock or company.",hoodpass.png,https://www.hoodshares.xyz,01,HoodPass,Robinhood Chain
655,HoodPass,"Season 01 HoodPass on Robinhood Chain. This pass is the door to HoodShares: claim your included pack, open cards, and play Daily Lineup. It is a digital collectible. It is not a security, not a derivative, and not a claim on any stock or company.",hoodpass.png,https://www.hoodshares.xyz,01,HoodPass,Robinhood Chain
656,HoodPass,"Season 01 HoodPass on Robinhood Chain. This pass is the door to HoodShares: claim your included pack, open cards, and play Daily Lineup. It is a digital collectible. It is not a security, not a derivative, and not a claim on any stock or company.",hoodpass.png,https://www.hoodshares.xyz,01,HoodPass,Robinhood Chain
657,HoodPass,"Season 01 HoodPass on Robinhood Chain. This pass is the door to HoodShares: claim your included pack, open cards, and play Daily Lineup. It is a digital collectible. It is not a security, not a derivative, and not a claim on any stock or company.",hoodpass.png,https://www.hoodshares.xyz,01,HoodPass,Robinhood Chain
658,HoodPass,"Season 01 HoodPass on Robinhood Chain. This pass is the door to HoodShares: claim your included pack, open cards, and play Daily Lineup. It is a digital collectible. It is not a security, not a derivative, and not a claim on any stock or company.",hoodpass.png,https://www.hoodshares.xyz,01,HoodPass,Robinhood Chain
659,HoodPass,"Season 01 HoodPass on Robinhood Chain. This pass is the door to HoodShares: claim your included pack, open cards, and play Daily Lineup. It is a digital collectible. It is not a security, not a derivative, and not a claim on any stock or company.",hoodpass.png,https://www.hoodshares.xyz,01,HoodPass,Robinhood Chain
660,HoodPass,"Season 01 HoodPass on Robinhood Chain. This pass is the door to HoodShares: claim your included pack, open cards, and play Daily Lineup. It is a digital collectible. It is not a security, not a derivative, and not a claim on any stock or company.",hoodpass.png,https://www.hoodshares.xyz,01,HoodPass,Robinhood Chain
661,HoodPass,"Season 01 HoodPass on Robinhood Chain. This pass is the door to HoodShares: claim your included pack, open cards, and play Daily Lineup. It is a digital collectible. It is not a security, not a derivative, and not a claim on any stock or company.",hoodpass.png,https://www.hoodshares.xyz,01,HoodPass,Robinhood Chain
662,HoodPass,"Season 01 HoodPass on Robinhood Chain. This pass is the door to HoodShares: claim your included pack, open cards, and play Daily Lineup. It is a digital collectible. It is not a security, not a derivative, and not a claim on any stock or company.",hoodpass.png,https://www.hoodshares.xyz,01,HoodPass,Robinhood Chain
663,HoodPass,"Season 01 HoodPass on Robinhood Chain. This pass is the door to HoodShares: claim your included pack, open cards, and play Daily Lineup. It is a digital collectible. It is not a security, not a derivative, and not a claim on any stock or company.",hoodpass.png,https://www.hoodshares.xyz,01,HoodPass,Robinhood Chain
664,HoodPass,"Season 01 HoodPass on Robinhood Chain. This pass is the door to HoodShares: claim your included pack, open cards, and play Daily Lineup. It is a digital collectible. It is not a security, not a derivative, and not a claim on any stock or company.",hoodpass.png,https://www.hoodshares.xyz,01,HoodPass,Robinhood Chain
665,HoodPass,"Season 01 HoodPass on Robinhood Chain. This pass is the door to HoodShares: claim your included pack, open cards, and play Daily Lineup. It is a digital collectible. It is not a security, not a derivative, and not a claim on any stock or company.",hoodpass.png,https://www.hoodshares.xyz,01,HoodPass,Robinhood Chain
666,HoodPass,"Season 01 HoodPass on Robinhood Chain. This pass is the door to HoodShares: claim your included pack, open cards, and play Daily Lineup. It is a digital collectible. It is not a security, not a derivative, and not a claim on any stock or company.",hoodpass.png,https://www.hoodshares.xyz,01,HoodPass,Robinhood Chain
667,HoodPass,"Season 01 HoodPass on Robinhood Chain. This pass is the door to HoodShares: claim your included pack, open cards, and play Daily Lineup. It is a digital collectible. It is not a security, not a derivative, and not a claim on any stock or company.",hoodpass.png,https://www.hoodshares.xyz,01,HoodPass,Robinhood Chain
668,HoodPass,"Season 01 HoodPass on Robinhood Chain. This pass is the door to HoodShares: claim your included pack, open cards, and play Daily Lineup. It is a digital collectible. It is not a security, not a derivative, and not a claim on any stock or company.",hoodpass.png,https://www.hoodshares.xyz,01,HoodPass,Robinhood Chain
669,HoodPass,"Season 01 HoodPass on Robinhood Chain. This pass is the door to HoodShares: claim your included pack, open cards, and play Daily Lineup. It is a digital collectible. It is not a security, not a derivative, and not a claim on any stock or company.",hoodpass.png,https://www.hoodshares.xyz,01,HoodPass,Robinhood Chain
670,HoodPass,"Season 01 HoodPass on Robinhood Chain. This pass is the door to HoodShares: claim your included pack, open cards, and play Daily Lineup. It is a digital collectible. It is not a security, not a derivative, and not a claim on any stock or company.",hoodpass.png,https://www.hoodshares.xyz,01,HoodPass,Robinhood Chain
671,HoodPass,"Season 01 HoodPass on Robinhood Chain. This pass is the door to HoodShares: claim your included pack, open cards, and play Daily Lineup. It is a digital collectible. It is not a security, not a derivative, and not a claim on any stock or company.",hoodpass.png,https://www.hoodshares.xyz,01,HoodPass,Robinhood Chain
672,HoodPass,"Season 01 HoodPass on Robinhood Chain. This pass is the door to HoodShares: claim your included pack, open cards, and play Daily Lineup. It is a digital collectible. It is not a security, not a derivative, and not a claim on any stock or company.",hoodpass.png,https://www.hoodshares.xyz,01,HoodPass,Robinhood Chain
673,HoodPass,"Season 01 HoodPass on Robinhood Chain. This pass is the door to HoodShares: claim your included pack, open cards, and play Daily Lineup. It is a digital collectible. It is not a security, not a derivative, and not a claim on any stock or company.",hoodpass.png,https://www.hoodshares.xyz,01,HoodPass,Robinhood Chain
674,HoodPass,"Season 01 HoodPass on Robinhood Chain. This pass is the door to HoodShares: claim your included pack, open cards, and play Daily Lineup. It is a digital collectible. It is not a security, not a derivative, and not a claim on any stock or company.",hoodpass.png,https://www.hoodshares.xyz,01,HoodPass,Robinhood Chain
675,HoodPass,"Season 01 HoodPass on Robinhood Chain. This pass is the door to HoodShares: claim your included pack, open cards, and play Daily Lineup. It is a digital collectible. It is not a security, not a derivative, and not a claim on any stock or company.",hoodpass.png,https://www.hoodshares.xyz,01,HoodPass,Robinhood Chain
676,HoodPass,"Season 01 HoodPass on Robinhood Chain. This pass is the door to HoodShares: claim your included pack, open cards, and play Daily Lineup. It is a digital collectible. It is not a security, not a derivative, and not a claim on any stock or company.",hoodpass.png,https://www.hoodshares.xyz,01,HoodPass,Robinhood Chain
677,HoodPass,"Season 01 HoodPass on Robinhood Chain. This pass is the door to HoodShares: claim your included pack, open cards, and play Daily Lineup. It is a digital collectible. It is not a security, not a derivative, and not a claim on any stock or company.",hoodpass.png,https://www.hoodshares.xyz,01,HoodPass,Robinhood Chain
678,HoodPass,"Season 01 HoodPass on Robinhood Chain. This pass is the door to HoodShares: claim your included pack, open cards, and play Daily Lineup. It is a digital collectible. It is not a security, not a derivative, and not a claim on any stock or company.",hoodpass.png,https://www.hoodshares.xyz,01,HoodPass,Robinhood Chain
679,HoodPass,"Season 01 HoodPass on Robinhood Chain. This pass is the door to HoodShares: claim your included pack, open cards, and play Daily Lineup. It is a digital collectible. It is not a security, not a derivative, and not a claim on any stock or company.",hoodpass.png,https://www.hoodshares.xyz,01,HoodPass,Robinhood Chain
680,HoodPass,"Season 01 HoodPass on Robinhood Chain. This pass is the door to HoodShares: claim your included pack, open cards, and play Daily Lineup. It is a digital collectible. It is not a security, not a derivative, and not a claim on any stock or company.",hoodpass.png,https://www.hoodshares.xyz,01,HoodPass,Robinhood Chain
681,HoodPass,"Season 01 HoodPass on Robinhood Chain. This pass is the door to HoodShares: claim your included pack, open cards, and play Daily Lineup. It is a digital collectible. It is not a security, not a derivative, and not a claim on any stock or company.",hoodpass.png,https://www.hoodshares.xyz,01,HoodPass,Robinhood Chain
682,HoodPass,"Season 01 HoodPass on Robinhood Chain. This pass is the door to HoodShares: claim your included pack, open cards, and play Daily Lineup. It is a digital collectible. It is not a security, not a derivative, and not a claim on any stock or company.",hoodpass.png,https://www.hoodshares.xyz,01,HoodPass,Robinhood Chain
683,HoodPass,"Season 01 HoodPass on Robinhood Chain. This pass is the door to HoodShares: claim your included pack, open cards, and play Daily Lineup. It is a digital collectible. It is not a security, not a derivative, and not a claim on any stock or company.",hoodpass.png,https://www.hoodshares.xyz,01,HoodPass,Robinhood Chain
684,HoodPass,"Season 01 HoodPass on Robinhood Chain. This pass is the door to HoodShares: claim your included pack, open cards, and play Daily Lineup. It is a digital collectible. It is not a security, not a derivative, and not a claim on any stock or company.",hoodpass.png,https://www.hoodshares.xyz,01,HoodPass,Robinhood Chain
685,HoodPass,"Season 01 HoodPass on Robinhood Chain. This pass is the door to HoodShares: claim your included pack, open cards, and play Daily Lineup. It is a digital collectible. It is not a security, not a derivative, and not a claim on any stock or company.",hoodpass.png,https://www.hoodshares.xyz,01,HoodPass,Robinhood Chain
686,HoodPass,"Season 01 HoodPass on Robinhood Chain. This pass is the door to HoodShares: claim your included pack, open cards, and play Daily Lineup. It is a digital collectible. It is not a security, not a derivative, and not a claim on any stock or company.",hoodpass.png,https://www.hoodshares.xyz,01,HoodPass,Robinhood Chain
687,HoodPass,"Season 01 HoodPass on Robinhood Chain. This pass is the door to HoodShares: claim your included pack, open cards, and play Daily Lineup. It is a digital collectible. It is not a security, not a derivative, and not a claim on any stock or company.",hoodpass.png,https://www.hoodshares.xyz,01,HoodPass,Robinhood Chain
688,HoodPass,"Season 01 HoodPass on Robinhood Chain. This pass is the door to HoodShares: claim your included pack, open cards, and play Daily Lineup. It is a digital collectible. It is not a security, not a derivative, and not a claim on any stock or company.",hoodpass.png,https://www.hoodshares.xyz,01,HoodPass,Robinhood Chain
689,HoodPass,"Season 01 HoodPass on Robinhood Chain. This pass is the door to HoodShares: claim your included pack, open cards, and play Daily Lineup. It is a digital collectible. It is not a security, not a derivative, and not a claim on any stock or company.",hoodpass.png,https://www.hoodshares.xyz,01,HoodPass,Robinhood Chain
690,HoodPass,"Season 01 HoodPass on Robinhood Chain. This pass is the door to HoodShares: claim your included pack, open cards, and play Daily Lineup. It is a digital collectible. It is not a security, not a derivative, and not a claim on any stock or company.",hoodpass.png,https://www.hoodshares.xyz,01,HoodPass,Robinhood Chain
691,HoodPass,"Season 01 HoodPass on Robinhood Chain. This pass is the door to HoodShares: claim your included pack, open cards, and play Daily Lineup. It is a digital collectible. It is not a security, not a derivative, and not a claim on any stock or company.",hoodpass.png,https://www.hoodshares.xyz,01,HoodPass,Robinhood Chain
692,HoodPass,"Season 01 HoodPass on Robinhood Chain. This pass is the door to HoodShares: claim your included pack, open cards, and play Daily Lineup. It is a digital collectible. It is not a security, not a derivative, and not a claim on any stock or company.",hoodpass.png,https://www.hoodshares.xyz,01,HoodPass,Robinhood Chain
693,HoodPass,"Season 01 HoodPass on Robinhood Chain. This pass is the door to HoodShares: claim your included pack, open cards, and play Daily Lineup. It is a digital collectible. It is not a security, not a derivative, and not a claim on any stock or company.",hoodpass.png,https://www.hoodshares.xyz,01,HoodPass,Robinhood Chain
694,HoodPass,"Season 01 HoodPass on Robinhood Chain. This pass is the door to HoodShares: claim your included pack, open cards, and play Daily Lineup. It is a digital collectible. It is not a security, not a derivative, and not a claim on any stock or company.",hoodpass.png,https://www.hoodshares.xyz,01,HoodPass,Robinhood Chain
695,HoodPass,"Season 01 HoodPass on Robinhood Chain. This pass is the door to HoodShares: claim your included pack, open cards, and play Daily Lineup. It is a digital collectible. It is not a security, not a derivative, and not a claim on any stock or company.",hoodpass.png,https://www.hoodshares.xyz,01,HoodPass,Robinhood Chain
696,HoodPass,"Season 01 HoodPass on Robinhood Chain. This pass is the door to HoodShares: claim your included pack, open cards, and play Daily Lineup. It is a digital collectible. It is not a security, not a derivative, and not a claim on any stock or company.",hoodpass.png,https://www.hoodshares.xyz,01,HoodPass,Robinhood Chain
697,HoodPass,"Season 01 HoodPass on Robinhood Chain. This pass is the door to HoodShares: claim your included pack, open cards, and play Daily Lineup. It is a digital collectible. It is not a security, not a derivative, and not a claim on any stock or company.",hoodpass.png,https://www.hoodshares.xyz,01,HoodPass,Robinhood Chain
698,HoodPass,"Season 01 HoodPass on Robinhood Chain. This pass is the door to HoodShares: claim your included pack, open cards, and play Daily Lineup. It is a digital collectible. It is not a security, not a derivative, and not a claim on any stock or company.",hoodpass.png,https://www.hoodshares.xyz,01,HoodPass,Robinhood Chain
699,HoodPass,"Season 01 HoodPass on Robinhood Chain. This pass is the door to HoodShares: claim your included pack, open cards, and play Daily Lineup. It is a digital collectible. It is not a security, not a derivative, and not a claim on any stock or company.",hoodpass.png,https://www.hoodshares.xyz,01,HoodPass,Robinhood Chain
700,HoodPass,"Season 01 HoodPass on Robinhood Chain. This pass is the door to HoodShares: claim your included pack, open cards, and play Daily Lineup. It is a digital collectible. It is not a security, not a derivative, and not a claim on any stock or company.",hoodpass.png,https://www.hoodshares.xyz,01,HoodPass,Robinhood Chain
701,HoodPass,"Season 01 HoodPass on Robinhood Chain. This pass is the door to HoodShares: claim your included pack, open cards, and play Daily Lineup. It is a digital collectible. It is not a security, not a derivative, and not a claim on any stock or company.",hoodpass.png,https://www.hoodshares.xyz,01,HoodPass,Robinhood Chain
702,HoodPass,"Season 01 HoodPass on Robinhood Chain. This pass is the door to HoodShares: claim your included pack, open cards, and play Daily Lineup. It is a digital collectible. It is not a security, not a derivative, and not a claim on any stock or company.",hoodpass.png,https://www.hoodshares.xyz,01,HoodPass,Robinhood Chain
703,HoodPass,"Season 01 HoodPass on Robinhood Chain. This pass is the door to HoodShares: claim your included pack, open cards, and play Daily Lineup. It is a digital collectible. It is not a security, not a derivative, and not a claim on any stock or company.",hoodpass.png,https://www.hoodshares.xyz,01,HoodPass,Robinhood Chain
704,HoodPass,"Season 01 HoodPass on Robinhood Chain. This pass is the door to HoodShares: claim your included pack, open cards, and play Daily Lineup. It is a digital collectible. It is not a security, not a derivative, and not a claim on any stock or company.",hoodpass.png,https://www.hoodshares.xyz,01,HoodPass,Robinhood Chain
705,HoodPass,"Season 01 HoodPass on Robinhood Chain. This pass is the door to HoodShares: claim your included pack, open cards, and play Daily Lineup. It is a digital collectible. It is not a security, not a derivative, and not a claim on any stock or company.",hoodpass.png,https://www.hoodshares.xyz,01,HoodPass,Robinhood Chain
706,HoodPass,"Season 01 HoodPass on Robinhood Chain. This pass is the door to HoodShares: claim your included pack, open cards, and play Daily Lineup. It is a digital collectible. It is not a security, not a derivative, and not a claim on any stock or company.",hoodpass.png,https://www.hoodshares.xyz,01,HoodPass,Robinhood Chain
707,HoodPass,"Season 01 HoodPass on Robinhood Chain. This pass is the door to HoodShares: claim your included pack, open cards, and play Daily Lineup. It is a digital collectible. It is not a security, not a derivative, and not a claim on any stock or company.",hoodpass.png,https://www.hoodshares.xyz,01,HoodPass,Robinhood Chain
708,HoodPass,"Season 01 HoodPass on Robinhood Chain. This pass is the door to HoodShares: claim your included pack, open cards, and play Daily Lineup. It is a digital collectible. It is not a security, not a derivative, and not a claim on any stock or company.",hoodpass.png,https://www.hoodshares.xyz,01,HoodPass,Robinhood Chain
709,HoodPass,"Season 01 HoodPass on Robinhood Chain. This pass is the door to HoodShares: claim your included pack, open cards, and play Daily Lineup. It is a digital collectible. It is not a security, not a derivative, and not a claim on any stock or company.",hoodpass.png,https://www.hoodshares.xyz,01,HoodPass,Robinhood Chain
710,HoodPass,"Season 01 HoodPass on Robinhood Chain. This pass is the door to HoodShares: claim your included pack, open cards, and play Daily Lineup. It is a digital collectible. It is not a security, not a derivative, and not a claim on any stock or company.",hoodpass.png,https://www.hoodshares.xyz,01,HoodPass,Robinhood Chain
711,HoodPass,"Season 01 HoodPass on Robinhood Chain. This pass is the door to HoodShares: claim your included pack, open cards, and play Daily Lineup. It is a digital collectible. It is not a security, not a derivative, and not a claim on any stock or company.",hoodpass.png,https://www.hoodshares.xyz,01,HoodPass,Robinhood Chain
712,HoodPass,"Season 01 HoodPass on Robinhood Chain. This pass is the door to HoodShares: claim your included pack, open cards, and play Daily Lineup. It is a digital collectible. It is not a security, not a derivative, and not a claim on any stock or company.",hoodpass.png,https://www.hoodshares.xyz,01,HoodPass,Robinhood Chain
713,HoodPass,"Season 01 HoodPass on Robinhood Chain. This pass is the door to HoodShares: claim your included pack, open cards, and play Daily Lineup. It is a digital collectible. It is not a security, not a derivative, and not a claim on any stock or company.",hoodpass.png,https://www.hoodshares.xyz,01,HoodPass,Robinhood Chain
714,HoodPass,"Season 01 HoodPass on Robinhood Chain. This pass is the door to HoodShares: claim your included pack, open cards, and play Daily Lineup. It is a digital collectible. It is not a security, not a derivative, and not a claim on any stock or company.",hoodpass.png,https://www.hoodshares.xyz,01,HoodPass,Robinhood Chain
715,HoodPass,"Season 01 HoodPass on Robinhood Chain. This pass is the door to HoodShares: claim your included pack, open cards, and play Daily Lineup. It is a digital collectible. It is not a security, not a derivative, and not a claim on any stock or company.",hoodpass.png,https://www.hoodshares.xyz,01,HoodPass,Robinhood Chain
716,HoodPass,"Season 01 HoodPass on Robinhood Chain. This pass is the door to HoodShares: claim your included pack, open cards, and play Daily Lineup. It is a digital collectible. It is not a security, not a derivative, and not a claim on any stock or company.",hoodpass.png,https://www.hoodshares.xyz,01,HoodPass,Robinhood Chain
717,HoodPass,"Season 01 HoodPass on Robinhood Chain. This pass is the door to HoodShares: claim your included pack, open cards, and play Daily Lineup. It is a digital collectible. It is not a security, not a derivative, and not a claim on any stock or company.",hoodpass.png,https://www.hoodshares.xyz,01,HoodPass,Robinhood Chain
718,HoodPass,"Season 01 HoodPass on Robinhood Chain. This pass is the door to HoodShares: claim your included pack, open cards, and play Daily Lineup. It is a digital collectible. It is not a security, not a derivative, and not a claim on any stock or company.",hoodpass.png,https://www.hoodshares.xyz,01,HoodPass,Robinhood Chain
719,HoodPass,"Season 01 HoodPass on Robinhood Chain. This pass is the door to HoodShares: claim your included pack, open cards, and play Daily Lineup. It is a digital collectible. It is not a security, not a derivative, and not a claim on any stock or company.",hoodpass.png,https://www.hoodshares.xyz,01,HoodPass,Robinhood Chain
720,HoodPass,"Season 01 HoodPass on Robinhood Chain. This pass is the door to HoodShares: claim your included pack, open cards, and play Daily Lineup. It is a digital collectible. It is not a security, not a derivative, and not a claim on any stock or company.",hoodpass.png,https://www.hoodshares.xyz,01,HoodPass,Robinhood Chain
721,HoodPass,"Season 01 HoodPass on Robinhood Chain. This pass is the door to HoodShares: claim your included pack, open cards, and play Daily Lineup. It is a digital collectible. It is not a security, not a derivative, and not a claim on any stock or company.",hoodpass.png,https://www.hoodshares.xyz,01,HoodPass,Robinhood Chain
722,HoodPass,"Season 01 HoodPass on Robinhood Chain. This pass is the door to HoodShares: claim your included pack, open cards, and play Daily Lineup. It is a digital collectible. It is not a security, not a derivative, and not a claim on any stock or company.",hoodpass.png,https://www.hoodshares.xyz,01,HoodPass,Robinhood Chain
723,HoodPass,"Season 01 HoodPass on Robinhood Chain. This pass is the door to HoodShares: claim your included pack, open cards, and play Daily Lineup. It is a digital collectible. It is not a security, not a derivative, and not a claim on any stock or company.",hoodpass.png,https://www.hoodshares.xyz,01,HoodPass,Robinhood Chain
724,HoodPass,"Season 01 HoodPass on Robinhood Chain. This pass is the door to HoodShares: claim your included pack, open cards, and play Daily Lineup. It is a digital collectible. It is not a security, not a derivative, and not a claim on any stock or company.",hoodpass.png,https://www.hoodshares.xyz,01,HoodPass,Robinhood Chain
725,HoodPass,"Season 01 HoodPass on Robinhood Chain. This pass is the door to HoodShares: claim your included pack, open cards, and play Daily Lineup. It is a digital collectible. It is not a security, not a derivative, and not a claim on any stock or company.",hoodpass.png,https://www.hoodshares.xyz,01,HoodPass,Robinhood Chain
726,HoodPass,"Season 01 HoodPass on Robinhood Chain. This pass is the door to HoodShares: claim your included pack, open cards, and play Daily Lineup. It is a digital collectible. It is not a security, not a derivative, and not a claim on any stock or company.",hoodpass.png,https://www.hoodshares.xyz,01,HoodPass,Robinhood Chain
727,HoodPass,"Season 01 HoodPass on Robinhood Chain. This pass is the door to HoodShares: claim your included pack, open cards, and play Daily Lineup. It is a digital collectible. It is not a security, not a derivative, and not a claim on any stock or company.",hoodpass.png,https://www.hoodshares.xyz,01,HoodPass,Robinhood Chain
728,HoodPass,"Season 01 HoodPass on Robinhood Chain. This pass is the door to HoodShares: claim your included pack, open cards, and play Daily Lineup. It is a digital collectible. It is not a security, not a derivative, and not a claim on any stock or company.",hoodpass.png,https://www.hoodshares.xyz,01,HoodPass,Robinhood Chain
729,HoodPass,"Season 01 HoodPass on Robinhood Chain. This pass is the door to HoodShares: claim your included pack, open cards, and play Daily Lineup. It is a digital collectible. It is not a security, not a derivative, and not a claim on any stock or company.",hoodpass.png,https://www.hoodshares.xyz,01,HoodPass,Robinhood Chain
730,HoodPass,"Season 01 HoodPass on Robinhood Chain. This pass is the door to HoodShares: claim your included pack, open cards, and play Daily Lineup. It is a digital collectible. It is not a security, not a derivative, and not a claim on any stock or company.",hoodpass.png,https://www.hoodshares.xyz,01,HoodPass,Robinhood Chain
731,HoodPass,"Season 01 HoodPass on Robinhood Chain. This pass is the door to HoodShares: claim your included pack, open cards, and play Daily Lineup. It is a digital collectible. It is not a security, not a derivative, and not a claim on any stock or company.",hoodpass.png,https://www.hoodshares.xyz,01,HoodPass,Robinhood Chain
732,HoodPass,"Season 01 HoodPass on Robinhood Chain. This pass is the door to HoodShares: claim your included pack, open cards, and play Daily Lineup. It is a digital collectible. It is not a security, not a derivative, and not a claim on any stock or company.",hoodpass.png,https://www.hoodshares.xyz,01,HoodPass,Robinhood Chain
733,HoodPass,"Season 01 HoodPass on Robinhood Chain. This pass is the door to HoodShares: claim your included pack, open cards, and play Daily Lineup. It is a digital collectible. It is not a security, not a derivative, and not a claim on any stock or company.",hoodpass.png,https://www.hoodshares.xyz,01,HoodPass,Robinhood Chain
734,HoodPass,"Season 01 HoodPass on Robinhood Chain. This pass is the door to HoodShares: claim your included pack, open cards, and play Daily Lineup. It is a digital collectible. It is not a security, not a derivative, and not a claim on any stock or company.",hoodpass.png,https://www.hoodshares.xyz,01,HoodPass,Robinhood Chain
735,HoodPass,"Season 01 HoodPass on Robinhood Chain. This pass is the door to HoodShares: claim your included pack, open cards, and play Daily Lineup. It is a digital collectible. It is not a security, not a derivative, and not a claim on any stock or company.",hoodpass.png,https://www.hoodshares.xyz,01,HoodPass,Robinhood Chain
736,HoodPass,"Season 01 HoodPass on Robinhood Chain. This pass is the door to HoodShares: claim your included pack, open cards, and play Daily Lineup. It is a digital collectible. It is not a security, not a derivative, and not a claim on any stock or company.",hoodpass.png,https://www.hoodshares.xyz,01,HoodPass,Robinhood Chain
737,HoodPass,"Season 01 HoodPass on Robinhood Chain. This pass is the door to HoodShares: claim your included pack, open cards, and play Daily Lineup. It is a digital collectible. It is not a security, not a derivative, and not a claim on any stock or company.",hoodpass.png,https://www.hoodshares.xyz,01,HoodPass,Robinhood Chain
738,HoodPass,"Season 01 HoodPass on Robinhood Chain. This pass is the door to HoodShares: claim your included pack, open cards, and play Daily Lineup. It is a digital collectible. It is not a security, not a derivative, and not a claim on any stock or company.",hoodpass.png,https://www.hoodshares.xyz,01,HoodPass,Robinhood Chain
739,HoodPass,"Season 01 HoodPass on Robinhood Chain. This pass is the door to HoodShares: claim your included pack, open cards, and play Daily Lineup. It is a digital collectible. It is not a security, not a derivative, and not a claim on any stock or company.",hoodpass.png,https://www.hoodshares.xyz,01,HoodPass,Robinhood Chain
740,HoodPass,"Season 01 HoodPass on Robinhood Chain. This pass is the door to HoodShares: claim your included pack, open cards, and play Daily Lineup. It is a digital collectible. It is not a security, not a derivative, and not a claim on any stock or company.",hoodpass.png,https://www.hoodshares.xyz,01,HoodPass,Robinhood Chain
741,HoodPass,"Season 01 HoodPass on Robinhood Chain. This pass is the door to HoodShares: claim your included pack, open cards, and play Daily Lineup. It is a digital collectible. It is not a security, not a derivative, and not a claim on any stock or company.",hoodpass.png,https://www.hoodshares.xyz,01,HoodPass,Robinhood Chain
742,HoodPass,"Season 01 HoodPass on Robinhood Chain. This pass is the door to HoodShares: claim your included pack, open cards, and play Daily Lineup. It is a digital collectible. It is not a security, not a derivative, and not a claim on any stock or company.",hoodpass.png,https://www.hoodshares.xyz,01,HoodPass,Robinhood Chain
743,HoodPass,"Season 01 HoodPass on Robinhood Chain. This pass is the door to HoodShares: claim your included pack, open cards, and play Daily Lineup. It is a digital collectible. It is not a security, not a derivative, and not a claim on any stock or company.",hoodpass.png,https://www.hoodshares.xyz,01,HoodPass,Robinhood Chain
744,HoodPass,"Season 01 HoodPass on Robinhood Chain. This pass is the door to HoodShares: claim your included pack, open cards, and play Daily Lineup. It is a digital collectible. It is not a security, not a derivative, and not a claim on any stock or company.",hoodpass.png,https://www.hoodshares.xyz,01,HoodPass,Robinhood Chain
745,HoodPass,"Season 01 HoodPass on Robinhood Chain. This pass is the door to HoodShares: claim your included pack, open cards, and play Daily Lineup. It is a digital collectible. It is not a security, not a derivative, and not a claim on any stock or company.",hoodpass.png,https://www.hoodshares.xyz,01,HoodPass,Robinhood Chain
746,HoodPass,"Season 01 HoodPass on Robinhood Chain. This pass is the door to HoodShares: claim your included pack, open cards, and play Daily Lineup. It is a digital collectible. It is not a security, not a derivative, and not a claim on any stock or company.",hoodpass.png,https://www.hoodshares.xyz,01,HoodPass,Robinhood Chain
747,HoodPass,"Season 01 HoodPass on Robinhood Chain. This pass is the door to HoodShares: claim your included pack, open cards, and play Daily Lineup. It is a digital collectible. It is not a security, not a derivative, and not a claim on any stock or company.",hoodpass.png,https://www.hoodshares.xyz,01,HoodPass,Robinhood Chain
748,HoodPass,"Season 01 HoodPass on Robinhood Chain. This pass is the door to HoodShares: claim your included pack, open cards, and play Daily Lineup. It is a digital collectible. It is not a security, not a derivative, and not a claim on any stock or company.",hoodpass.png,https://www.hoodshares.xyz,01,HoodPass,Robinhood Chain
749,HoodPass,"Season 01 HoodPass on Robinhood Chain. This pass is the door to HoodShares: claim your included pack, open cards, and play Daily Lineup. It is a digital collectible. It is not a security, not a derivative, and not a claim on any stock or company.",hoodpass.png,https://www.hoodshares.xyz,01,HoodPass,Robinhood Chain
750,HoodPass,"Season 01 HoodPass on Robinhood Chain. This pass is the door to HoodShares: claim your included pack, open cards, and play Daily Lineup. It is a digital collectible. It is not a security, not a derivative, and not a claim on any stock or company.",hoodpass.png,https://www.hoodshares.xyz,01,HoodPass,Robinhood Chain
751,HoodPass,"Season 01 HoodPass on Robinhood Chain. This pass is the door to HoodShares: claim your included pack, open cards, and play Daily Lineup. It is a digital collectible. It is not a security, not a derivative, and not a claim on any stock or company.",hoodpass.png,https://www.hoodshares.xyz,01,HoodPass,Robinhood Chain
752,HoodPass,"Season 01 HoodPass on Robinhood Chain. This pass is the door to HoodShares: claim your included pack, open cards, and play Daily Lineup. It is a digital collectible. It is not a security, not a derivative, and not a claim on any stock or company.",hoodpass.png,https://www.hoodshares.xyz,01,HoodPass,Robinhood Chain
753,HoodPass,"Season 01 HoodPass on Robinhood Chain. This pass is the door to HoodShares: claim your included pack, open cards, and play Daily Lineup. It is a digital collectible. It is not a security, not a derivative, and not a claim on any stock or company.",hoodpass.png,https://www.hoodshares.xyz,01,HoodPass,Robinhood Chain
754,HoodPass,"Season 01 HoodPass on Robinhood Chain. This pass is the door to HoodShares: claim your included pack, open cards, and play Daily Lineup. It is a digital collectible. It is not a security, not a derivative, and not a claim on any stock or company.",hoodpass.png,https://www.hoodshares.xyz,01,HoodPass,Robinhood Chain
755,HoodPass,"Season 01 HoodPass on Robinhood Chain. This pass is the door to HoodShares: claim your included pack, open cards, and play Daily Lineup. It is a digital collectible. It is not a security, not a derivative, and not a claim on any stock or company.",hoodpass.png,https://www.hoodshares.xyz,01,HoodPass,Robinhood Chain
756,HoodPass,"Season 01 HoodPass on Robinhood Chain. This pass is the door to HoodShares: claim your included pack, open cards, and play Daily Lineup. It is a digital collectible. It is not a security, not a derivative, and not a claim on any stock or company.",hoodpass.png,https://www.hoodshares.xyz,01,HoodPass,Robinhood Chain
757,HoodPass,"Season 01 HoodPass on Robinhood Chain. This pass is the door to HoodShares: claim your included pack, open cards, and play Daily Lineup. It is a digital collectible. It is not a security, not a derivative, and not a claim on any stock or company.",hoodpass.png,https://www.hoodshares.xyz,01,HoodPass,Robinhood Chain
758,HoodPass,"Season 01 HoodPass on Robinhood Chain. This pass is the door to HoodShares: claim your included pack, open cards, and play Daily Lineup. It is a digital collectible. It is not a security, not a derivative, and not a claim on any stock or company.",hoodpass.png,https://www.hoodshares.xyz,01,HoodPass,Robinhood Chain
759,HoodPass,"Season 01 HoodPass on Robinhood Chain. This pass is the door to HoodShares: claim your included pack, open cards, and play Daily Lineup. It is a digital collectible. It is not a security, not a derivative, and not a claim on any stock or company.",hoodpass.png,https://www.hoodshares.xyz,01,HoodPass,Robinhood Chain
760,HoodPass,"Season 01 HoodPass on Robinhood Chain. This pass is the door to HoodShares: claim your included pack, open cards, and play Daily Lineup. It is a digital collectible. It is not a security, not a derivative, and not a claim on any stock or company.",hoodpass.png,https://www.hoodshares.xyz,01,HoodPass,Robinhood Chain
761,HoodPass,"Season 01 HoodPass on Robinhood Chain. This pass is the door to HoodShares: claim your included pack, open cards, and play Daily Lineup. It is a digital collectible. It is not a security, not a derivative, and not a claim on any stock or company.",hoodpass.png,https://www.hoodshares.xyz,01,HoodPass,Robinhood Chain
762,HoodPass,"Season 01 HoodPass on Robinhood Chain. This pass is the door to HoodShares: claim your included pack, open cards, and play Daily Lineup. It is a digital collectible. It is not a security, not a derivative, and not a claim on any stock or company.",hoodpass.png,https://www.hoodshares.xyz,01,HoodPass,Robinhood Chain
763,HoodPass,"Season 01 HoodPass on Robinhood Chain. This pass is the door to HoodShares: claim your included pack, open cards, and play Daily Lineup. It is a digital collectible. It is not a security, not a derivative, and not a claim on any stock or company.",hoodpass.png,https://www.hoodshares.xyz,01,HoodPass,Robinhood Chain
764,HoodPass,"Season 01 HoodPass on Robinhood Chain. This pass is the door to HoodShares: claim your included pack, open cards, and play Daily Lineup. It is a digital collectible. It is not a security, not a derivative, and not a claim on any stock or company.",hoodpass.png,https://www.hoodshares.xyz,01,HoodPass,Robinhood Chain
765,HoodPass,"Season 01 HoodPass on Robinhood Chain. This pass is the door to HoodShares: claim your included pack, open cards, and play Daily Lineup. It is a digital collectible. It is not a security, not a derivative, and not a claim on any stock or company.",hoodpass.png,https://www.hoodshares.xyz,01,HoodPass,Robinhood Chain
766,HoodPass,"Season 01 HoodPass on Robinhood Chain. This pass is the door to HoodShares: claim your included pack, open cards, and play Daily Lineup. It is a digital collectible. It is not a security, not a derivative, and not a claim on any stock or company.",hoodpass.png,https://www.hoodshares.xyz,01,HoodPass,Robinhood Chain
767,HoodPass,"Season 01 HoodPass on Robinhood Chain. This pass is the door to HoodShares: claim your included pack, open cards, and play Daily Lineup. It is a digital collectible. It is not a security, not a derivative, and not a claim on any stock or company.",hoodpass.png,https://www.hoodshares.xyz,01,HoodPass,Robinhood Chain
768,HoodPass,"Season 01 HoodPass on Robinhood Chain. This pass is the door to HoodShares: claim your included pack, open cards, and play Daily Lineup. It is a digital collectible. It is not a security, not a derivative, and not a claim on any stock or company.",hoodpass.png,https://www.hoodshares.xyz,01,HoodPass,Robinhood Chain
769,HoodPass,"Season 01 HoodPass on Robinhood Chain. This pass is the door to HoodShares: claim your included pack, open cards, and play Daily Lineup. It is a digital collectible. It is not a security, not a derivative, and not a claim on any stock or company.",hoodpass.png,https://www.hoodshares.xyz,01,HoodPass,Robinhood Chain
770,HoodPass,"Season 01 HoodPass on Robinhood Chain. This pass is the door to HoodShares: claim your included pack, open cards, and play Daily Lineup. It is a digital collectible. It is not a security, not a derivative, and not a claim on any stock or company.",hoodpass.png,https://www.hoodshares.xyz,01,HoodPass,Robinhood Chain
771,HoodPass,"Season 01 HoodPass on Robinhood Chain. This pass is the door to HoodShares: claim your included pack, open cards, and play Daily Lineup. It is a digital collectible. It is not a security, not a derivative, and not a claim on any stock or company.",hoodpass.png,https://www.hoodshares.xyz,01,HoodPass,Robinhood Chain
772,HoodPass,"Season 01 HoodPass on Robinhood Chain. This pass is the door to HoodShares: claim your included pack, open cards, and play Daily Lineup. It is a digital collectible. It is not a security, not a derivative, and not a claim on any stock or company.",hoodpass.png,https://www.hoodshares.xyz,01,HoodPass,Robinhood Chain
773,HoodPass,"Season 01 HoodPass on Robinhood Chain. This pass is the door to HoodShares: claim your included pack, open cards, and play Daily Lineup. It is a digital collectible. It is not a security, not a derivative, and not a claim on any stock or company.",hoodpass.png,https://www.hoodshares.xyz,01,HoodPass,Robinhood Chain
774,HoodPass,"Season 01 HoodPass on Robinhood Chain. This pass is the door to HoodShares: claim your included pack, open cards, and play Daily Lineup. It is a digital collectible. It is not a security, not a derivative, and not a claim on any stock or company.",hoodpass.png,https://www.hoodshares.xyz,01,HoodPass,Robinhood Chain
775,HoodPass,"Season 01 HoodPass on Robinhood Chain. This pass is the door to HoodShares: claim your included pack, open cards, and play Daily Lineup. It is a digital collectible. It is not a security, not a derivative, and not a claim on any stock or company.",hoodpass.png,https://www.hoodshares.xyz,01,HoodPass,Robinhood Chain
776,HoodPass,"Season 01 HoodPass on Robinhood Chain. This pass is the door to HoodShares: claim your included pack, open cards, and play Daily Lineup. It is a digital collectible. It is not a security, not a derivative, and not a claim on any stock or company.",hoodpass.png,https://www.hoodshares.xyz,01,HoodPass,Robinhood Chain
777,HoodPass,"Season 01 HoodPass on Robinhood Chain. This pass is the door to HoodShares: claim your included pack, open cards, and play Daily Lineup. It is a digital collectible. It is not a security, not a derivative, and not a claim on any stock or company.",hoodpass.png,https://www.hoodshares.xyz,01,HoodPass,Robinhood Chain
778,HoodPass,"Season 01 HoodPass on Robinhood Chain. This pass is the door to HoodShares: claim your included pack, open cards, and play Daily Lineup. It is a digital collectible. It is not a security, not a derivative, and not a claim on any stock or company.",hoodpass.png,https://www.hoodshares.xyz,01,HoodPass,Robinhood Chain
779,HoodPass,"Season 01 HoodPass on Robinhood Chain. This pass is the door to HoodShares: claim your included pack, open cards, and play Daily Lineup. It is a digital collectible. It is not a security, not a derivative, and not a claim on any stock or company.",hoodpass.png,https://www.hoodshares.xyz,01,HoodPass,Robinhood Chain
780,HoodPass,"Season 01 HoodPass on Robinhood Chain. This pass is the door to HoodShares: claim your included pack, open cards, and play Daily Lineup. It is a digital collectible. It is not a security, not a derivative, and not a claim on any stock or company.",hoodpass.png,https://www.hoodshares.xyz,01,HoodPass,Robinhood Chain
781,HoodPass,"Season 01 HoodPass on Robinhood Chain. This pass is the door to HoodShares: claim your included pack, open cards, and play Daily Lineup. It is a digital collectible. It is not a security, not a derivative, and not a claim on any stock or company.",hoodpass.png,https://www.hoodshares.xyz,01,HoodPass,Robinhood Chain
782,HoodPass,"Season 01 HoodPass on Robinhood Chain. This pass is the door to HoodShares: claim your included pack, open cards, and play Daily Lineup. It is a digital collectible. It is not a security, not a derivative, and not a claim on any stock or company.",hoodpass.png,https://www.hoodshares.xyz,01,HoodPass,Robinhood Chain
783,HoodPass,"Season 01 HoodPass on Robinhood Chain. This pass is the door to HoodShares: claim your included pack, open cards, and play Daily Lineup. It is a digital collectible. It is not a security, not a derivative, and not a claim on any stock or company.",hoodpass.png,https://www.hoodshares.xyz,01,HoodPass,Robinhood Chain
784,HoodPass,"Season 01 HoodPass on Robinhood Chain. This pass is the door to HoodShares: claim your included pack, open cards, and play Daily Lineup. It is a digital collectible. It is not a security, not a derivative, and not a claim on any stock or company.",hoodpass.png,https://www.hoodshares.xyz,01,HoodPass,Robinhood Chain
785,HoodPass,"Season 01 HoodPass on Robinhood Chain. This pass is the door to HoodShares: claim your included pack, open cards, and play Daily Lineup. It is a digital collectible. It is not a security, not a derivative, and not a claim on any stock or company.",hoodpass.png,https://www.hoodshares.xyz,01,HoodPass,Robinhood Chain
786,HoodPass,"Season 01 HoodPass on Robinhood Chain. This pass is the door to HoodShares: claim your included pack, open cards, and play Daily Lineup. It is a digital collectible. It is not a security, not a derivative, and not a claim on any stock or company.",hoodpass.png,https://www.hoodshares.xyz,01,HoodPass,Robinhood Chain
787,HoodPass,"Season 01 HoodPass on Robinhood Chain. This pass is the door to HoodShares: claim your included pack, open cards, and play Daily Lineup. It is a digital collectible. It is not a security, not a derivative, and not a claim on any stock or company.",hoodpass.png,https://www.hoodshares.xyz,01,HoodPass,Robinhood Chain
788,HoodPass,"Season 01 HoodPass on Robinhood Chain. This pass is the door to HoodShares: claim your included pack, open cards, and play Daily Lineup. It is a digital collectible. It is not a security, not a derivative, and not a claim on any stock or company.",hoodpass.png,https://www.hoodshares.xyz,01,HoodPass,Robinhood Chain
789,HoodPass,"Season 01 HoodPass on Robinhood Chain. This pass is the door to HoodShares: claim your included pack, open cards, and play Daily Lineup. It is a digital collectible. It is not a security, not a derivative, and not a claim on any stock or company.",hoodpass.png,https://www.hoodshares.xyz,01,HoodPass,Robinhood Chain
790,HoodPass,"Season 01 HoodPass on Robinhood Chain. This pass is the door to HoodShares: claim your included pack, open cards, and play Daily Lineup. It is a digital collectible. It is not a security, not a derivative, and not a claim on any stock or company.",hoodpass.png,https://www.hoodshares.xyz,01,HoodPass,Robinhood Chain
791,HoodPass,"Season 01 HoodPass on Robinhood Chain. This pass is the door to HoodShares: claim your included pack, open cards, and play Daily Lineup. It is a digital collectible. It is not a security, not a derivative, and not a claim on any stock or company.",hoodpass.png,https://www.hoodshares.xyz,01,HoodPass,Robinhood Chain
792,HoodPass,"Season 01 HoodPass on Robinhood Chain. This pass is the door to HoodShares: claim your included pack, open cards, and play Daily Lineup. It is a digital collectible. It is not a security, not a derivative, and not a claim on any stock or company.",hoodpass.png,https://www.hoodshares.xyz,01,HoodPass,Robinhood Chain
793,HoodPass,"Season 01 HoodPass on Robinhood Chain. This pass is the door to HoodShares: claim your included pack, open cards, and play Daily Lineup. It is a digital collectible. It is not a security, not a derivative, and not a claim on any stock or company.",hoodpass.png,https://www.hoodshares.xyz,01,HoodPass,Robinhood Chain
794,HoodPass,"Season 01 HoodPass on Robinhood Chain. This pass is the door to HoodShares: claim your included pack, open cards, and play Daily Lineup. It is a digital collectible. It is not a security, not a derivative, and not a claim on any stock or company.",hoodpass.png,https://www.hoodshares.xyz,01,HoodPass,Robinhood Chain
795,HoodPass,"Season 01 HoodPass on Robinhood Chain. This pass is the door to HoodShares: claim your included pack, open cards, and play Daily Lineup. It is a digital collectible. It is not a security, not a derivative, and not a claim on any stock or company.",hoodpass.png,https://www.hoodshares.xyz,01,HoodPass,Robinhood Chain
796,HoodPass,"Season 01 HoodPass on Robinhood Chain. This pass is the door to HoodShares: claim your included pack, open cards, and play Daily Lineup. It is a digital collectible. It is not a security, not a derivative, and not a claim on any stock or company.",hoodpass.png,https://www.hoodshares.xyz,01,HoodPass,Robinhood Chain
797,HoodPass,"Season 01 HoodPass on Robinhood Chain. This pass is the door to HoodShares: claim your included pack, open cards, and play Daily Lineup. It is a digital collectible. It is not a security, not a derivative, and not a claim on any stock or company.",hoodpass.png,https://www.hoodshares.xyz,01,HoodPass,Robinhood Chain
798,HoodPass,"Season 01 HoodPass on Robinhood Chain. This pass is the door to HoodShares: claim your included pack, open cards, and play Daily Lineup. It is a digital collectible. It is not a security, not a derivative, and not a claim on any stock or company.",hoodpass.png,https://www.hoodshares.xyz,01,HoodPass,Robinhood Chain
799,HoodPass,"Season 01 HoodPass on Robinhood Chain. This pass is the door to HoodShares: claim your included pack, open cards, and play Daily Lineup. It is a digital collectible. It is not a security, not a derivative, and not a claim on any stock or company.",hoodpass.png,https://www.hoodshares.xyz,01,HoodPass,Robinhood Chain
800,HoodPass,"Season 01 HoodPass on Robinhood Chain. This pass is the door to HoodShares: claim your included pack, open cards, and play Daily Lineup. It is a digital collectible. It is not a security, not a derivative, and not a claim on any stock or company.",hoodpass.png,https://www.hoodshares.xyz,01,HoodPass,Robinhood Chain
801,HoodPass,"Season 01 HoodPass on Robinhood Chain. This pass is the door to HoodShares: claim your included pack, open cards, and play Daily Lineup. It is a digital collectible. It is not a security, not a derivative, and not a claim on any stock or company.",hoodpass.png,https://www.hoodshares.xyz,01,HoodPass,Robinhood Chain
802,HoodPass,"Season 01 HoodPass on Robinhood Chain. This pass is the door to HoodShares: claim your included pack, open cards, and play Daily Lineup. It is a digital collectible. It is not a security, not a derivative, and not a claim on any stock or company.",hoodpass.png,https://www.hoodshares.xyz,01,HoodPass,Robinhood Chain
803,HoodPass,"Season 01 HoodPass on Robinhood Chain. This pass is the door to HoodShares: claim your included pack, open cards, and play Daily Lineup. It is a digital collectible. It is not a security, not a derivative, and not a claim on any stock or company.",hoodpass.png,https://www.hoodshares.xyz,01,HoodPass,Robinhood Chain
804,HoodPass,"Season 01 HoodPass on Robinhood Chain. This pass is the door to HoodShares: claim your included pack, open cards, and play Daily Lineup. It is a digital collectible. It is not a security, not a derivative, and not a claim on any stock or company.",hoodpass.png,https://www.hoodshares.xyz,01,HoodPass,Robinhood Chain
805,HoodPass,"Season 01 HoodPass on Robinhood Chain. This pass is the door to HoodShares: claim your included pack, open cards, and play Daily Lineup. It is a digital collectible. It is not a security, not a derivative, and not a claim on any stock or company.",hoodpass.png,https://www.hoodshares.xyz,01,HoodPass,Robinhood Chain
806,HoodPass,"Season 01 HoodPass on Robinhood Chain. This pass is the door to HoodShares: claim your included pack, open cards, and play Daily Lineup. It is a digital collectible. It is not a security, not a derivative, and not a claim on any stock or company.",hoodpass.png,https://www.hoodshares.xyz,01,HoodPass,Robinhood Chain
807,HoodPass,"Season 01 HoodPass on Robinhood Chain. This pass is the door to HoodShares: claim your included pack, open cards, and play Daily Lineup. It is a digital collectible. It is not a security, not a derivative, and not a claim on any stock or company.",hoodpass.png,https://www.hoodshares.xyz,01,HoodPass,Robinhood Chain
808,HoodPass,"Season 01 HoodPass on Robinhood Chain. This pass is the door to HoodShares: claim your included pack, open cards, and play Daily Lineup. It is a digital collectible. It is not a security, not a derivative, and not a claim on any stock or company.",hoodpass.png,https://www.hoodshares.xyz,01,HoodPass,Robinhood Chain
809,HoodPass,"Season 01 HoodPass on Robinhood Chain. This pass is the door to HoodShares: claim your included pack, open cards, and play Daily Lineup. It is a digital collectible. It is not a security, not a derivative, and not a claim on any stock or company.",hoodpass.png,https://www.hoodshares.xyz,01,HoodPass,Robinhood Chain
810,HoodPass,"Season 01 HoodPass on Robinhood Chain. This pass is the door to HoodShares: claim your included pack, open cards, and play Daily Lineup. It is a digital collectible. It is not a security, not a derivative, and not a claim on any stock or company.",hoodpass.png,https://www.hoodshares.xyz,01,HoodPass,Robinhood Chain
811,HoodPass,"Season 01 HoodPass on Robinhood Chain. This pass is the door to HoodShares: claim your included pack, open cards, and play Daily Lineup. It is a digital collectible. It is not a security, not a derivative, and not a claim on any stock or company.",hoodpass.png,https://www.hoodshares.xyz,01,HoodPass,Robinhood Chain
812,HoodPass,"Season 01 HoodPass on Robinhood Chain. This pass is the door to HoodShares: claim your included pack, open cards, and play Daily Lineup. It is a digital collectible. It is not a security, not a derivative, and not a claim on any stock or company.",hoodpass.png,https://www.hoodshares.xyz,01,HoodPass,Robinhood Chain
813,HoodPass,"Season 01 HoodPass on Robinhood Chain. This pass is the door to HoodShares: claim your included pack, open cards, and play Daily Lineup. It is a digital collectible. It is not a security, not a derivative, and not a claim on any stock or company.",hoodpass.png,https://www.hoodshares.xyz,01,HoodPass,Robinhood Chain
814,HoodPass,"Season 01 HoodPass on Robinhood Chain. This pass is the door to HoodShares: claim your included pack, open cards, and play Daily Lineup. It is a digital collectible. It is not a security, not a derivative, and not a claim on any stock or company.",hoodpass.png,https://www.hoodshares.xyz,01,HoodPass,Robinhood Chain
815,HoodPass,"Season 01 HoodPass on Robinhood Chain. This pass is the door to HoodShares: claim your included pack, open cards, and play Daily Lineup. It is a digital collectible. It is not a security, not a derivative, and not a claim on any stock or company.",hoodpass.png,https://www.hoodshares.xyz,01,HoodPass,Robinhood Chain
816,HoodPass,"Season 01 HoodPass on Robinhood Chain. This pass is the door to HoodShares: claim your included pack, open cards, and play Daily Lineup. It is a digital collectible. It is not a security, not a derivative, and not a claim on any stock or company.",hoodpass.png,https://www.hoodshares.xyz,01,HoodPass,Robinhood Chain
817,HoodPass,"Season 01 HoodPass on Robinhood Chain. This pass is the door to HoodShares: claim your included pack, open cards, and play Daily Lineup. It is a digital collectible. It is not a security, not a derivative, and not a claim on any stock or company.",hoodpass.png,https://www.hoodshares.xyz,01,HoodPass,Robinhood Chain
818,HoodPass,"Season 01 HoodPass on Robinhood Chain. This pass is the door to HoodShares: claim your included pack, open cards, and play Daily Lineup. It is a digital collectible. It is not a security, not a derivative, and not a claim on any stock or company.",hoodpass.png,https://www.hoodshares.xyz,01,HoodPass,Robinhood Chain
819,HoodPass,"Season 01 HoodPass on Robinhood Chain. This pass is the door to HoodShares: claim your included pack, open cards, and play Daily Lineup. It is a digital collectible. It is not a security, not a derivative, and not a claim on any stock or company.",hoodpass.png,https://www.hoodshares.xyz,01,HoodPass,Robinhood Chain
820,HoodPass,"Season 01 HoodPass on Robinhood Chain. This pass is the door to HoodShares: claim your included pack, open cards, and play Daily Lineup. It is a digital collectible. It is not a security, not a derivative, and not a claim on any stock or company.",hoodpass.png,https://www.hoodshares.xyz,01,HoodPass,Robinhood Chain
821,HoodPass,"Season 01 HoodPass on Robinhood Chain. This pass is the door to HoodShares: claim your included pack, open cards, and play Daily Lineup. It is a digital collectible. It is not a security, not a derivative, and not a claim on any stock or company.",hoodpass.png,https://www.hoodshares.xyz,01,HoodPass,Robinhood Chain
822,HoodPass,"Season 01 HoodPass on Robinhood Chain. This pass is the door to HoodShares: claim your included pack, open cards, and play Daily Lineup. It is a digital collectible. It is not a security, not a derivative, and not a claim on any stock or company.",hoodpass.png,https://www.hoodshares.xyz,01,HoodPass,Robinhood Chain
823,HoodPass,"Season 01 HoodPass on Robinhood Chain. This pass is the door to HoodShares: claim your included pack, open cards, and play Daily Lineup. It is a digital collectible. It is not a security, not a derivative, and not a claim on any stock or company.",hoodpass.png,https://www.hoodshares.xyz,01,HoodPass,Robinhood Chain
824,HoodPass,"Season 01 HoodPass on Robinhood Chain. This pass is the door to HoodShares: claim your included pack, open cards, and play Daily Lineup. It is a digital collectible. It is not a security, not a derivative, and not a claim on any stock or company.",hoodpass.png,https://www.hoodshares.xyz,01,HoodPass,Robinhood Chain
825,HoodPass,"Season 01 HoodPass on Robinhood Chain. This pass is the door to HoodShares: claim your included pack, open cards, and play Daily Lineup. It is a digital collectible. It is not a security, not a derivative, and not a claim on any stock or company.",hoodpass.png,https://www.hoodshares.xyz,01,HoodPass,Robinhood Chain
826,HoodPass,"Season 01 HoodPass on Robinhood Chain. This pass is the door to HoodShares: claim your included pack, open cards, and play Daily Lineup. It is a digital collectible. It is not a security, not a derivative, and not a claim on any stock or company.",hoodpass.png,https://www.hoodshares.xyz,01,HoodPass,Robinhood Chain
827,HoodPass,"Season 01 HoodPass on Robinhood Chain. This pass is the door to HoodShares: claim your included pack, open cards, and play Daily Lineup. It is a digital collectible. It is not a security, not a derivative, and not a claim on any stock or company.",hoodpass.png,https://www.hoodshares.xyz,01,HoodPass,Robinhood Chain
828,HoodPass,"Season 01 HoodPass on Robinhood Chain. This pass is the door to HoodShares: claim your included pack, open cards, and play Daily Lineup. It is a digital collectible. It is not a security, not a derivative, and not a claim on any stock or company.",hoodpass.png,https://www.hoodshares.xyz,01,HoodPass,Robinhood Chain
829,HoodPass,"Season 01 HoodPass on Robinhood Chain. This pass is the door to HoodShares: claim your included pack, open cards, and play Daily Lineup. It is a digital collectible. It is not a security, not a derivative, and not a claim on any stock or company.",hoodpass.png,https://www.hoodshares.xyz,01,HoodPass,Robinhood Chain
830,HoodPass,"Season 01 HoodPass on Robinhood Chain. This pass is the door to HoodShares: claim your included pack, open cards, and play Daily Lineup. It is a digital collectible. It is not a security, not a derivative, and not a claim on any stock or company.",hoodpass.png,https://www.hoodshares.xyz,01,HoodPass,Robinhood Chain
831,HoodPass,"Season 01 HoodPass on Robinhood Chain. This pass is the door to HoodShares: claim your included pack, open cards, and play Daily Lineup. It is a digital collectible. It is not a security, not a derivative, and not a claim on any stock or company.",hoodpass.png,https://www.hoodshares.xyz,01,HoodPass,Robinhood Chain
832,HoodPass,"Season 01 HoodPass on Robinhood Chain. This pass is the door to HoodShares: claim your included pack, open cards, and play Daily Lineup. It is a digital collectible. It is not a security, not a derivative, and not a claim on any stock or company.",hoodpass.png,https://www.hoodshares.xyz,01,HoodPass,Robinhood Chain
833,HoodPass,"Season 01 HoodPass on Robinhood Chain. This pass is the door to HoodShares: claim your included pack, open cards, and play Daily Lineup. It is a digital collectible. It is not a security, not a derivative, and not a claim on any stock or company.",hoodpass.png,https://www.hoodshares.xyz,01,HoodPass,Robinhood Chain
834,HoodPass,"Season 01 HoodPass on Robinhood Chain. This pass is the door to HoodShares: claim your included pack, open cards, and play Daily Lineup. It is a digital collectible. It is not a security, not a derivative, and not a claim on any stock or company.",hoodpass.png,https://www.hoodshares.xyz,01,HoodPass,Robinhood Chain
835,HoodPass,"Season 01 HoodPass on Robinhood Chain. This pass is the door to HoodShares: claim your included pack, open cards, and play Daily Lineup. It is a digital collectible. It is not a security, not a derivative, and not a claim on any stock or company.",hoodpass.png,https://www.hoodshares.xyz,01,HoodPass,Robinhood Chain
836,HoodPass,"Season 01 HoodPass on Robinhood Chain. This pass is the door to HoodShares: claim your included pack, open cards, and play Daily Lineup. It is a digital collectible. It is not a security, not a derivative, and not a claim on any stock or company.",hoodpass.png,https://www.hoodshares.xyz,01,HoodPass,Robinhood Chain
837,HoodPass,"Season 01 HoodPass on Robinhood Chain. This pass is the door to HoodShares: claim your included pack, open cards, and play Daily Lineup. It is a digital collectible. It is not a security, not a derivative, and not a claim on any stock or company.",hoodpass.png,https://www.hoodshares.xyz,01,HoodPass,Robinhood Chain
838,HoodPass,"Season 01 HoodPass on Robinhood Chain. This pass is the door to HoodShares: claim your included pack, open cards, and play Daily Lineup. It is a digital collectible. It is not a security, not a derivative, and not a claim on any stock or company.",hoodpass.png,https://www.hoodshares.xyz,01,HoodPass,Robinhood Chain
839,HoodPass,"Season 01 HoodPass on Robinhood Chain. This pass is the door to HoodShares: claim your included pack, open cards, and play Daily Lineup. It is a digital collectible. It is not a security, not a derivative, and not a claim on any stock or company.",hoodpass.png,https://www.hoodshares.xyz,01,HoodPass,Robinhood Chain
840,HoodPass,"Season 01 HoodPass on Robinhood Chain. This pass is the door to HoodShares: claim your included pack, open cards, and play Daily Lineup. It is a digital collectible. It is not a security, not a derivative, and not a claim on any stock or company.",hoodpass.png,https://www.hoodshares.xyz,01,HoodPass,Robinhood Chain
841,HoodPass,"Season 01 HoodPass on Robinhood Chain. This pass is the door to HoodShares: claim your included pack, open cards, and play Daily Lineup. It is a digital collectible. It is not a security, not a derivative, and not a claim on any stock or company.",hoodpass.png,https://www.hoodshares.xyz,01,HoodPass,Robinhood Chain
842,HoodPass,"Season 01 HoodPass on Robinhood Chain. This pass is the door to HoodShares: claim your included pack, open cards, and play Daily Lineup. It is a digital collectible. It is not a security, not a derivative, and not a claim on any stock or company.",hoodpass.png,https://www.hoodshares.xyz,01,HoodPass,Robinhood Chain
843,HoodPass,"Season 01 HoodPass on Robinhood Chain. This pass is the door to HoodShares: claim your included pack, open cards, and play Daily Lineup. It is a digital collectible. It is not a security, not a derivative, and not a claim on any stock or company.",hoodpass.png,https://www.hoodshares.xyz,01,HoodPass,Robinhood Chain
844,HoodPass,"Season 01 HoodPass on Robinhood Chain. This pass is the door to HoodShares: claim your included pack, open cards, and play Daily Lineup. It is a digital collectible. It is not a security, not a derivative, and not a claim on any stock or company.",hoodpass.png,https://www.hoodshares.xyz,01,HoodPass,Robinhood Chain
845,HoodPass,"Season 01 HoodPass on Robinhood Chain. This pass is the door to HoodShares: claim your included pack, open cards, and play Daily Lineup. It is a digital collectible. It is not a security, not a derivative, and not a claim on any stock or company.",hoodpass.png,https://www.hoodshares.xyz,01,HoodPass,Robinhood Chain
846,HoodPass,"Season 01 HoodPass on Robinhood Chain. This pass is the door to HoodShares: claim your included pack, open cards, and play Daily Lineup. It is a digital collectible. It is not a security, not a derivative, and not a claim on any stock or company.",hoodpass.png,https://www.hoodshares.xyz,01,HoodPass,Robinhood Chain
847,HoodPass,"Season 01 HoodPass on Robinhood Chain. This pass is the door to HoodShares: claim your included pack, open cards, and play Daily Lineup. It is a digital collectible. It is not a security, not a derivative, and not a claim on any stock or company.",hoodpass.png,https://www.hoodshares.xyz,01,HoodPass,Robinhood Chain
848,HoodPass,"Season 01 HoodPass on Robinhood Chain. This pass is the door to HoodShares: claim your included pack, open cards, and play Daily Lineup. It is a digital collectible. It is not a security, not a derivative, and not a claim on any stock or company.",hoodpass.png,https://www.hoodshares.xyz,01,HoodPass,Robinhood Chain
849,HoodPass,"Season 01 HoodPass on Robinhood Chain. This pass is the door to HoodShares: claim your included pack, open cards, and play Daily Lineup. It is a digital collectible. It is not a security, not a derivative, and not a claim on any stock or company.",hoodpass.png,https://www.hoodshares.xyz,01,HoodPass,Robinhood Chain
850,HoodPass,"Season 01 HoodPass on Robinhood Chain. This pass is the door to HoodShares: claim your included pack, open cards, and play Daily Lineup. It is a digital collectible. It is not a security, not a derivative, and not a claim on any stock or company.",hoodpass.png,https://www.hoodshares.xyz,01,HoodPass,Robinhood Chain
851,HoodPass,"Season 01 HoodPass on Robinhood Chain. This pass is the door to HoodShares: claim your included pack, open cards, and play Daily Lineup. It is a digital collectible. It is not a security, not a derivative, and not a claim on any stock or company.",hoodpass.png,https://www.hoodshares.xyz,01,HoodPass,Robinhood Chain
852,HoodPass,"Season 01 HoodPass on Robinhood Chain. This pass is the door to HoodShares: claim your included pack, open cards, and play Daily Lineup. It is a digital collectible. It is not a security, not a derivative, and not a claim on any stock or company.",hoodpass.png,https://www.hoodshares.xyz,01,HoodPass,Robinhood Chain
853,HoodPass,"Season 01 HoodPass on Robinhood Chain. This pass is the door to HoodShares: claim your included pack, open cards, and play Daily Lineup. It is a digital collectible. It is not a security, not a derivative, and not a claim on any stock or company.",hoodpass.png,https://www.hoodshares.xyz,01,HoodPass,Robinhood Chain
854,HoodPass,"Season 01 HoodPass on Robinhood Chain. This pass is the door to HoodShares: claim your included pack, open cards, and play Daily Lineup. It is a digital collectible. It is not a security, not a derivative, and not a claim on any stock or company.",hoodpass.png,https://www.hoodshares.xyz,01,HoodPass,Robinhood Chain
855,HoodPass,"Season 01 HoodPass on Robinhood Chain. This pass is the door to HoodShares: claim your included pack, open cards, and play Daily Lineup. It is a digital collectible. It is not a security, not a derivative, and not a claim on any stock or company.",hoodpass.png,https://www.hoodshares.xyz,01,HoodPass,Robinhood Chain
856,HoodPass,"Season 01 HoodPass on Robinhood Chain. This pass is the door to HoodShares: claim your included pack, open cards, and play Daily Lineup. It is a digital collectible. It is not a security, not a derivative, and not a claim on any stock or company.",hoodpass.png,https://www.hoodshares.xyz,01,HoodPass,Robinhood Chain
857,HoodPass,"Season 01 HoodPass on Robinhood Chain. This pass is the door to HoodShares: claim your included pack, open cards, and play Daily Lineup. It is a digital collectible. It is not a security, not a derivative, and not a claim on any stock or company.",hoodpass.png,https://www.hoodshares.xyz,01,HoodPass,Robinhood Chain
858,HoodPass,"Season 01 HoodPass on Robinhood Chain. This pass is the door to HoodShares: claim your included pack, open cards, and play Daily Lineup. It is a digital collectible. It is not a security, not a derivative, and not a claim on any stock or company.",hoodpass.png,https://www.hoodshares.xyz,01,HoodPass,Robinhood Chain
859,HoodPass,"Season 01 HoodPass on Robinhood Chain. This pass is the door to HoodShares: claim your included pack, open cards, and play Daily Lineup. It is a digital collectible. It is not a security, not a derivative, and not a claim on any stock or company.",hoodpass.png,https://www.hoodshares.xyz,01,HoodPass,Robinhood Chain
860,HoodPass,"Season 01 HoodPass on Robinhood Chain. This pass is the door to HoodShares: claim your included pack, open cards, and play Daily Lineup. It is a digital collectible. It is not a security, not a derivative, and not a claim on any stock or company.",hoodpass.png,https://www.hoodshares.xyz,01,HoodPass,Robinhood Chain
861,HoodPass,"Season 01 HoodPass on Robinhood Chain. This pass is the door to HoodShares: claim your included pack, open cards, and play Daily Lineup. It is a digital collectible. It is not a security, not a derivative, and not a claim on any stock or company.",hoodpass.png,https://www.hoodshares.xyz,01,HoodPass,Robinhood Chain
862,HoodPass,"Season 01 HoodPass on Robinhood Chain. This pass is the door to HoodShares: claim your included pack, open cards, and play Daily Lineup. It is a digital collectible. It is not a security, not a derivative, and not a claim on any stock or company.",hoodpass.png,https://www.hoodshares.xyz,01,HoodPass,Robinhood Chain
863,HoodPass,"Season 01 HoodPass on Robinhood Chain. This pass is the door to HoodShares: claim your included pack, open cards, and play Daily Lineup. It is a digital collectible. It is not a security, not a derivative, and not a claim on any stock or company.",hoodpass.png,https://www.hoodshares.xyz,01,HoodPass,Robinhood Chain
864,HoodPass,"Season 01 HoodPass on Robinhood Chain. This pass is the door to HoodShares: claim your included pack, open cards, and play Daily Lineup. It is a digital collectible. It is not a security, not a derivative, and not a claim on any stock or company.",hoodpass.png,https://www.hoodshares.xyz,01,HoodPass,Robinhood Chain
865,HoodPass,"Season 01 HoodPass on Robinhood Chain. This pass is the door to HoodShares: claim your included pack, open cards, and play Daily Lineup. It is a digital collectible. It is not a security, not a derivative, and not a claim on any stock or company.",hoodpass.png,https://www.hoodshares.xyz,01,HoodPass,Robinhood Chain
866,HoodPass,"Season 01 HoodPass on Robinhood Chain. This pass is the door to HoodShares: claim your included pack, open cards, and play Daily Lineup. It is a digital collectible. It is not a security, not a derivative, and not a claim on any stock or company.",hoodpass.png,https://www.hoodshares.xyz,01,HoodPass,Robinhood Chain
867,HoodPass,"Season 01 HoodPass on Robinhood Chain. This pass is the door to HoodShares: claim your included pack, open cards, and play Daily Lineup. It is a digital collectible. It is not a security, not a derivative, and not a claim on any stock or company.",hoodpass.png,https://www.hoodshares.xyz,01,HoodPass,Robinhood Chain
868,HoodPass,"Season 01 HoodPass on Robinhood Chain. This pass is the door to HoodShares: claim your included pack, open cards, and play Daily Lineup. It is a digital collectible. It is not a security, not a derivative, and not a claim on any stock or company.",hoodpass.png,https://www.hoodshares.xyz,01,HoodPass,Robinhood Chain
869,HoodPass,"Season 01 HoodPass on Robinhood Chain. This pass is the door to HoodShares: claim your included pack, open cards, and play Daily Lineup. It is a digital collectible. It is not a security, not a derivative, and not a claim on any stock or company.",hoodpass.png,https://www.hoodshares.xyz,01,HoodPass,Robinhood Chain
870,HoodPass,"Season 01 HoodPass on Robinhood Chain. This pass is the door to HoodShares: claim your included pack, open cards, and play Daily Lineup. It is a digital collectible. It is not a security, not a derivative, and not a claim on any stock or company.",hoodpass.png,https://www.hoodshares.xyz,01,HoodPass,Robinhood Chain
871,HoodPass,"Season 01 HoodPass on Robinhood Chain. This pass is the door to HoodShares: claim your included pack, open cards, and play Daily Lineup. It is a digital collectible. It is not a security, not a derivative, and not a claim on any stock or company.",hoodpass.png,https://www.hoodshares.xyz,01,HoodPass,Robinhood Chain
872,HoodPass,"Season 01 HoodPass on Robinhood Chain. This pass is the door to HoodShares: claim your included pack, open cards, and play Daily Lineup. It is a digital collectible. It is not a security, not a derivative, and not a claim on any stock or company.",hoodpass.png,https://www.hoodshares.xyz,01,HoodPass,Robinhood Chain
873,HoodPass,"Season 01 HoodPass on Robinhood Chain. This pass is the door to HoodShares: claim your included pack, open cards, and play Daily Lineup. It is a digital collectible. It is not a security, not a derivative, and not a claim on any stock or company.",hoodpass.png,https://www.hoodshares.xyz,01,HoodPass,Robinhood Chain
874,HoodPass,"Season 01 HoodPass on Robinhood Chain. This pass is the door to HoodShares: claim your included pack, open cards, and play Daily Lineup. It is a digital collectible. It is not a security, not a derivative, and not a claim on any stock or company.",hoodpass.png,https://www.hoodshares.xyz,01,HoodPass,Robinhood Chain
875,HoodPass,"Season 01 HoodPass on Robinhood Chain. This pass is the door to HoodShares: claim your included pack, open cards, and play Daily Lineup. It is a digital collectible. It is not a security, not a derivative, and not a claim on any stock or company.",hoodpass.png,https://www.hoodshares.xyz,01,HoodPass,Robinhood Chain
876,HoodPass,"Season 01 HoodPass on Robinhood Chain. This pass is the door to HoodShares: claim your included pack, open cards, and play Daily Lineup. It is a digital collectible. It is not a security, not a derivative, and not a claim on any stock or company.",hoodpass.png,https://www.hoodshares.xyz,01,HoodPass,Robinhood Chain
877,HoodPass,"Season 01 HoodPass on Robinhood Chain. This pass is the door to HoodShares: claim your included pack, open cards, and play Daily Lineup. It is a digital collectible. It is not a security, not a derivative, and not a claim on any stock or company.",hoodpass.png,https://www.hoodshares.xyz,01,HoodPass,Robinhood Chain
878,HoodPass,"Season 01 HoodPass on Robinhood Chain. This pass is the door to HoodShares: claim your included pack, open cards, and play Daily Lineup. It is a digital collectible. It is not a security, not a derivative, and not a claim on any stock or company.",hoodpass.png,https://www.hoodshares.xyz,01,HoodPass,Robinhood Chain
879,HoodPass,"Season 01 HoodPass on Robinhood Chain. This pass is the door to HoodShares: claim your included pack, open cards, and play Daily Lineup. It is a digital collectible. It is not a security, not a derivative, and not a claim on any stock or company.",hoodpass.png,https://www.hoodshares.xyz,01,HoodPass,Robinhood Chain
880,HoodPass,"Season 01 HoodPass on Robinhood Chain. This pass is the door to HoodShares: claim your included pack, open cards, and play Daily Lineup. It is a digital collectible. It is not a security, not a derivative, and not a claim on any stock or company.",hoodpass.png,https://www.hoodshares.xyz,01,HoodPass,Robinhood Chain
881,HoodPass,"Season 01 HoodPass on Robinhood Chain. This pass is the door to HoodShares: claim your included pack, open cards, and play Daily Lineup. It is a digital collectible. It is not a security, not a derivative, and not a claim on any stock or company.",hoodpass.png,https://www.hoodshares.xyz,01,HoodPass,Robinhood Chain
882,HoodPass,"Season 01 HoodPass on Robinhood Chain. This pass is the door to HoodShares: claim your included pack, open cards, and play Daily Lineup. It is a digital collectible. It is not a security, not a derivative, and not a claim on any stock or company.",hoodpass.png,https://www.hoodshares.xyz,01,HoodPass,Robinhood Chain
883,HoodPass,"Season 01 HoodPass on Robinhood Chain. This pass is the door to HoodShares: claim your included pack, open cards, and play Daily Lineup. It is a digital collectible. It is not a security, not a derivative, and not a claim on any stock or company.",hoodpass.png,https://www.hoodshares.xyz,01,HoodPass,Robinhood Chain
884,HoodPass,"Season 01 HoodPass on Robinhood Chain. This pass is the door to HoodShares: claim your included pack, open cards, and play Daily Lineup. It is a digital collectible. It is not a security, not a derivative, and not a claim on any stock or company.",hoodpass.png,https://www.hoodshares.xyz,01,HoodPass,Robinhood Chain
885,HoodPass,"Season 01 HoodPass on Robinhood Chain. This pass is the door to HoodShares: claim your included pack, open cards, and play Daily Lineup. It is a digital collectible. It is not a security, not a derivative, and not a claim on any stock or company.",hoodpass.png,https://www.hoodshares.xyz,01,HoodPass,Robinhood Chain
886,HoodPass,"Season 01 HoodPass on Robinhood Chain. This pass is the door to HoodShares: claim your included pack, open cards, and play Daily Lineup. It is a digital collectible. It is not a security, not a derivative, and not a claim on any stock or company.",hoodpass.png,https://www.hoodshares.xyz,01,HoodPass,Robinhood Chain
887,HoodPass,"Season 01 HoodPass on Robinhood Chain. This pass is the door to HoodShares: claim your included pack, open cards, and play Daily Lineup. It is a digital collectible. It is not a security, not a derivative, and not a claim on any stock or company.",hoodpass.png,https://www.hoodshares.xyz,01,HoodPass,Robinhood Chain
888,HoodPass,"Season 01 HoodPass on Robinhood Chain. This pass is the door to HoodShares: claim your included pack, open cards, and play Daily Lineup. It is a digital collectible. It is not a security, not a derivative, and not a claim on any stock or company.",hoodpass.png,https://www.hoodshares.xyz,01,HoodPass,Robinhood Chain
889,HoodPass,"Season 01 HoodPass on Robinhood Chain. This pass is the door to HoodShares: claim your included pack, open cards, and play Daily Lineup. It is a digital collectible. It is not a security, not a derivative, and not a claim on any stock or company.",hoodpass.png,https://www.hoodshares.xyz,01,HoodPass,Robinhood Chain
890,HoodPass,"Season 01 HoodPass on Robinhood Chain. This pass is the door to HoodShares: claim your included pack, open cards, and play Daily Lineup. It is a digital collectible. It is not a security, not a derivative, and not a claim on any stock or company.",hoodpass.png,https://www.hoodshares.xyz,01,HoodPass,Robinhood Chain
891,HoodPass,"Season 01 HoodPass on Robinhood Chain. This pass is the door to HoodShares: claim your included pack, open cards, and play Daily Lineup. It is a digital collectible. It is not a security, not a derivative, and not a claim on any stock or company.",hoodpass.png,https://www.hoodshares.xyz,01,HoodPass,Robinhood Chain
892,HoodPass,"Season 01 HoodPass on Robinhood Chain. This pass is the door to HoodShares: claim your included pack, open cards, and play Daily Lineup. It is a digital collectible. It is not a security, not a derivative, and not a claim on any stock or company.",hoodpass.png,https://www.hoodshares.xyz,01,HoodPass,Robinhood Chain
893,HoodPass,"Season 01 HoodPass on Robinhood Chain. This pass is the door to HoodShares: claim your included pack, open cards, and play Daily Lineup. It is a digital collectible. It is not a security, not a derivative, and not a claim on any stock or company.",hoodpass.png,https://www.hoodshares.xyz,01,HoodPass,Robinhood Chain
894,HoodPass,"Season 01 HoodPass on Robinhood Chain. This pass is the door to HoodShares: claim your included pack, open cards, and play Daily Lineup. It is a digital collectible. It is not a security, not a derivative, and not a claim on any stock or company.",hoodpass.png,https://www.hoodshares.xyz,01,HoodPass,Robinhood Chain
895,HoodPass,"Season 01 HoodPass on Robinhood Chain. This pass is the door to HoodShares: claim your included pack, open cards, and play Daily Lineup. It is a digital collectible. It is not a security, not a derivative, and not a claim on any stock or company.",hoodpass.png,https://www.hoodshares.xyz,01,HoodPass,Robinhood Chain
896,HoodPass,"Season 01 HoodPass on Robinhood Chain. This pass is the door to HoodShares: claim your included pack, open cards, and play Daily Lineup. It is a digital collectible. It is not a security, not a derivative, and not a claim on any stock or company.",hoodpass.png,https://www.hoodshares.xyz,01,HoodPass,Robinhood Chain
897,HoodPass,"Season 01 HoodPass on Robinhood Chain. This pass is the door to HoodShares: claim your included pack, open cards, and play Daily Lineup. It is a digital collectible. It is not a security, not a derivative, and not a claim on any stock or company.",hoodpass.png,https://www.hoodshares.xyz,01,HoodPass,Robinhood Chain
898,HoodPass,"Season 01 HoodPass on Robinhood Chain. This pass is the door to HoodShares: claim your included pack, open cards, and play Daily Lineup. It is a digital collectible. It is not a security, not a derivative, and not a claim on any stock or company.",hoodpass.png,https://www.hoodshares.xyz,01,HoodPass,Robinhood Chain
899,HoodPass,"Season 01 HoodPass on Robinhood Chain. This pass is the door to HoodShares: claim your included pack, open cards, and play Daily Lineup. It is a digital collectible. It is not a security, not a derivative, and not a claim on any stock or company.",hoodpass.png,https://www.hoodshares.xyz,01,HoodPass,Robinhood Chain
900,HoodPass,"Season 01 HoodPass on Robinhood Chain. This pass is the door to HoodShares: claim your included pack, open cards, and play Daily Lineup. It is a digital collectible. It is not a security, not a derivative, and not a claim on any stock or company.",hoodpass.png,https://www.hoodshares.xyz,01,HoodPass,Robinhood Chain
901,HoodPass,"Season 01 HoodPass on Robinhood Chain. This pass is the door to HoodShares: claim your included pack, open cards, and play Daily Lineup. It is a digital collectible. It is not a security, not a derivative, and not a claim on any stock or company.",hoodpass.png,https://www.hoodshares.xyz,01,HoodPass,Robinhood Chain
902,HoodPass,"Season 01 HoodPass on Robinhood Chain. This pass is the door to HoodShares: claim your included pack, open cards, and play Daily Lineup. It is a digital collectible. It is not a security, not a derivative, and not a claim on any stock or company.",hoodpass.png,https://www.hoodshares.xyz,01,HoodPass,Robinhood Chain
903,HoodPass,"Season 01 HoodPass on Robinhood Chain. This pass is the door to HoodShares: claim your included pack, open cards, and play Daily Lineup. It is a digital collectible. It is not a security, not a derivative, and not a claim on any stock or company.",hoodpass.png,https://www.hoodshares.xyz,01,HoodPass,Robinhood Chain
904,HoodPass,"Season 01 HoodPass on Robinhood Chain. This pass is the door to HoodShares: claim your included pack, open cards, and play Daily Lineup. It is a digital collectible. It is not a security, not a derivative, and not a claim on any stock or company.",hoodpass.png,https://www.hoodshares.xyz,01,HoodPass,Robinhood Chain
905,HoodPass,"Season 01 HoodPass on Robinhood Chain. This pass is the door to HoodShares: claim your included pack, open cards, and play Daily Lineup. It is a digital collectible. It is not a security, not a derivative, and not a claim on any stock or company.",hoodpass.png,https://www.hoodshares.xyz,01,HoodPass,Robinhood Chain
906,HoodPass,"Season 01 HoodPass on Robinhood Chain. This pass is the door to HoodShares: claim your included pack, open cards, and play Daily Lineup. It is a digital collectible. It is not a security, not a derivative, and not a claim on any stock or company.",hoodpass.png,https://www.hoodshares.xyz,01,HoodPass,Robinhood Chain
907,HoodPass,"Season 01 HoodPass on Robinhood Chain. This pass is the door to HoodShares: claim your included pack, open cards, and play Daily Lineup. It is a digital collectible. It is not a security, not a derivative, and not a claim on any stock or company.",hoodpass.png,https://www.hoodshares.xyz,01,HoodPass,Robinhood Chain
908,HoodPass,"Season 01 HoodPass on Robinhood Chain. This pass is the door to HoodShares: claim your included pack, open cards, and play Daily Lineup. It is a digital collectible. It is not a security, not a derivative, and not a claim on any stock or company.",hoodpass.png,https://www.hoodshares.xyz,01,HoodPass,Robinhood Chain
909,HoodPass,"Season 01 HoodPass on Robinhood Chain. This pass is the door to HoodShares: claim your included pack, open cards, and play Daily Lineup. It is a digital collectible. It is not a security, not a derivative, and not a claim on any stock or company.",hoodpass.png,https://www.hoodshares.xyz,01,HoodPass,Robinhood Chain
910,HoodPass,"Season 01 HoodPass on Robinhood Chain. This pass is the door to HoodShares: claim your included pack, open cards, and play Daily Lineup. It is a digital collectible. It is not a security, not a derivative, and not a claim on any stock or company.",hoodpass.png,https://www.hoodshares.xyz,01,HoodPass,Robinhood Chain
911,HoodPass,"Season 01 HoodPass on Robinhood Chain. This pass is the door to HoodShares: claim your included pack, open cards, and play Daily Lineup. It is a digital collectible. It is not a security, not a derivative, and not a claim on any stock or company.",hoodpass.png,https://www.hoodshares.xyz,01,HoodPass,Robinhood Chain
912,HoodPass,"Season 01 HoodPass on Robinhood Chain. This pass is the door to HoodShares: claim your included pack, open cards, and play Daily Lineup. It is a digital collectible. It is not a security, not a derivative, and not a claim on any stock or company.",hoodpass.png,https://www.hoodshares.xyz,01,HoodPass,Robinhood Chain
913,HoodPass,"Season 01 HoodPass on Robinhood Chain. This pass is the door to HoodShares: claim your included pack, open cards, and play Daily Lineup. It is a digital collectible. It is not a security, not a derivative, and not a claim on any stock or company.",hoodpass.png,https://www.hoodshares.xyz,01,HoodPass,Robinhood Chain
914,HoodPass,"Season 01 HoodPass on Robinhood Chain. This pass is the door to HoodShares: claim your included pack, open cards, and play Daily Lineup. It is a digital collectible. It is not a security, not a derivative, and not a claim on any stock or company.",hoodpass.png,https://www.hoodshares.xyz,01,HoodPass,Robinhood Chain
915,HoodPass,"Season 01 HoodPass on Robinhood Chain. This pass is the door to HoodShares: claim your included pack, open cards, and play Daily Lineup. It is a digital collectible. It is not a security, not a derivative, and not a claim on any stock or company.",hoodpass.png,https://www.hoodshares.xyz,01,HoodPass,Robinhood Chain
916,HoodPass,"Season 01 HoodPass on Robinhood Chain. This pass is the door to HoodShares: claim your included pack, open cards, and play Daily Lineup. It is a digital collectible. It is not a security, not a derivative, and not a claim on any stock or company.",hoodpass.png,https://www.hoodshares.xyz,01,HoodPass,Robinhood Chain
917,HoodPass,"Season 01 HoodPass on Robinhood Chain. This pass is the door to HoodShares: claim your included pack, open cards, and play Daily Lineup. It is a digital collectible. It is not a security, not a derivative, and not a claim on any stock or company.",hoodpass.png,https://www.hoodshares.xyz,01,HoodPass,Robinhood Chain
918,HoodPass,"Season 01 HoodPass on Robinhood Chain. This pass is the door to HoodShares: claim your included pack, open cards, and play Daily Lineup. It is a digital collectible. It is not a security, not a derivative, and not a claim on any stock or company.",hoodpass.png,https://www.hoodshares.xyz,01,HoodPass,Robinhood Chain
919,HoodPass,"Season 01 HoodPass on Robinhood Chain. This pass is the door to HoodShares: claim your included pack, open cards, and play Daily Lineup. It is a digital collectible. It is not a security, not a derivative, and not a claim on any stock or company.",hoodpass.png,https://www.hoodshares.xyz,01,HoodPass,Robinhood Chain
920,HoodPass,"Season 01 HoodPass on Robinhood Chain. This pass is the door to HoodShares: claim your included pack, open cards, and play Daily Lineup. It is a digital collectible. It is not a security, not a derivative, and not a claim on any stock or company.",hoodpass.png,https://www.hoodshares.xyz,01,HoodPass,Robinhood Chain
921,HoodPass,"Season 01 HoodPass on Robinhood Chain. This pass is the door to HoodShares: claim your included pack, open cards, and play Daily Lineup. It is a digital collectible. It is not a security, not a derivative, and not a claim on any stock or company.",hoodpass.png,https://www.hoodshares.xyz,01,HoodPass,Robinhood Chain
922,HoodPass,"Season 01 HoodPass on Robinhood Chain. This pass is the door to HoodShares: claim your included pack, open cards, and play Daily Lineup. It is a digital collectible. It is not a security, not a derivative, and not a claim on any stock or company.",hoodpass.png,https://www.hoodshares.xyz,01,HoodPass,Robinhood Chain
923,HoodPass,"Season 01 HoodPass on Robinhood Chain. This pass is the door to HoodShares: claim your included pack, open cards, and play Daily Lineup. It is a digital collectible. It is not a security, not a derivative, and not a claim on any stock or company.",hoodpass.png,https://www.hoodshares.xyz,01,HoodPass,Robinhood Chain
924,HoodPass,"Season 01 HoodPass on Robinhood Chain. This pass is the door to HoodShares: claim your included pack, open cards, and play Daily Lineup. It is a digital collectible. It is not a security, not a derivative, and not a claim on any stock or company.",hoodpass.png,https://www.hoodshares.xyz,01,HoodPass,Robinhood Chain
925,HoodPass,"Season 01 HoodPass on Robinhood Chain. This pass is the door to HoodShares: claim your included pack, open cards, and play Daily Lineup. It is a digital collectible. It is not a security, not a derivative, and not a claim on any stock or company.",hoodpass.png,https://www.hoodshares.xyz,01,HoodPass,Robinhood Chain
926,HoodPass,"Season 01 HoodPass on Robinhood Chain. This pass is the door to HoodShares: claim your included pack, open cards, and play Daily Lineup. It is a digital collectible. It is not a security, not a derivative, and not a claim on any stock or company.",hoodpass.png,https://www.hoodshares.xyz,01,HoodPass,Robinhood Chain
927,HoodPass,"Season 01 HoodPass on Robinhood Chain. This pass is the door to HoodShares: claim your included pack, open cards, and play Daily Lineup. It is a digital collectible. It is not a security, not a derivative, and not a claim on any stock or company.",hoodpass.png,https://www.hoodshares.xyz,01,HoodPass,Robinhood Chain
928,HoodPass,"Season 01 HoodPass on Robinhood Chain. This pass is the door to HoodShares: claim your included pack, open cards, and play Daily Lineup. It is a digital collectible. It is not a security, not a derivative, and not a claim on any stock or company.",hoodpass.png,https://www.hoodshares.xyz,01,HoodPass,Robinhood Chain
929,HoodPass,"Season 01 HoodPass on Robinhood Chain. This pass is the door to HoodShares: claim your included pack, open cards, and play Daily Lineup. It is a digital collectible. It is not a security, not a derivative, and not a claim on any stock or company.",hoodpass.png,https://www.hoodshares.xyz,01,HoodPass,Robinhood Chain
930,HoodPass,"Season 01 HoodPass on Robinhood Chain. This pass is the door to HoodShares: claim your included pack, open cards, and play Daily Lineup. It is a digital collectible. It is not a security, not a derivative, and not a claim on any stock or company.",hoodpass.png,https://www.hoodshares.xyz,01,HoodPass,Robinhood Chain
931,HoodPass,"Season 01 HoodPass on Robinhood Chain. This pass is the door to HoodShares: claim your included pack, open cards, and play Daily Lineup. It is a digital collectible. It is not a security, not a derivative, and not a claim on any stock or company.",hoodpass.png,https://www.hoodshares.xyz,01,HoodPass,Robinhood Chain
932,HoodPass,"Season 01 HoodPass on Robinhood Chain. This pass is the door to HoodShares: claim your included pack, open cards, and play Daily Lineup. It is a digital collectible. It is not a security, not a derivative, and not a claim on any stock or company.",hoodpass.png,https://www.hoodshares.xyz,01,HoodPass,Robinhood Chain
933,HoodPass,"Season 01 HoodPass on Robinhood Chain. This pass is the door to HoodShares: claim your included pack, open cards, and play Daily Lineup. It is a digital collectible. It is not a security, not a derivative, and not a claim on any stock or company.",hoodpass.png,https://www.hoodshares.xyz,01,HoodPass,Robinhood Chain
934,HoodPass,"Season 01 HoodPass on Robinhood Chain. This pass is the door to HoodShares: claim your included pack, open cards, and play Daily Lineup. It is a digital collectible. It is not a security, not a derivative, and not a claim on any stock or company.",hoodpass.png,https://www.hoodshares.xyz,01,HoodPass,Robinhood Chain
935,HoodPass,"Season 01 HoodPass on Robinhood Chain. This pass is the door to HoodShares: claim your included pack, open cards, and play Daily Lineup. It is a digital collectible. It is not a security, not a derivative, and not a claim on any stock or company.",hoodpass.png,https://www.hoodshares.xyz,01,HoodPass,Robinhood Chain
936,HoodPass,"Season 01 HoodPass on Robinhood Chain. This pass is the door to HoodShares: claim your included pack, open cards, and play Daily Lineup. It is a digital collectible. It is not a security, not a derivative, and not a claim on any stock or company.",hoodpass.png,https://www.hoodshares.xyz,01,HoodPass,Robinhood Chain
937,HoodPass,"Season 01 HoodPass on Robinhood Chain. This pass is the door to HoodShares: claim your included pack, open cards, and play Daily Lineup. It is a digital collectible. It is not a security, not a derivative, and not a claim on any stock or company.",hoodpass.png,https://www.hoodshares.xyz,01,HoodPass,Robinhood Chain
938,HoodPass,"Season 01 HoodPass on Robinhood Chain. This pass is the door to HoodShares: claim your included pack, open cards, and play Daily Lineup. It is a digital collectible. It is not a security, not a derivative, and not a claim on any stock or company.",hoodpass.png,https://www.hoodshares.xyz,01,HoodPass,Robinhood Chain
939,HoodPass,"Season 01 HoodPass on Robinhood Chain. This pass is the door to HoodShares: claim your included pack, open cards, and play Daily Lineup. It is a digital collectible. It is not a security, not a derivative, and not a claim on any stock or company.",hoodpass.png,https://www.hoodshares.xyz,01,HoodPass,Robinhood Chain
940,HoodPass,"Season 01 HoodPass on Robinhood Chain. This pass is the door to HoodShares: claim your included pack, open cards, and play Daily Lineup. It is a digital collectible. It is not a security, not a derivative, and not a claim on any stock or company.",hoodpass.png,https://www.hoodshares.xyz,01,HoodPass,Robinhood Chain
941,HoodPass,"Season 01 HoodPass on Robinhood Chain. This pass is the door to HoodShares: claim your included pack, open cards, and play Daily Lineup. It is a digital collectible. It is not a security, not a derivative, and not a claim on any stock or company.",hoodpass.png,https://www.hoodshares.xyz,01,HoodPass,Robinhood Chain
942,HoodPass,"Season 01 HoodPass on Robinhood Chain. This pass is the door to HoodShares: claim your included pack, open cards, and play Daily Lineup. It is a digital collectible. It is not a security, not a derivative, and not a claim on any stock or company.",hoodpass.png,https://www.hoodshares.xyz,01,HoodPass,Robinhood Chain
943,HoodPass,"Season 01 HoodPass on Robinhood Chain. This pass is the door to HoodShares: claim your included pack, open cards, and play Daily Lineup. It is a digital collectible. It is not a security, not a derivative, and not a claim on any stock or company.",hoodpass.png,https://www.hoodshares.xyz,01,HoodPass,Robinhood Chain
944,HoodPass,"Season 01 HoodPass on Robinhood Chain. This pass is the door to HoodShares: claim your included pack, open cards, and play Daily Lineup. It is a digital collectible. It is not a security, not a derivative, and not a claim on any stock or company.",hoodpass.png,https://www.hoodshares.xyz,01,HoodPass,Robinhood Chain
945,HoodPass,"Season 01 HoodPass on Robinhood Chain. This pass is the door to HoodShares: claim your included pack, open cards, and play Daily Lineup. It is a digital collectible. It is not a security, not a derivative, and not a claim on any stock or company.",hoodpass.png,https://www.hoodshares.xyz,01,HoodPass,Robinhood Chain
946,HoodPass,"Season 01 HoodPass on Robinhood Chain. This pass is the door to HoodShares: claim your included pack, open cards, and play Daily Lineup. It is a digital collectible. It is not a security, not a derivative, and not a claim on any stock or company.",hoodpass.png,https://www.hoodshares.xyz,01,HoodPass,Robinhood Chain
947,HoodPass,"Season 01 HoodPass on Robinhood Chain. This pass is the door to HoodShares: claim your included pack, open cards, and play Daily Lineup. It is a digital collectible. It is not a security, not a derivative, and not a claim on any stock or company.",hoodpass.png,https://www.hoodshares.xyz,01,HoodPass,Robinhood Chain
948,HoodPass,"Season 01 HoodPass on Robinhood Chain. This pass is the door to HoodShares: claim your included pack, open cards, and play Daily Lineup. It is a digital collectible. It is not a security, not a derivative, and not a claim on any stock or company.",hoodpass.png,https://www.hoodshares.xyz,01,HoodPass,Robinhood Chain
949,HoodPass,"Season 01 HoodPass on Robinhood Chain. This pass is the door to HoodShares: claim your included pack, open cards, and play Daily Lineup. It is a digital collectible. It is not a security, not a derivative, and not a claim on any stock or company.",hoodpass.png,https://www.hoodshares.xyz,01,HoodPass,Robinhood Chain
950,HoodPass,"Season 01 HoodPass on Robinhood Chain. This pass is the door to HoodShares: claim your included pack, open cards, and play Daily Lineup. It is a digital collectible. It is not a security, not a derivative, and not a claim on any stock or company.",hoodpass.png,https://www.hoodshares.xyz,01,HoodPass,Robinhood Chain
951,HoodPass,"Season 01 HoodPass on Robinhood Chain. This pass is the door to HoodShares: claim your included pack, open cards, and play Daily Lineup. It is a digital collectible. It is not a security, not a derivative, and not a claim on any stock or company.",hoodpass.png,https://www.hoodshares.xyz,01,HoodPass,Robinhood Chain
952,HoodPass,"Season 01 HoodPass on Robinhood Chain. This pass is the door to HoodShares: claim your included pack, open cards, and play Daily Lineup. It is a digital collectible. It is not a security, not a derivative, and not a claim on any stock or company.",hoodpass.png,https://www.hoodshares.xyz,01,HoodPass,Robinhood Chain
953,HoodPass,"Season 01 HoodPass on Robinhood Chain. This pass is the door to HoodShares: claim your included pack, open cards, and play Daily Lineup. It is a digital collectible. It is not a security, not a derivative, and not a claim on any stock or company.",hoodpass.png,https://www.hoodshares.xyz,01,HoodPass,Robinhood Chain
954,HoodPass,"Season 01 HoodPass on Robinhood Chain. This pass is the door to HoodShares: claim your included pack, open cards, and play Daily Lineup. It is a digital collectible. It is not a security, not a derivative, and not a claim on any stock or company.",hoodpass.png,https://www.hoodshares.xyz,01,HoodPass,Robinhood Chain
955,HoodPass,"Season 01 HoodPass on Robinhood Chain. This pass is the door to HoodShares: claim your included pack, open cards, and play Daily Lineup. It is a digital collectible. It is not a security, not a derivative, and not a claim on any stock or company.",hoodpass.png,https://www.hoodshares.xyz,01,HoodPass,Robinhood Chain
956,HoodPass,"Season 01 HoodPass on Robinhood Chain. This pass is the door to HoodShares: claim your included pack, open cards, and play Daily Lineup. It is a digital collectible. It is not a security, not a derivative, and not a claim on any stock or company.",hoodpass.png,https://www.hoodshares.xyz,01,HoodPass,Robinhood Chain
957,HoodPass,"Season 01 HoodPass on Robinhood Chain. This pass is the door to HoodShares: claim your included pack, open cards, and play Daily Lineup. It is a digital collectible. It is not a security, not a derivative, and not a claim on any stock or company.",hoodpass.png,https://www.hoodshares.xyz,01,HoodPass,Robinhood Chain
958,HoodPass,"Season 01 HoodPass on Robinhood Chain. This pass is the door to HoodShares: claim your included pack, open cards, and play Daily Lineup. It is a digital collectible. It is not a security, not a derivative, and not a claim on any stock or company.",hoodpass.png,https://www.hoodshares.xyz,01,HoodPass,Robinhood Chain
959,HoodPass,"Season 01 HoodPass on Robinhood Chain. This pass is the door to HoodShares: claim your included pack, open cards, and play Daily Lineup. It is a digital collectible. It is not a security, not a derivative, and not a claim on any stock or company.",hoodpass.png,https://www.hoodshares.xyz,01,HoodPass,Robinhood Chain
960,HoodPass,"Season 01 HoodPass on Robinhood Chain. This pass is the door to HoodShares: claim your included pack, open cards, and play Daily Lineup. It is a digital collectible. It is not a security, not a derivative, and not a claim on any stock or company.",hoodpass.png,https://www.hoodshares.xyz,01,HoodPass,Robinhood Chain
961,HoodPass,"Season 01 HoodPass on Robinhood Chain. This pass is the door to HoodShares: claim your included pack, open cards, and play Daily Lineup. It is a digital collectible. It is not a security, not a derivative, and not a claim on any stock or company.",hoodpass.png,https://www.hoodshares.xyz,01,HoodPass,Robinhood Chain
962,HoodPass,"Season 01 HoodPass on Robinhood Chain. This pass is the door to HoodShares: claim your included pack, open cards, and play Daily Lineup. It is a digital collectible. It is not a security, not a derivative, and not a claim on any stock or company.",hoodpass.png,https://www.hoodshares.xyz,01,HoodPass,Robinhood Chain
963,HoodPass,"Season 01 HoodPass on Robinhood Chain. This pass is the door to HoodShares: claim your included pack, open cards, and play Daily Lineup. It is a digital collectible. It is not a security, not a derivative, and not a claim on any stock or company.",hoodpass.png,https://www.hoodshares.xyz,01,HoodPass,Robinhood Chain
964,HoodPass,"Season 01 HoodPass on Robinhood Chain. This pass is the door to HoodShares: claim your included pack, open cards, and play Daily Lineup. It is a digital collectible. It is not a security, not a derivative, and not a claim on any stock or company.",hoodpass.png,https://www.hoodshares.xyz,01,HoodPass,Robinhood Chain
965,HoodPass,"Season 01 HoodPass on Robinhood Chain. This pass is the door to HoodShares: claim your included pack, open cards, and play Daily Lineup. It is a digital collectible. It is not a security, not a derivative, and not a claim on any stock or company.",hoodpass.png,https://www.hoodshares.xyz,01,HoodPass,Robinhood Chain
966,HoodPass,"Season 01 HoodPass on Robinhood Chain. This pass is the door to HoodShares: claim your included pack, open cards, and play Daily Lineup. It is a digital collectible. It is not a security, not a derivative, and not a claim on any stock or company.",hoodpass.png,https://www.hoodshares.xyz,01,HoodPass,Robinhood Chain
967,HoodPass,"Season 01 HoodPass on Robinhood Chain. This pass is the door to HoodShares: claim your included pack, open cards, and play Daily Lineup. It is a digital collectible. It is not a security, not a derivative, and not a claim on any stock or company.",hoodpass.png,https://www.hoodshares.xyz,01,HoodPass,Robinhood Chain
968,HoodPass,"Season 01 HoodPass on Robinhood Chain. This pass is the door to HoodShares: claim your included pack, open cards, and play Daily Lineup. It is a digital collectible. It is not a security, not a derivative, and not a claim on any stock or company.",hoodpass.png,https://www.hoodshares.xyz,01,HoodPass,Robinhood Chain
969,HoodPass,"Season 01 HoodPass on Robinhood Chain. This pass is the door to HoodShares: claim your included pack, open cards, and play Daily Lineup. It is a digital collectible. It is not a security, not a derivative, and not a claim on any stock or company.",hoodpass.png,https://www.hoodshares.xyz,01,HoodPass,Robinhood Chain
970,HoodPass,"Season 01 HoodPass on Robinhood Chain. This pass is the door to HoodShares: claim your included pack, open cards, and play Daily Lineup. It is a digital collectible. It is not a security, not a derivative, and not a claim on any stock or company.",hoodpass.png,https://www.hoodshares.xyz,01,HoodPass,Robinhood Chain
971,HoodPass,"Season 01 HoodPass on Robinhood Chain. This pass is the door to HoodShares: claim your included pack, open cards, and play Daily Lineup. It is a digital collectible. It is not a security, not a derivative, and not a claim on any stock or company.",hoodpass.png,https://www.hoodshares.xyz,01,HoodPass,Robinhood Chain
972,HoodPass,"Season 01 HoodPass on Robinhood Chain. This pass is the door to HoodShares: claim your included pack, open cards, and play Daily Lineup. It is a digital collectible. It is not a security, not a derivative, and not a claim on any stock or company.",hoodpass.png,https://www.hoodshares.xyz,01,HoodPass,Robinhood Chain
973,HoodPass,"Season 01 HoodPass on Robinhood Chain. This pass is the door to HoodShares: claim your included pack, open cards, and play Daily Lineup. It is a digital collectible. It is not a security, not a derivative, and not a claim on any stock or company.",hoodpass.png,https://www.hoodshares.xyz,01,HoodPass,Robinhood Chain
974,HoodPass,"Season 01 HoodPass on Robinhood Chain. This pass is the door to HoodShares: claim your included pack, open cards, and play Daily Lineup. It is a digital collectible. It is not a security, not a derivative, and not a claim on any stock or company.",hoodpass.png,https://www.hoodshares.xyz,01,HoodPass,Robinhood Chain
975,HoodPass,"Season 01 HoodPass on Robinhood Chain. This pass is the door to HoodShares: claim your included pack, open cards, and play Daily Lineup. It is a digital collectible. It is not a security, not a derivative, and not a claim on any stock or company.",hoodpass.png,https://www.hoodshares.xyz,01,HoodPass,Robinhood Chain
976,HoodPass,"Season 01 HoodPass on Robinhood Chain. This pass is the door to HoodShares: claim your included pack, open cards, and play Daily Lineup. It is a digital collectible. It is not a security, not a derivative, and not a claim on any stock or company.",hoodpass.png,https://www.hoodshares.xyz,01,HoodPass,Robinhood Chain
977,HoodPass,"Season 01 HoodPass on Robinhood Chain. This pass is the door to HoodShares: claim your included pack, open cards, and play Daily Lineup. It is a digital collectible. It is not a security, not a derivative, and not a claim on any stock or company.",hoodpass.png,https://www.hoodshares.xyz,01,HoodPass,Robinhood Chain
978,HoodPass,"Season 01 HoodPass on Robinhood Chain. This pass is the door to HoodShares: claim your included pack, open cards, and play Daily Lineup. It is a digital collectible. It is not a security, not a derivative, and not a claim on any stock or company.",hoodpass.png,https://www.hoodshares.xyz,01,HoodPass,Robinhood Chain
979,HoodPass,"Season 01 HoodPass on Robinhood Chain. This pass is the door to HoodShares: claim your included pack, open cards, and play Daily Lineup. It is a digital collectible. It is not a security, not a derivative, and not a claim on any stock or company.",hoodpass.png,https://www.hoodshares.xyz,01,HoodPass,Robinhood Chain
980,HoodPass,"Season 01 HoodPass on Robinhood Chain. This pass is the door to HoodShares: claim your included pack, open cards, and play Daily Lineup. It is a digital collectible. It is not a security, not a derivative, and not a claim on any stock or company.",hoodpass.png,https://www.hoodshares.xyz,01,HoodPass,Robinhood Chain
981,HoodPass,"Season 01 HoodPass on Robinhood Chain. This pass is the door to HoodShares: claim your included pack, open cards, and play Daily Lineup. It is a digital collectible. It is not a security, not a derivative, and not a claim on any stock or company.",hoodpass.png,https://www.hoodshares.xyz,01,HoodPass,Robinhood Chain
982,HoodPass,"Season 01 HoodPass on Robinhood Chain. This pass is the door to HoodShares: claim your included pack, open cards, and play Daily Lineup. It is a digital collectible. It is not a security, not a derivative, and not a claim on any stock or company.",hoodpass.png,https://www.hoodshares.xyz,01,HoodPass,Robinhood Chain
983,HoodPass,"Season 01 HoodPass on Robinhood Chain. This pass is the door to HoodShares: claim your included pack, open cards, and play Daily Lineup. It is a digital collectible. It is not a security, not a derivative, and not a claim on any stock or company.",hoodpass.png,https://www.hoodshares.xyz,01,HoodPass,Robinhood Chain
984,HoodPass,"Season 01 HoodPass on Robinhood Chain. This pass is the door to HoodShares: claim your included pack, open cards, and play Daily Lineup. It is a digital collectible. It is not a security, not a derivative, and not a claim on any stock or company.",hoodpass.png,https://www.hoodshares.xyz,01,HoodPass,Robinhood Chain
985,HoodPass,"Season 01 HoodPass on Robinhood Chain. This pass is the door to HoodShares: claim your included pack, open cards, and play Daily Lineup. It is a digital collectible. It is not a security, not a derivative, and not a claim on any stock or company.",hoodpass.png,https://www.hoodshares.xyz,01,HoodPass,Robinhood Chain
986,HoodPass,"Season 01 HoodPass on Robinhood Chain. This pass is the door to HoodShares: claim your included pack, open cards, and play Daily Lineup. It is a digital collectible. It is not a security, not a derivative, and not a claim on any stock or company.",hoodpass.png,https://www.hoodshares.xyz,01,HoodPass,Robinhood Chain
987,HoodPass,"Season 01 HoodPass on Robinhood Chain. This pass is the door to HoodShares: claim your included pack, open cards, and play Daily Lineup. It is a digital collectible. It is not a security, not a derivative, and not a claim on any stock or company.",hoodpass.png,https://www.hoodshares.xyz,01,HoodPass,Robinhood Chain
988,HoodPass,"Season 01 HoodPass on Robinhood Chain. This pass is the door to HoodShares: claim your included pack, open cards, and play Daily Lineup. It is a digital collectible. It is not a security, not a derivative, and not a claim on any stock or company.",hoodpass.png,https://www.hoodshares.xyz,01,HoodPass,Robinhood Chain
989,HoodPass,"Season 01 HoodPass on Robinhood Chain. This pass is the door to HoodShares: claim your included pack, open cards, and play Daily Lineup. It is a digital collectible. It is not a security, not a derivative, and not a claim on any stock or company.",hoodpass.png,https://www.hoodshares.xyz,01,HoodPass,Robinhood Chain
990,HoodPass,"Season 01 HoodPass on Robinhood Chain. This pass is the door to HoodShares: claim your included pack, open cards, and play Daily Lineup. It is a digital collectible. It is not a security, not a derivative, and not a claim on any stock or company.",hoodpass.png,https://www.hoodshares.xyz,01,HoodPass,Robinhood Chain
991,HoodPass,"Season 01 HoodPass on Robinhood Chain. This pass is the door to HoodShares: claim your included pack, open cards, and play Daily Lineup. It is a digital collectible. It is not a security, not a derivative, and not a claim on any stock or company.",hoodpass.png,https://www.hoodshares.xyz,01,HoodPass,Robinhood Chain
992,HoodPass,"Season 01 HoodPass on Robinhood Chain. This pass is the door to HoodShares: claim your included pack, open cards, and play Daily Lineup. It is a digital collectible. It is not a security, not a derivative, and not a claim on any stock or company.",hoodpass.png,https://www.hoodshares.xyz,01,HoodPass,Robinhood Chain
993,HoodPass,"Season 01 HoodPass on Robinhood Chain. This pass is the door to HoodShares: claim your included pack, open cards, and play Daily Lineup. It is a digital collectible. It is not a security, not a derivative, and not a claim on any stock or company.",hoodpass.png,https://www.hoodshares.xyz,01,HoodPass,Robinhood Chain
994,HoodPass,"Season 01 HoodPass on Robinhood Chain. This pass is the door to HoodShares: claim your included pack, open cards, and play Daily Lineup. It is a digital collectible. It is not a security, not a derivative, and not a claim on any stock or company.",hoodpass.png,https://www.hoodshares.xyz,01,HoodPass,Robinhood Chain
995,HoodPass,"Season 01 HoodPass on Robinhood Chain. This pass is the door to HoodShares: claim your included pack, open cards, and play Daily Lineup. It is a digital collectible. It is not a security, not a derivative, and not a claim on any stock or company.",hoodpass.png,https://www.hoodshares.xyz,01,HoodPass,Robinhood Chain
996,HoodPass,"Season 01 HoodPass on Robinhood Chain. This pass is the door to HoodShares: claim your included pack, open cards, and play Daily Lineup. It is a digital collectible. It is not a security, not a derivative, and not a claim on any stock or company.",hoodpass.png,https://www.hoodshares.xyz,01,HoodPass,Robinhood Chain
997,HoodPass,"Season 01 HoodPass on Robinhood Chain. This pass is the door to HoodShares: claim your included pack, open cards, and play Daily Lineup. It is a digital collectible. It is not a security, not a derivative, and not a claim on any stock or company.",hoodpass.png,https://www.hoodshares.xyz,01,HoodPass,Robinhood Chain
998,HoodPass,"Season 01 HoodPass on Robinhood Chain. This pass is the door to HoodShares: claim your included pack, open cards, and play Daily Lineup. It is a digital collectible. It is not a security, not a derivative, and not a claim on any stock or company.",hoodpass.png,https://www.hoodshares.xyz,01,HoodPass,Robinhood Chain
999,HoodPass,"Season 01 HoodPass on Robinhood Chain. This pass is the door to HoodShares: claim your included pack, open cards, and play Daily Lineup. It is a digital collectible. It is not a security, not a derivative, and not a claim on any stock or company.",hoodpass.png,https://www.hoodshares.xyz,01,HoodPass,Robinhood Chain
1000,HoodPass,"Season 01 HoodPass on Robinhood Chain. This pass is the door to HoodShares: claim your included pack, open cards, and play Daily Lineup. It is a digital collectible. It is not a security, not a derivative, and not a claim on any stock or company.",hoodpass.png,https://www.hoodshares.xyz,01,HoodPass,Robinhood Chain
1001,HoodPass,"Season 01 HoodPass on Robinhood Chain. This pass is the door to HoodShares: claim your included pack, open cards, and play Daily Lineup. It is a digital collectible. It is not a security, not a derivative, and not a claim on any stock or company.",hoodpass.png,https://www.hoodshares.xyz,01,HoodPass,Robinhood Chain
1002,HoodPass,"Season 01 HoodPass on Robinhood Chain. This pass is the door to HoodShares: claim your included pack, open cards, and play Daily Lineup. It is a digital collectible. It is not a security, not a derivative, and not a claim on any stock or company.",hoodpass.png,https://www.hoodshares.xyz,01,HoodPass,Robinhood Chain
1003,HoodPass,"Season 01 HoodPass on Robinhood Chain. This pass is the door to HoodShares: claim your included pack, open cards, and play Daily Lineup. It is a digital collectible. It is not a security, not a derivative, and not a claim on any stock or company.",hoodpass.png,https://www.hoodshares.xyz,01,HoodPass,Robinhood Chain
1004,HoodPass,"Season 01 HoodPass on Robinhood Chain. This pass is the door to HoodShares: claim your included pack, open cards, and play Daily Lineup. It is a digital collectible. It is not a security, not a derivative, and not a claim on any stock or company.",hoodpass.png,https://www.hoodshares.xyz,01,HoodPass,Robinhood Chain
1005,HoodPass,"Season 01 HoodPass on Robinhood Chain. This pass is the door to HoodShares: claim your included pack, open cards, and play Daily Lineup. It is a digital collectible. It is not a security, not a derivative, and not a claim on any stock or company.",hoodpass.png,https://www.hoodshares.xyz,01,HoodPass,Robinhood Chain
1006,HoodPass,"Season 01 HoodPass on Robinhood Chain. This pass is the door to HoodShares: claim your included pack, open cards, and play Daily Lineup. It is a digital collectible. It is not a security, not a derivative, and not a claim on any stock or company.",hoodpass.png,https://www.hoodshares.xyz,01,HoodPass,Robinhood Chain
1007,HoodPass,"Season 01 HoodPass on Robinhood Chain. This pass is the door to HoodShares: claim your included pack, open cards, and play Daily Lineup. It is a digital collectible. It is not a security, not a derivative, and not a claim on any stock or company.",hoodpass.png,https://www.hoodshares.xyz,01,HoodPass,Robinhood Chain
1008,HoodPass,"Season 01 HoodPass on Robinhood Chain. This pass is the door to HoodShares: claim your included pack, open cards, and play Daily Lineup. It is a digital collectible. It is not a security, not a derivative, and not a claim on any stock or company.",hoodpass.png,https://www.hoodshares.xyz,01,HoodPass,Robinhood Chain
1009,HoodPass,"Season 01 HoodPass on Robinhood Chain. This pass is the door to HoodShares: claim your included pack, open cards, and play Daily Lineup. It is a digital collectible. It is not a security, not a derivative, and not a claim on any stock or company.",hoodpass.png,https://www.hoodshares.xyz,01,HoodPass,Robinhood Chain
1010,HoodPass,"Season 01 HoodPass on Robinhood Chain. This pass is the door to HoodShares: claim your included pack, open cards, and play Daily Lineup. It is a digital collectible. It is not a security, not a derivative, and not a claim on any stock or company.",hoodpass.png,https://www.hoodshares.xyz,01,HoodPass,Robinhood Chain
1011,HoodPass,"Season 01 HoodPass on Robinhood Chain. This pass is the door to HoodShares: claim your included pack, open cards, and play Daily Lineup. It is a digital collectible. It is not a security, not a derivative, and not a claim on any stock or company.",hoodpass.png,https://www.hoodshares.xyz,01,HoodPass,Robinhood Chain
1012,HoodPass,"Season 01 HoodPass on Robinhood Chain. This pass is the door to HoodShares: claim your included pack, open cards, and play Daily Lineup. It is a digital collectible. It is not a security, not a derivative, and not a claim on any stock or company.",hoodpass.png,https://www.hoodshares.xyz,01,HoodPass,Robinhood Chain
1013,HoodPass,"Season 01 HoodPass on Robinhood Chain. This pass is the door to HoodShares: claim your included pack, open cards, and play Daily Lineup. It is a digital collectible. It is not a security, not a derivative, and not a claim on any stock or company.",hoodpass.png,https://www.hoodshares.xyz,01,HoodPass,Robinhood Chain
1014,HoodPass,"Season 01 HoodPass on Robinhood Chain. This pass is the door to HoodShares: claim your included pack, open cards, and play Daily Lineup. It is a digital collectible. It is not a security, not a derivative, and not a claim on any stock or company.",hoodpass.png,https://www.hoodshares.xyz,01,HoodPass,Robinhood Chain
1015,HoodPass,"Season 01 HoodPass on Robinhood Chain. This pass is the door to HoodShares: claim your included pack, open cards, and play Daily Lineup. It is a digital collectible. It is not a security, not a derivative, and not a claim on any stock or company.",hoodpass.png,https://www.hoodshares.xyz,01,HoodPass,Robinhood Chain
1016,HoodPass,"Season 01 HoodPass on Robinhood Chain. This pass is the door to HoodShares: claim your included pack, open cards, and play Daily Lineup. It is a digital collectible. It is not a security, not a derivative, and not a claim on any stock or company.",hoodpass.png,https://www.hoodshares.xyz,01,HoodPass,Robinhood Chain
1017,HoodPass,"Season 01 HoodPass on Robinhood Chain. This pass is the door to HoodShares: claim your included pack, open cards, and play Daily Lineup. It is a digital collectible. It is not a security, not a derivative, and not a claim on any stock or company.",hoodpass.png,https://www.hoodshares.xyz,01,HoodPass,Robinhood Chain
1018,HoodPass,"Season 01 HoodPass on Robinhood Chain. This pass is the door to HoodShares: claim your included pack, open cards, and play Daily Lineup. It is a digital collectible. It is not a security, not a derivative, and not a claim on any stock or company.",hoodpass.png,https://www.hoodshares.xyz,01,HoodPass,Robinhood Chain
1019,HoodPass,"Season 01 HoodPass on Robinhood Chain. This pass is the door to HoodShares: claim your included pack, open cards, and play Daily Lineup. It is a digital collectible. It is not a security, not a derivative, and not a claim on any stock or company.",hoodpass.png,https://www.hoodshares.xyz,01,HoodPass,Robinhood Chain
1020,HoodPass,"Season 01 HoodPass on Robinhood Chain. This pass is the door to HoodShares: claim your included pack, open cards, and play Daily Lineup. It is a digital collectible. It is not a security, not a derivative, and not a claim on any stock or company.",hoodpass.png,https://www.hoodshares.xyz,01,HoodPass,Robinhood Chain
1021,HoodPass,"Season 01 HoodPass on Robinhood Chain. This pass is the door to HoodShares: claim your included pack, open cards, and play Daily Lineup. It is a digital collectible. It is not a security, not a derivative, and not a claim on any stock or company.",hoodpass.png,https://www.hoodshares.xyz,01,HoodPass,Robinhood Chain
1022,HoodPass,"Season 01 HoodPass on Robinhood Chain. This pass is the door to HoodShares: claim your included pack, open cards, and play Daily Lineup. It is a digital collectible. It is not a security, not a derivative, and not a claim on any stock or company.",hoodpass.png,https://www.hoodshares.xyz,01,HoodPass,Robinhood Chain
1023,HoodPass,"Season 01 HoodPass on Robinhood Chain. This pass is the door to HoodShares: claim your included pack, open cards, and play Daily Lineup. It is a digital collectible. It is not a security, not a derivative, and not a claim on any stock or company.",hoodpass.png,https://www.hoodshares.xyz,01,HoodPass,Robinhood Chain
1024,HoodPass,"Season 01 HoodPass on Robinhood Chain. This pass is the door to HoodShares: claim your included pack, open cards, and play Daily Lineup. It is a digital collectible. It is not a security, not a derivative, and not a claim on any stock or company.",hoodpass.png,https://www.hoodshares.xyz,01,HoodPass,Robinhood Chain
1025,HoodPass,"Season 01 HoodPass on Robinhood Chain. This pass is the door to HoodShares: claim your included pack, open cards, and play Daily Lineup. It is a digital collectible. It is not a security, not a derivative, and not a claim on any stock or company.",hoodpass.png,https://www.hoodshares.xyz,01,HoodPass,Robinhood Chain
1026,HoodPass,"Season 01 HoodPass on Robinhood Chain. This pass is the door to HoodShares: claim your included pack, open cards, and play Daily Lineup. It is a digital collectible. It is not a security, not a derivative, and not a claim on any stock or company.",hoodpass.png,https://www.hoodshares.xyz,01,HoodPass,Robinhood Chain
1027,HoodPass,"Season 01 HoodPass on Robinhood Chain. This pass is the door to HoodShares: claim your included pack, open cards, and play Daily Lineup. It is a digital collectible. It is not a security, not a derivative, and not a claim on any stock or company.",hoodpass.png,https://www.hoodshares.xyz,01,HoodPass,Robinhood Chain
1028,HoodPass,"Season 01 HoodPass on Robinhood Chain. This pass is the door to HoodShares: claim your included pack, open cards, and play Daily Lineup. It is a digital collectible. It is not a security, not a derivative, and not a claim on any stock or company.",hoodpass.png,https://www.hoodshares.xyz,01,HoodPass,Robinhood Chain
1029,HoodPass,"Season 01 HoodPass on Robinhood Chain. This pass is the door to HoodShares: claim your included pack, open cards, and play Daily Lineup. It is a digital collectible. It is not a security, not a derivative, and not a claim on any stock or company.",hoodpass.png,https://www.hoodshares.xyz,01,HoodPass,Robinhood Chain
1030,HoodPass,"Season 01 HoodPass on Robinhood Chain. This pass is the door to HoodShares: claim your included pack, open cards, and play Daily Lineup. It is a digital collectible. It is not a security, not a derivative, and not a claim on any stock or company.",hoodpass.png,https://www.hoodshares.xyz,01,HoodPass,Robinhood Chain
1031,HoodPass,"Season 01 HoodPass on Robinhood Chain. This pass is the door to HoodShares: claim your included pack, open cards, and play Daily Lineup. It is a digital collectible. It is not a security, not a derivative, and not a claim on any stock or company.",hoodpass.png,https://www.hoodshares.xyz,01,HoodPass,Robinhood Chain
1032,HoodPass,"Season 01 HoodPass on Robinhood Chain. This pass is the door to HoodShares: claim your included pack, open cards, and play Daily Lineup. It is a digital collectible. It is not a security, not a derivative, and not a claim on any stock or company.",hoodpass.png,https://www.hoodshares.xyz,01,HoodPass,Robinhood Chain
1033,HoodPass,"Season 01 HoodPass on Robinhood Chain. This pass is the door to HoodShares: claim your included pack, open cards, and play Daily Lineup. It is a digital collectible. It is not a security, not a derivative, and not a claim on any stock or company.",hoodpass.png,https://www.hoodshares.xyz,01,HoodPass,Robinhood Chain
1034,HoodPass,"Season 01 HoodPass on Robinhood Chain. This pass is the door to HoodShares: claim your included pack, open cards, and play Daily Lineup. It is a digital collectible. It is not a security, not a derivative, and not a claim on any stock or company.",hoodpass.png,https://www.hoodshares.xyz,01,HoodPass,Robinhood Chain
1035,HoodPass,"Season 01 HoodPass on Robinhood Chain. This pass is the door to HoodShares: claim your included pack, open cards, and play Daily Lineup. It is a digital collectible. It is not a security, not a derivative, and not a claim on any stock or company.",hoodpass.png,https://www.hoodshares.xyz,01,HoodPass,Robinhood Chain
1036,HoodPass,"Season 01 HoodPass on Robinhood Chain. This pass is the door to HoodShares: claim your included pack, open cards, and play Daily Lineup. It is a digital collectible. It is not a security, not a derivative, and not a claim on any stock or company.",hoodpass.png,https://www.hoodshares.xyz,01,HoodPass,Robinhood Chain
1037,HoodPass,"Season 01 HoodPass on Robinhood Chain. This pass is the door to HoodShares: claim your included pack, open cards, and play Daily Lineup. It is a digital collectible. It is not a security, not a derivative, and not a claim on any stock or company.",hoodpass.png,https://www.hoodshares.xyz,01,HoodPass,Robinhood Chain
1038,HoodPass,"Season 01 HoodPass on Robinhood Chain. This pass is the door to HoodShares: claim your included pack, open cards, and play Daily Lineup. It is a digital collectible. It is not a security, not a derivative, and not a claim on any stock or company.",hoodpass.png,https://www.hoodshares.xyz,01,HoodPass,Robinhood Chain
1039,HoodPass,"Season 01 HoodPass on Robinhood Chain. This pass is the door to HoodShares: claim your included pack, open cards, and play Daily Lineup. It is a digital collectible. It is not a security, not a derivative, and not a claim on any stock or company.",hoodpass.png,https://www.hoodshares.xyz,01,HoodPass,Robinhood Chain
1040,HoodPass,"Season 01 HoodPass on Robinhood Chain. This pass is the door to HoodShares: claim your included pack, open cards, and play Daily Lineup. It is a digital collectible. It is not a security, not a derivative, and not a claim on any stock or company.",hoodpass.png,https://www.hoodshares.xyz,01,HoodPass,Robinhood Chain
1041,HoodPass,"Season 01 HoodPass on Robinhood Chain. This pass is the door to HoodShares: claim your included pack, open cards, and play Daily Lineup. It is a digital collectible. It is not a security, not a derivative, and not a claim on any stock or company.",hoodpass.png,https://www.hoodshares.xyz,01,HoodPass,Robinhood Chain
1042,HoodPass,"Season 01 HoodPass on Robinhood Chain. This pass is the door to HoodShares: claim your included pack, open cards, and play Daily Lineup. It is a digital collectible. It is not a security, not a derivative, and not a claim on any stock or company.",hoodpass.png,https://www.hoodshares.xyz,01,HoodPass,Robinhood Chain
1043,HoodPass,"Season 01 HoodPass on Robinhood Chain. This pass is the door to HoodShares: claim your included pack, open cards, and play Daily Lineup. It is a digital collectible. It is not a security, not a derivative, and not a claim on any stock or company.",hoodpass.png,https://www.hoodshares.xyz,01,HoodPass,Robinhood Chain
1044,HoodPass,"Season 01 HoodPass on Robinhood Chain. This pass is the door to HoodShares: claim your included pack, open cards, and play Daily Lineup. It is a digital collectible. It is not a security, not a derivative, and not a claim on any stock or company.",hoodpass.png,https://www.hoodshares.xyz,01,HoodPass,Robinhood Chain
1045,HoodPass,"Season 01 HoodPass on Robinhood Chain. This pass is the door to HoodShares: claim your included pack, open cards, and play Daily Lineup. It is a digital collectible. It is not a security, not a derivative, and not a claim on any stock or company.",hoodpass.png,https://www.hoodshares.xyz,01,HoodPass,Robinhood Chain
1046,HoodPass,"Season 01 HoodPass on Robinhood Chain. This pass is the door to HoodShares: claim your included pack, open cards, and play Daily Lineup. It is a digital collectible. It is not a security, not a derivative, and not a claim on any stock or company.",hoodpass.png,https://www.hoodshares.xyz,01,HoodPass,Robinhood Chain
1047,HoodPass,"Season 01 HoodPass on Robinhood Chain. This pass is the door to HoodShares: claim your included pack, open cards, and play Daily Lineup. It is a digital collectible. It is not a security, not a derivative, and not a claim on any stock or company.",hoodpass.png,https://www.hoodshares.xyz,01,HoodPass,Robinhood Chain
1048,HoodPass,"Season 01 HoodPass on Robinhood Chain. This pass is the door to HoodShares: claim your included pack, open cards, and play Daily Lineup. It is a digital collectible. It is not a security, not a derivative, and not a claim on any stock or company.",hoodpass.png,https://www.hoodshares.xyz,01,HoodPass,Robinhood Chain
1049,HoodPass,"Season 01 HoodPass on Robinhood Chain. This pass is the door to HoodShares: claim your included pack, open cards, and play Daily Lineup. It is a digital collectible. It is not a security, not a derivative, and not a claim on any stock or company.",hoodpass.png,https://www.hoodshares.xyz,01,HoodPass,Robinhood Chain
1050,HoodPass,"Season 01 HoodPass on Robinhood Chain. This pass is the door to HoodShares: claim your included pack, open cards, and play Daily Lineup. It is a digital collectible. It is not a security, not a derivative, and not a claim on any stock or company.",hoodpass.png,https://www.hoodshares.xyz,01,HoodPass,Robinhood Chain
1051,HoodPass,"Season 01 HoodPass on Robinhood Chain. This pass is the door to HoodShares: claim your included pack, open cards, and play Daily Lineup. It is a digital collectible. It is not a security, not a derivative, and not a claim on any stock or company.",hoodpass.png,https://www.hoodshares.xyz,01,HoodPass,Robinhood Chain
1052,HoodPass,"Season 01 HoodPass on Robinhood Chain. This pass is the door to HoodShares: claim your included pack, open cards, and play Daily Lineup. It is a digital collectible. It is not a security, not a derivative, and not a claim on any stock or company.",hoodpass.png,https://www.hoodshares.xyz,01,HoodPass,Robinhood Chain
1053,HoodPass,"Season 01 HoodPass on Robinhood Chain. This pass is the door to HoodShares: claim your included pack, open cards, and play Daily Lineup. It is a digital collectible. It is not a security, not a derivative, and not a claim on any stock or company.",hoodpass.png,https://www.hoodshares.xyz,01,HoodPass,Robinhood Chain
1054,HoodPass,"Season 01 HoodPass on Robinhood Chain. This pass is the door to HoodShares: claim your included pack, open cards, and play Daily Lineup. It is a digital collectible. It is not a security, not a derivative, and not a claim on any stock or company.",hoodpass.png,https://www.hoodshares.xyz,01,HoodPass,Robinhood Chain
1055,HoodPass,"Season 01 HoodPass on Robinhood Chain. This pass is the door to HoodShares: claim your included pack, open cards, and play Daily Lineup. It is a digital collectible. It is not a security, not a derivative, and not a claim on any stock or company.",hoodpass.png,https://www.hoodshares.xyz,01,HoodPass,Robinhood Chain
1056,HoodPass,"Season 01 HoodPass on Robinhood Chain. This pass is the door to HoodShares: claim your included pack, open cards, and play Daily Lineup. It is a digital collectible. It is not a security, not a derivative, and not a claim on any stock or company.",hoodpass.png,https://www.hoodshares.xyz,01,HoodPass,Robinhood Chain
1057,HoodPass,"Season 01 HoodPass on Robinhood Chain. This pass is the door to HoodShares: claim your included pack, open cards, and play Daily Lineup. It is a digital collectible. It is not a security, not a derivative, and not a claim on any stock or company.",hoodpass.png,https://www.hoodshares.xyz,01,HoodPass,Robinhood Chain
1058,HoodPass,"Season 01 HoodPass on Robinhood Chain. This pass is the door to HoodShares: claim your included pack, open cards, and play Daily Lineup. It is a digital collectible. It is not a security, not a derivative, and not a claim on any stock or company.",hoodpass.png,https://www.hoodshares.xyz,01,HoodPass,Robinhood Chain
1059,HoodPass,"Season 01 HoodPass on Robinhood Chain. This pass is the door to HoodShares: claim your included pack, open cards, and play Daily Lineup. It is a digital collectible. It is not a security, not a derivative, and not a claim on any stock or company.",hoodpass.png,https://www.hoodshares.xyz,01,HoodPass,Robinhood Chain
1060,HoodPass,"Season 01 HoodPass on Robinhood Chain. This pass is the door to HoodShares: claim your included pack, open cards, and play Daily Lineup. It is a digital collectible. It is not a security, not a derivative, and not a claim on any stock or company.",hoodpass.png,https://www.hoodshares.xyz,01,HoodPass,Robinhood Chain
1061,HoodPass,"Season 01 HoodPass on Robinhood Chain. This pass is the door to HoodShares: claim your included pack, open cards, and play Daily Lineup. It is a digital collectible. It is not a security, not a derivative, and not a claim on any stock or company.",hoodpass.png,https://www.hoodshares.xyz,01,HoodPass,Robinhood Chain
1062,HoodPass,"Season 01 HoodPass on Robinhood Chain. This pass is the door to HoodShares: claim your included pack, open cards, and play Daily Lineup. It is a digital collectible. It is not a security, not a derivative, and not a claim on any stock or company.",hoodpass.png,https://www.hoodshares.xyz,01,HoodPass,Robinhood Chain
1063,HoodPass,"Season 01 HoodPass on Robinhood Chain. This pass is the door to HoodShares: claim your included pack, open cards, and play Daily Lineup. It is a digital collectible. It is not a security, not a derivative, and not a claim on any stock or company.",hoodpass.png,https://www.hoodshares.xyz,01,HoodPass,Robinhood Chain
1064,HoodPass,"Season 01 HoodPass on Robinhood Chain. This pass is the door to HoodShares: claim your included pack, open cards, and play Daily Lineup. It is a digital collectible. It is not a security, not a derivative, and not a claim on any stock or company.",hoodpass.png,https://www.hoodshares.xyz,01,HoodPass,Robinhood Chain
1065,HoodPass,"Season 01 HoodPass on Robinhood Chain. This pass is the door to HoodShares: claim your included pack, open cards, and play Daily Lineup. It is a digital collectible. It is not a security, not a derivative, and not a claim on any stock or company.",hoodpass.png,https://www.hoodshares.xyz,01,HoodPass,Robinhood Chain
1066,HoodPass,"Season 01 HoodPass on Robinhood Chain. This pass is the door to HoodShares: claim your included pack, open cards, and play Daily Lineup. It is a digital collectible. It is not a security, not a derivative, and not a claim on any stock or company.",hoodpass.png,https://www.hoodshares.xyz,01,HoodPass,Robinhood Chain
1067,HoodPass,"Season 01 HoodPass on Robinhood Chain. This pass is the door to HoodShares: claim your included pack, open cards, and play Daily Lineup. It is a digital collectible. It is not a security, not a derivative, and not a claim on any stock or company.",hoodpass.png,https://www.hoodshares.xyz,01,HoodPass,Robinhood Chain
1068,HoodPass,"Season 01 HoodPass on Robinhood Chain. This pass is the door to HoodShares: claim your included pack, open cards, and play Daily Lineup. It is a digital collectible. It is not a security, not a derivative, and not a claim on any stock or company.",hoodpass.png,https://www.hoodshares.xyz,01,HoodPass,Robinhood Chain
1069,HoodPass,"Season 01 HoodPass on Robinhood Chain. This pass is the door to HoodShares: claim your included pack, open cards, and play Daily Lineup. It is a digital collectible. It is not a security, not a derivative, and not a claim on any stock or company.",hoodpass.png,https://www.hoodshares.xyz,01,HoodPass,Robinhood Chain
1070,HoodPass,"Season 01 HoodPass on Robinhood Chain. This pass is the door to HoodShares: claim your included pack, open cards, and play Daily Lineup. It is a digital collectible. It is not a security, not a derivative, and not a claim on any stock or company.",hoodpass.png,https://www.hoodshares.xyz,01,HoodPass,Robinhood Chain
1071,HoodPass,"Season 01 HoodPass on Robinhood Chain. This pass is the door to HoodShares: claim your included pack, open cards, and play Daily Lineup. It is a digital collectible. It is not a security, not a derivative, and not a claim on any stock or company.",hoodpass.png,https://www.hoodshares.xyz,01,HoodPass,Robinhood Chain
1072,HoodPass,"Season 01 HoodPass on Robinhood Chain. This pass is the door to HoodShares: claim your included pack, open cards, and play Daily Lineup. It is a digital collectible. It is not a security, not a derivative, and not a claim on any stock or company.",hoodpass.png,https://www.hoodshares.xyz,01,HoodPass,Robinhood Chain
1073,HoodPass,"Season 01 HoodPass on Robinhood Chain. This pass is the door to HoodShares: claim your included pack, open cards, and play Daily Lineup. It is a digital collectible. It is not a security, not a derivative, and not a claim on any stock or company.",hoodpass.png,https://www.hoodshares.xyz,01,HoodPass,Robinhood Chain
1074,HoodPass,"Season 01 HoodPass on Robinhood Chain. This pass is the door to HoodShares: claim your included pack, open cards, and play Daily Lineup. It is a digital collectible. It is not a security, not a derivative, and not a claim on any stock or company.",hoodpass.png,https://www.hoodshares.xyz,01,HoodPass,Robinhood Chain
1075,HoodPass,"Season 01 HoodPass on Robinhood Chain. This pass is the door to HoodShares: claim your included pack, open cards, and play Daily Lineup. It is a digital collectible. It is not a security, not a derivative, and not a claim on any stock or company.",hoodpass.png,https://www.hoodshares.xyz,01,HoodPass,Robinhood Chain
1076,HoodPass,"Season 01 HoodPass on Robinhood Chain. This pass is the door to HoodShares: claim your included pack, open cards, and play Daily Lineup. It is a digital collectible. It is not a security, not a derivative, and not a claim on any stock or company.",hoodpass.png,https://www.hoodshares.xyz,01,HoodPass,Robinhood Chain
1077,HoodPass,"Season 01 HoodPass on Robinhood Chain. This pass is the door to HoodShares: claim your included pack, open cards, and play Daily Lineup. It is a digital collectible. It is not a security, not a derivative, and not a claim on any stock or company.",hoodpass.png,https://www.hoodshares.xyz,01,HoodPass,Robinhood Chain
1078,HoodPass,"Season 01 HoodPass on Robinhood Chain. This pass is the door to HoodShares: claim your included pack, open cards, and play Daily Lineup. It is a digital collectible. It is not a security, not a derivative, and not a claim on any stock or company.",hoodpass.png,https://www.hoodshares.xyz,01,HoodPass,Robinhood Chain
1079,HoodPass,"Season 01 HoodPass on Robinhood Chain. This pass is the door to HoodShares: claim your included pack, open cards, and play Daily Lineup. It is a digital collectible. It is not a security, not a derivative, and not a claim on any stock or company.",hoodpass.png,https://www.hoodshares.xyz,01,HoodPass,Robinhood Chain
1080,HoodPass,"Season 01 HoodPass on Robinhood Chain. This pass is the door to HoodShares: claim your included pack, open cards, and play Daily Lineup. It is a digital collectible. It is not a security, not a derivative, and not a claim on any stock or company.",hoodpass.png,https://www.hoodshares.xyz,01,HoodPass,Robinhood Chain
1081,HoodPass,"Season 01 HoodPass on Robinhood Chain. This pass is the door to HoodShares: claim your included pack, open cards, and play Daily Lineup. It is a digital collectible. It is not a security, not a derivative, and not a claim on any stock or company.",hoodpass.png,https://www.hoodshares.xyz,01,HoodPass,Robinhood Chain
1082,HoodPass,"Season 01 HoodPass on Robinhood Chain. This pass is the door to HoodShares: claim your included pack, open cards, and play Daily Lineup. It is a digital collectible. It is not a security, not a derivative, and not a claim on any stock or company.",hoodpass.png,https://www.hoodshares.xyz,01,HoodPass,Robinhood Chain
1083,HoodPass,"Season 01 HoodPass on Robinhood Chain. This pass is the door to HoodShares: claim your included pack, open cards, and play Daily Lineup. It is a digital collectible. It is not a security, not a derivative, and not a claim on any stock or company.",hoodpass.png,https://www.hoodshares.xyz,01,HoodPass,Robinhood Chain
1084,HoodPass,"Season 01 HoodPass on Robinhood Chain. This pass is the door to HoodShares: claim your included pack, open cards, and play Daily Lineup. It is a digital collectible. It is not a security, not a derivative, and not a claim on any stock or company.",hoodpass.png,https://www.hoodshares.xyz,01,HoodPass,Robinhood Chain
1085,HoodPass,"Season 01 HoodPass on Robinhood Chain. This pass is the door to HoodShares: claim your included pack, open cards, and play Daily Lineup. It is a digital collectible. It is not a security, not a derivative, and not a claim on any stock or company.",hoodpass.png,https://www.hoodshares.xyz,01,HoodPass,Robinhood Chain
1086,HoodPass,"Season 01 HoodPass on Robinhood Chain. This pass is the door to HoodShares: claim your included pack, open cards, and play Daily Lineup. It is a digital collectible. It is not a security, not a derivative, and not a claim on any stock or company.",hoodpass.png,https://www.hoodshares.xyz,01,HoodPass,Robinhood Chain
1087,HoodPass,"Season 01 HoodPass on Robinhood Chain. This pass is the door to HoodShares: claim your included pack, open cards, and play Daily Lineup. It is a digital collectible. It is not a security, not a derivative, and not a claim on any stock or company.",hoodpass.png,https://www.hoodshares.xyz,01,HoodPass,Robinhood Chain
1088,HoodPass,"Season 01 HoodPass on Robinhood Chain. This pass is the door to HoodShares: claim your included pack, open cards, and play Daily Lineup. It is a digital collectible. It is not a security, not a derivative, and not a claim on any stock or company.",hoodpass.png,https://www.hoodshares.xyz,01,HoodPass,Robinhood Chain
1089,HoodPass,"Season 01 HoodPass on Robinhood Chain. This pass is the door to HoodShares: claim your included pack, open cards, and play Daily Lineup. It is a digital collectible. It is not a security, not a derivative, and not a claim on any stock or company.",hoodpass.png,https://www.hoodshares.xyz,01,HoodPass,Robinhood Chain
1090,HoodPass,"Season 01 HoodPass on Robinhood Chain. This pass is the door to HoodShares: claim your included pack, open cards, and play Daily Lineup. It is a digital collectible. It is not a security, not a derivative, and not a claim on any stock or company.",hoodpass.png,https://www.hoodshares.xyz,01,HoodPass,Robinhood Chain
1091,HoodPass,"Season 01 HoodPass on Robinhood Chain. This pass is the door to HoodShares: claim your included pack, open cards, and play Daily Lineup. It is a digital collectible. It is not a security, not a derivative, and not a claim on any stock or company.",hoodpass.png,https://www.hoodshares.xyz,01,HoodPass,Robinhood Chain
1092,HoodPass,"Season 01 HoodPass on Robinhood Chain. This pass is the door to HoodShares: claim your included pack, open cards, and play Daily Lineup. It is a digital collectible. It is not a security, not a derivative, and not a claim on any stock or company.",hoodpass.png,https://www.hoodshares.xyz,01,HoodPass,Robinhood Chain
1093,HoodPass,"Season 01 HoodPass on Robinhood Chain. This pass is the door to HoodShares: claim your included pack, open cards, and play Daily Lineup. It is a digital collectible. It is not a security, not a derivative, and not a claim on any stock or company.",hoodpass.png,https://www.hoodshares.xyz,01,HoodPass,Robinhood Chain
1094,HoodPass,"Season 01 HoodPass on Robinhood Chain. This pass is the door to HoodShares: claim your included pack, open cards, and play Daily Lineup. It is a digital collectible. It is not a security, not a derivative, and not a claim on any stock or company.",hoodpass.png,https://www.hoodshares.xyz,01,HoodPass,Robinhood Chain
1095,HoodPass,"Season 01 HoodPass on Robinhood Chain. This pass is the door to HoodShares: claim your included pack, open cards, and play Daily Lineup. It is a digital collectible. It is not a security, not a derivative, and not a claim on any stock or company.",hoodpass.png,https://www.hoodshares.xyz,01,HoodPass,Robinhood Chain
1096,HoodPass,"Season 01 HoodPass on Robinhood Chain. This pass is the door to HoodShares: claim your included pack, open cards, and play Daily Lineup. It is a digital collectible. It is not a security, not a derivative, and not a claim on any stock or company.",hoodpass.png,https://www.hoodshares.xyz,01,HoodPass,Robinhood Chain
1097,HoodPass,"Season 01 HoodPass on Robinhood Chain. This pass is the door to HoodShares: claim your included pack, open cards, and play Daily Lineup. It is a digital collectible. It is not a security, not a derivative, and not a claim on any stock or company.",hoodpass.png,https://www.hoodshares.xyz,01,HoodPass,Robinhood Chain
1098,HoodPass,"Season 01 HoodPass on Robinhood Chain. This pass is the door to HoodShares: claim your included pack, open cards, and play Daily Lineup. It is a digital collectible. It is not a security, not a derivative, and not a claim on any stock or company.",hoodpass.png,https://www.hoodshares.xyz,01,HoodPass,Robinhood Chain
1099,HoodPass,"Season 01 HoodPass on Robinhood Chain. This pass is the door to HoodShares: claim your included pack, open cards, and play Daily Lineup. It is a digital collectible. It is not a security, not a derivative, and not a claim on any stock or company.",hoodpass.png,https://www.hoodshares.xyz,01,HoodPass,Robinhood Chain
1100,HoodPass,"Season 01 HoodPass on Robinhood Chain. This pass is the door to HoodShares: claim your included pack, open cards, and play Daily Lineup. It is a digital collectible. It is not a security, not a derivative, and not a claim on any stock or company.",hoodpass.png,https://www.hoodshares.xyz,01,HoodPass,Robinhood Chain
1101,HoodPass,"Season 01 HoodPass on Robinhood Chain. This pass is the door to HoodShares: claim your included pack, open cards, and play Daily Lineup. It is a digital collectible. It is not a security, not a derivative, and not a claim on any stock or company.",hoodpass.png,https://www.hoodshares.xyz,01,HoodPass,Robinhood Chain
1102,HoodPass,"Season 01 HoodPass on Robinhood Chain. This pass is the door to HoodShares: claim your included pack, open cards, and play Daily Lineup. It is a digital collectible. It is not a security, not a derivative, and not a claim on any stock or company.",hoodpass.png,https://www.hoodshares.xyz,01,HoodPass,Robinhood Chain
1103,HoodPass,"Season 01 HoodPass on Robinhood Chain. This pass is the door to HoodShares: claim your included pack, open cards, and play Daily Lineup. It is a digital collectible. It is not a security, not a derivative, and not a claim on any stock or company.",hoodpass.png,https://www.hoodshares.xyz,01,HoodPass,Robinhood Chain
1104,HoodPass,"Season 01 HoodPass on Robinhood Chain. This pass is the door to HoodShares: claim your included pack, open cards, and play Daily Lineup. It is a digital collectible. It is not a security, not a derivative, and not a claim on any stock or company.",hoodpass.png,https://www.hoodshares.xyz,01,HoodPass,Robinhood Chain
1105,HoodPass,"Season 01 HoodPass on Robinhood Chain. This pass is the door to HoodShares: claim your included pack, open cards, and play Daily Lineup. It is a digital collectible. It is not a security, not a derivative, and not a claim on any stock or company.",hoodpass.png,https://www.hoodshares.xyz,01,HoodPass,Robinhood Chain
1106,HoodPass,"Season 01 HoodPass on Robinhood Chain. This pass is the door to HoodShares: claim your included pack, open cards, and play Daily Lineup. It is a digital collectible. It is not a security, not a derivative, and not a claim on any stock or company.",hoodpass.png,https://www.hoodshares.xyz,01,HoodPass,Robinhood Chain
1107,HoodPass,"Season 01 HoodPass on Robinhood Chain. This pass is the door to HoodShares: claim your included pack, open cards, and play Daily Lineup. It is a digital collectible. It is not a security, not a derivative, and not a claim on any stock or company.",hoodpass.png,https://www.hoodshares.xyz,01,HoodPass,Robinhood Chain
1108,HoodPass,"Season 01 HoodPass on Robinhood Chain. This pass is the door to HoodShares: claim your included pack, open cards, and play Daily Lineup. It is a digital collectible. It is not a security, not a derivative, and not a claim on any stock or company.",hoodpass.png,https://www.hoodshares.xyz,01,HoodPass,Robinhood Chain
1109,HoodPass,"Season 01 HoodPass on Robinhood Chain. This pass is the door to HoodShares: claim your included pack, open cards, and play Daily Lineup. It is a digital collectible. It is not a security, not a derivative, and not a claim on any stock or company.",hoodpass.png,https://www.hoodshares.xyz,01,HoodPass,Robinhood Chain
1110,HoodPass,"Season 01 HoodPass on Robinhood Chain. This pass is the door to HoodShares: claim your included pack, open cards, and play Daily Lineup. It is a digital collectible. It is not a security, not a derivative, and not a claim on any stock or company.",hoodpass.png,https://www.hoodshares.xyz,01,HoodPass,Robinhood Chain
1111,HoodPass,"Season 01 HoodPass on Robinhood Chain. This pass is the door to HoodShares: claim your included pack, open cards, and play Daily Lineup. It is a digital collectible. It is not a security, not a derivative, and not a claim on any stock or company.",hoodpass.png,https://www.hoodshares.xyz,01,HoodPass,Robinhood Chain
1112,HoodPass,"Season 01 HoodPass on Robinhood Chain. This pass is the door to HoodShares: claim your included pack, open cards, and play Daily Lineup. It is a digital collectible. It is not a security, not a derivative, and not a claim on any stock or company.",hoodpass.png,https://www.hoodshares.xyz,01,HoodPass,Robinhood Chain
1113,HoodPass,"Season 01 HoodPass on Robinhood Chain. This pass is the door to HoodShares: claim your included pack, open cards, and play Daily Lineup. It is a digital collectible. It is not a security, not a derivative, and not a claim on any stock or company.",hoodpass.png,https://www.hoodshares.xyz,01,HoodPass,Robinhood Chain
1114,HoodPass,"Season 01 HoodPass on Robinhood Chain. This pass is the door to HoodShares: claim your included pack, open cards, and play Daily Lineup. It is a digital collectible. It is not a security, not a derivative, and not a claim on any stock or company.",hoodpass.png,https://www.hoodshares.xyz,01,HoodPass,Robinhood Chain
1115,HoodPass,"Season 01 HoodPass on Robinhood Chain. This pass is the door to HoodShares: claim your included pack, open cards, and play Daily Lineup. It is a digital collectible. It is not a security, not a derivative, and not a claim on any stock or company.",hoodpass.png,https://www.hoodshares.xyz,01,HoodPass,Robinhood Chain
1116,HoodPass,"Season 01 HoodPass on Robinhood Chain. This pass is the door to HoodShares: claim your included pack, open cards, and play Daily Lineup. It is a digital collectible. It is not a security, not a derivative, and not a claim on any stock or company.",hoodpass.png,https://www.hoodshares.xyz,01,HoodPass,Robinhood Chain
1117,HoodPass,"Season 01 HoodPass on Robinhood Chain. This pass is the door to HoodShares: claim your included pack, open cards, and play Daily Lineup. It is a digital collectible. It is not a security, not a derivative, and not a claim on any stock or company.",hoodpass.png,https://www.hoodshares.xyz,01,HoodPass,Robinhood Chain
1118,HoodPass,"Season 01 HoodPass on Robinhood Chain. This pass is the door to HoodShares: claim your included pack, open cards, and play Daily Lineup. It is a digital collectible. It is not a security, not a derivative, and not a claim on any stock or company.",hoodpass.png,https://www.hoodshares.xyz,01,HoodPass,Robinhood Chain
1119,HoodPass,"Season 01 HoodPass on Robinhood Chain. This pass is the door to HoodShares: claim your included pack, open cards, and play Daily Lineup. It is a digital collectible. It is not a security, not a derivative, and not a claim on any stock or company.",hoodpass.png,https://www.hoodshares.xyz,01,HoodPass,Robinhood Chain
1120,HoodPass,"Season 01 HoodPass on Robinhood Chain. This pass is the door to HoodShares: claim your included pack, open cards, and play Daily Lineup. It is a digital collectible. It is not a security, not a derivative, and not a claim on any stock or company.",hoodpass.png,https://www.hoodshares.xyz,01,HoodPass,Robinhood Chain
1121,HoodPass,"Season 01 HoodPass on Robinhood Chain. This pass is the door to HoodShares: claim your included pack, open cards, and play Daily Lineup. It is a digital collectible. It is not a security, not a derivative, and not a claim on any stock or company.",hoodpass.png,https://www.hoodshares.xyz,01,HoodPass,Robinhood Chain
1122,HoodPass,"Season 01 HoodPass on Robinhood Chain. This pass is the door to HoodShares: claim your included pack, open cards, and play Daily Lineup. It is a digital collectible. It is not a security, not a derivative, and not a claim on any stock or company.",hoodpass.png,https://www.hoodshares.xyz,01,HoodPass,Robinhood Chain
1123,HoodPass,"Season 01 HoodPass on Robinhood Chain. This pass is the door to HoodShares: claim your included pack, open cards, and play Daily Lineup. It is a digital collectible. It is not a security, not a derivative, and not a claim on any stock or company.",hoodpass.png,https://www.hoodshares.xyz,01,HoodPass,Robinhood Chain
1124,HoodPass,"Season 01 HoodPass on Robinhood Chain. This pass is the door to HoodShares: claim your included pack, open cards, and play Daily Lineup. It is a digital collectible. It is not a security, not a derivative, and not a claim on any stock or company.",hoodpass.png,https://www.hoodshares.xyz,01,HoodPass,Robinhood Chain
1125,HoodPass,"Season 01 HoodPass on Robinhood Chain. This pass is the door to HoodShares: claim your included pack, open cards, and play Daily Lineup. It is a digital collectible. It is not a security, not a derivative, and not a claim on any stock or company.",hoodpass.png,https://www.hoodshares.xyz,01,HoodPass,Robinhood Chain
1126,HoodPass,"Season 01 HoodPass on Robinhood Chain. This pass is the door to HoodShares: claim your included pack, open cards, and play Daily Lineup. It is a digital collectible. It is not a security, not a derivative, and not a claim on any stock or company.",hoodpass.png,https://www.hoodshares.xyz,01,HoodPass,Robinhood Chain
1127,HoodPass,"Season 01 HoodPass on Robinhood Chain. This pass is the door to HoodShares: claim your included pack, open cards, and play Daily Lineup. It is a digital collectible. It is not a security, not a derivative, and not a claim on any stock or company.",hoodpass.png,https://www.hoodshares.xyz,01,HoodPass,Robinhood Chain
1128,HoodPass,"Season 01 HoodPass on Robinhood Chain. This pass is the door to HoodShares: claim your included pack, open cards, and play Daily Lineup. It is a digital collectible. It is not a security, not a derivative, and not a claim on any stock or company.",hoodpass.png,https://www.hoodshares.xyz,01,HoodPass,Robinhood Chain
1129,HoodPass,"Season 01 HoodPass on Robinhood Chain. This pass is the door to HoodShares: claim your included pack, open cards, and play Daily Lineup. It is a digital collectible. It is not a security, not a derivative, and not a claim on any stock or company.",hoodpass.png,https://www.hoodshares.xyz,01,HoodPass,Robinhood Chain
1130,HoodPass,"Season 01 HoodPass on Robinhood Chain. This pass is the door to HoodShares: claim your included pack, open cards, and play Daily Lineup. It is a digital collectible. It is not a security, not a derivative, and not a claim on any stock or company.",hoodpass.png,https://www.hoodshares.xyz,01,HoodPass,Robinhood Chain
1131,HoodPass,"Season 01 HoodPass on Robinhood Chain. This pass is the door to HoodShares: claim your included pack, open cards, and play Daily Lineup. It is a digital collectible. It is not a security, not a derivative, and not a claim on any stock or company.",hoodpass.png,https://www.hoodshares.xyz,01,HoodPass,Robinhood Chain
1132,HoodPass,"Season 01 HoodPass on Robinhood Chain. This pass is the door to HoodShares: claim your included pack, open cards, and play Daily Lineup. It is a digital collectible. It is not a security, not a derivative, and not a claim on any stock or company.",hoodpass.png,https://www.hoodshares.xyz,01,HoodPass,Robinhood Chain
1133,HoodPass,"Season 01 HoodPass on Robinhood Chain. This pass is the door to HoodShares: claim your included pack, open cards, and play Daily Lineup. It is a digital collectible. It is not a security, not a derivative, and not a claim on any stock or company.",hoodpass.png,https://www.hoodshares.xyz,01,HoodPass,Robinhood Chain
1134,HoodPass,"Season 01 HoodPass on Robinhood Chain. This pass is the door to HoodShares: claim your included pack, open cards, and play Daily Lineup. It is a digital collectible. It is not a security, not a derivative, and not a claim on any stock or company.",hoodpass.png,https://www.hoodshares.xyz,01,HoodPass,Robinhood Chain
1135,HoodPass,"Season 01 HoodPass on Robinhood Chain. This pass is the door to HoodShares: claim your included pack, open cards, and play Daily Lineup. It is a digital collectible. It is not a security, not a derivative, and not a claim on any stock or company.",hoodpass.png,https://www.hoodshares.xyz,01,HoodPass,Robinhood Chain
1136,HoodPass,"Season 01 HoodPass on Robinhood Chain. This pass is the door to HoodShares: claim your included pack, open cards, and play Daily Lineup. It is a digital collectible. It is not a security, not a derivative, and not a claim on any stock or company.",hoodpass.png,https://www.hoodshares.xyz,01,HoodPass,Robinhood Chain
1137,HoodPass,"Season 01 HoodPass on Robinhood Chain. This pass is the door to HoodShares: claim your included pack, open cards, and play Daily Lineup. It is a digital collectible. It is not a security, not a derivative, and not a claim on any stock or company.",hoodpass.png,https://www.hoodshares.xyz,01,HoodPass,Robinhood Chain
1138,HoodPass,"Season 01 HoodPass on Robinhood Chain. This pass is the door to HoodShares: claim your included pack, open cards, and play Daily Lineup. It is a digital collectible. It is not a security, not a derivative, and not a claim on any stock or company.",hoodpass.png,https://www.hoodshares.xyz,01,HoodPass,Robinhood Chain
1139,HoodPass,"Season 01 HoodPass on Robinhood Chain. This pass is the door to HoodShares: claim your included pack, open cards, and play Daily Lineup. It is a digital collectible. It is not a security, not a derivative, and not a claim on any stock or company.",hoodpass.png,https://www.hoodshares.xyz,01,HoodPass,Robinhood Chain
1140,HoodPass,"Season 01 HoodPass on Robinhood Chain. This pass is the door to HoodShares: claim your included pack, open cards, and play Daily Lineup. It is a digital collectible. It is not a security, not a derivative, and not a claim on any stock or company.",hoodpass.png,https://www.hoodshares.xyz,01,HoodPass,Robinhood Chain
1141,HoodPass,"Season 01 HoodPass on Robinhood Chain. This pass is the door to HoodShares: claim your included pack, open cards, and play Daily Lineup. It is a digital collectible. It is not a security, not a derivative, and not a claim on any stock or company.",hoodpass.png,https://www.hoodshares.xyz,01,HoodPass,Robinhood Chain
1142,HoodPass,"Season 01 HoodPass on Robinhood Chain. This pass is the door to HoodShares: claim your included pack, open cards, and play Daily Lineup. It is a digital collectible. It is not a security, not a derivative, and not a claim on any stock or company.",hoodpass.png,https://www.hoodshares.xyz,01,HoodPass,Robinhood Chain
1143,HoodPass,"Season 01 HoodPass on Robinhood Chain. This pass is the door to HoodShares: claim your included pack, open cards, and play Daily Lineup. It is a digital collectible. It is not a security, not a derivative, and not a claim on any stock or company.",hoodpass.png,https://www.hoodshares.xyz,01,HoodPass,Robinhood Chain
1144,HoodPass,"Season 01 HoodPass on Robinhood Chain. This pass is the door to HoodShares: claim your included pack, open cards, and play Daily Lineup. It is a digital collectible. It is not a security, not a derivative, and not a claim on any stock or company.",hoodpass.png,https://www.hoodshares.xyz,01,HoodPass,Robinhood Chain
1145,HoodPass,"Season 01 HoodPass on Robinhood Chain. This pass is the door to HoodShares: claim your included pack, open cards, and play Daily Lineup. It is a digital collectible. It is not a security, not a derivative, and not a claim on any stock or company.",hoodpass.png,https://www.hoodshares.xyz,01,HoodPass,Robinhood Chain
1146,HoodPass,"Season 01 HoodPass on Robinhood Chain. This pass is the door to HoodShares: claim your included pack, open cards, and play Daily Lineup. It is a digital collectible. It is not a security, not a derivative, and not a claim on any stock or company.",hoodpass.png,https://www.hoodshares.xyz,01,HoodPass,Robinhood Chain
1147,HoodPass,"Season 01 HoodPass on Robinhood Chain. This pass is the door to HoodShares: claim your included pack, open cards, and play Daily Lineup. It is a digital collectible. It is not a security, not a derivative, and not a claim on any stock or company.",hoodpass.png,https://www.hoodshares.xyz,01,HoodPass,Robinhood Chain
1148,HoodPass,"Season 01 HoodPass on Robinhood Chain. This pass is the door to HoodShares: claim your included pack, open cards, and play Daily Lineup. It is a digital collectible. It is not a security, not a derivative, and not a claim on any stock or company.",hoodpass.png,https://www.hoodshares.xyz,01,HoodPass,Robinhood Chain
1149,HoodPass,"Season 01 HoodPass on Robinhood Chain. This pass is the door to HoodShares: claim your included pack, open cards, and play Daily Lineup. It is a digital collectible. It is not a security, not a derivative, and not a claim on any stock or company.",hoodpass.png,https://www.hoodshares.xyz,01,HoodPass,Robinhood Chain
1150,HoodPass,"Season 01 HoodPass on Robinhood Chain. This pass is the door to HoodShares: claim your included pack, open cards, and play Daily Lineup. It is a digital collectible. It is not a security, not a derivative, and not a claim on any stock or company.",hoodpass.png,https://www.hoodshares.xyz,01,HoodPass,Robinhood Chain
1151,HoodPass,"Season 01 HoodPass on Robinhood Chain. This pass is the door to HoodShares: claim your included pack, open cards, and play Daily Lineup. It is a digital collectible. It is not a security, not a derivative, and not a claim on any stock or company.",hoodpass.png,https://www.hoodshares.xyz,01,HoodPass,Robinhood Chain
1152,HoodPass,"Season 01 HoodPass on Robinhood Chain. This pass is the door to HoodShares: claim your included pack, open cards, and play Daily Lineup. It is a digital collectible. It is not a security, not a derivative, and not a claim on any stock or company.",hoodpass.png,https://www.hoodshares.xyz,01,HoodPass,Robinhood Chain
1153,HoodPass,"Season 01 HoodPass on Robinhood Chain. This pass is the door to HoodShares: claim your included pack, open cards, and play Daily Lineup. It is a digital collectible. It is not a security, not a derivative, and not a claim on any stock or company.",hoodpass.png,https://www.hoodshares.xyz,01,HoodPass,Robinhood Chain
1154,HoodPass,"Season 01 HoodPass on Robinhood Chain. This pass is the door to HoodShares: claim your included pack, open cards, and play Daily Lineup. It is a digital collectible. It is not a security, not a derivative, and not a claim on any stock or company.",hoodpass.png,https://www.hoodshares.xyz,01,HoodPass,Robinhood Chain
1155,HoodPass,"Season 01 HoodPass on Robinhood Chain. This pass is the door to HoodShares: claim your included pack, open cards, and play Daily Lineup. It is a digital collectible. It is not a security, not a derivative, and not a claim on any stock or company.",hoodpass.png,https://www.hoodshares.xyz,01,HoodPass,Robinhood Chain
1156,HoodPass,"Season 01 HoodPass on Robinhood Chain. This pass is the door to HoodShares: claim your included pack, open cards, and play Daily Lineup. It is a digital collectible. It is not a security, not a derivative, and not a claim on any stock or company.",hoodpass.png,https://www.hoodshares.xyz,01,HoodPass,Robinhood Chain
1157,HoodPass,"Season 01 HoodPass on Robinhood Chain. This pass is the door to HoodShares: claim your included pack, open cards, and play Daily Lineup. It is a digital collectible. It is not a security, not a derivative, and not a claim on any stock or company.",hoodpass.png,https://www.hoodshares.xyz,01,HoodPass,Robinhood Chain
1158,HoodPass,"Season 01 HoodPass on Robinhood Chain. This pass is the door to HoodShares: claim your included pack, open cards, and play Daily Lineup. It is a digital collectible. It is not a security, not a derivative, and not a claim on any stock or company.",hoodpass.png,https://www.hoodshares.xyz,01,HoodPass,Robinhood Chain
1159,HoodPass,"Season 01 HoodPass on Robinhood Chain. This pass is the door to HoodShares: claim your included pack, open cards, and play Daily Lineup. It is a digital collectible. It is not a security, not a derivative, and not a claim on any stock or company.",hoodpass.png,https://www.hoodshares.xyz,01,HoodPass,Robinhood Chain
1160,HoodPass,"Season 01 HoodPass on Robinhood Chain. This pass is the door to HoodShares: claim your included pack, open cards, and play Daily Lineup. It is a digital collectible. It is not a security, not a derivative, and not a claim on any stock or company.",hoodpass.png,https://www.hoodshares.xyz,01,HoodPass,Robinhood Chain
1161,HoodPass,"Season 01 HoodPass on Robinhood Chain. This pass is the door to HoodShares: claim your included pack, open cards, and play Daily Lineup. It is a digital collectible. It is not a security, not a derivative, and not a claim on any stock or company.",hoodpass.png,https://www.hoodshares.xyz,01,HoodPass,Robinhood Chain
1162,HoodPass,"Season 01 HoodPass on Robinhood Chain. This pass is the door to HoodShares: claim your included pack, open cards, and play Daily Lineup. It is a digital collectible. It is not a security, not a derivative, and not a claim on any stock or company.",hoodpass.png,https://www.hoodshares.xyz,01,HoodPass,Robinhood Chain
1163,HoodPass,"Season 01 HoodPass on Robinhood Chain. This pass is the door to HoodShares: claim your included pack, open cards, and play Daily Lineup. It is a digital collectible. It is not a security, not a derivative, and not a claim on any stock or company.",hoodpass.png,https://www.hoodshares.xyz,01,HoodPass,Robinhood Chain
1164,HoodPass,"Season 01 HoodPass on Robinhood Chain. This pass is the door to HoodShares: claim your included pack, open cards, and play Daily Lineup. It is a digital collectible. It is not a security, not a derivative, and not a claim on any stock or company.",hoodpass.png,https://www.hoodshares.xyz,01,HoodPass,Robinhood Chain
1165,HoodPass,"Season 01 HoodPass on Robinhood Chain. This pass is the door to HoodShares: claim your included pack, open cards, and play Daily Lineup. It is a digital collectible. It is not a security, not a derivative, and not a claim on any stock or company.",hoodpass.png,https://www.hoodshares.xyz,01,HoodPass,Robinhood Chain
1166,HoodPass,"Season 01 HoodPass on Robinhood Chain. This pass is the door to HoodShares: claim your included pack, open cards, and play Daily Lineup. It is a digital collectible. It is not a security, not a derivative, and not a claim on any stock or company.",hoodpass.png,https://www.hoodshares.xyz,01,HoodPass,Robinhood Chain
1167,HoodPass,"Season 01 HoodPass on Robinhood Chain. This pass is the door to HoodShares: claim your included pack, open cards, and play Daily Lineup. It is a digital collectible. It is not a security, not a derivative, and not a claim on any stock or company.",hoodpass.png,https://www.hoodshares.xyz,01,HoodPass,Robinhood Chain
1168,HoodPass,"Season 01 HoodPass on Robinhood Chain. This pass is the door to HoodShares: claim your included pack, open cards, and play Daily Lineup. It is a digital collectible. It is not a security, not a derivative, and not a claim on any stock or company.",hoodpass.png,https://www.hoodshares.xyz,01,HoodPass,Robinhood Chain
1169,HoodPass,"Season 01 HoodPass on Robinhood Chain. This pass is the door to HoodShares: claim your included pack, open cards, and play Daily Lineup. It is a digital collectible. It is not a security, not a derivative, and not a claim on any stock or company.",hoodpass.png,https://www.hoodshares.xyz,01,HoodPass,Robinhood Chain
1170,HoodPass,"Season 01 HoodPass on Robinhood Chain. This pass is the door to HoodShares: claim your included pack, open cards, and play Daily Lineup. It is a digital collectible. It is not a security, not a derivative, and not a claim on any stock or company.",hoodpass.png,https://www.hoodshares.xyz,01,HoodPass,Robinhood Chain
1171,HoodPass,"Season 01 HoodPass on Robinhood Chain. This pass is the door to HoodShares: claim your included pack, open cards, and play Daily Lineup. It is a digital collectible. It is not a security, not a derivative, and not a claim on any stock or company.",hoodpass.png,https://www.hoodshares.xyz,01,HoodPass,Robinhood Chain
1172,HoodPass,"Season 01 HoodPass on Robinhood Chain. This pass is the door to HoodShares: claim your included pack, open cards, and play Daily Lineup. It is a digital collectible. It is not a security, not a derivative, and not a claim on any stock or company.",hoodpass.png,https://www.hoodshares.xyz,01,HoodPass,Robinhood Chain
1173,HoodPass,"Season 01 HoodPass on Robinhood Chain. This pass is the door to HoodShares: claim your included pack, open cards, and play Daily Lineup. It is a digital collectible. It is not a security, not a derivative, and not a claim on any stock or company.",hoodpass.png,https://www.hoodshares.xyz,01,HoodPass,Robinhood Chain
1174,HoodPass,"Season 01 HoodPass on Robinhood Chain. This pass is the door to HoodShares: claim your included pack, open cards, and play Daily Lineup. It is a digital collectible. It is not a security, not a derivative, and not a claim on any stock or company.",hoodpass.png,https://www.hoodshares.xyz,01,HoodPass,Robinhood Chain
1175,HoodPass,"Season 01 HoodPass on Robinhood Chain. This pass is the door to HoodShares: claim your included pack, open cards, and play Daily Lineup. It is a digital collectible. It is not a security, not a derivative, and not a claim on any stock or company.",hoodpass.png,https://www.hoodshares.xyz,01,HoodPass,Robinhood Chain
1176,HoodPass,"Season 01 HoodPass on Robinhood Chain. This pass is the door to HoodShares: claim your included pack, open cards, and play Daily Lineup. It is a digital collectible. It is not a security, not a derivative, and not a claim on any stock or company.",hoodpass.png,https://www.hoodshares.xyz,01,HoodPass,Robinhood Chain
1177,HoodPass,"Season 01 HoodPass on Robinhood Chain. This pass is the door to HoodShares: claim your included pack, open cards, and play Daily Lineup. It is a digital collectible. It is not a security, not a derivative, and not a claim on any stock or company.",hoodpass.png,https://www.hoodshares.xyz,01,HoodPass,Robinhood Chain
1178,HoodPass,"Season 01 HoodPass on Robinhood Chain. This pass is the door to HoodShares: claim your included pack, open cards, and play Daily Lineup. It is a digital collectible. It is not a security, not a derivative, and not a claim on any stock or company.",hoodpass.png,https://www.hoodshares.xyz,01,HoodPass,Robinhood Chain
1179,HoodPass,"Season 01 HoodPass on Robinhood Chain. This pass is the door to HoodShares: claim your included pack, open cards, and play Daily Lineup. It is a digital collectible. It is not a security, not a derivative, and not a claim on any stock or company.",hoodpass.png,https://www.hoodshares.xyz,01,HoodPass,Robinhood Chain
1180,HoodPass,"Season 01 HoodPass on Robinhood Chain. This pass is the door to HoodShares: claim your included pack, open cards, and play Daily Lineup. It is a digital collectible. It is not a security, not a derivative, and not a claim on any stock or company.",hoodpass.png,https://www.hoodshares.xyz,01,HoodPass,Robinhood Chain
1181,HoodPass,"Season 01 HoodPass on Robinhood Chain. This pass is the door to HoodShares: claim your included pack, open cards, and play Daily Lineup. It is a digital collectible. It is not a security, not a derivative, and not a claim on any stock or company.",hoodpass.png,https://www.hoodshares.xyz,01,HoodPass,Robinhood Chain
1182,HoodPass,"Season 01 HoodPass on Robinhood Chain. This pass is the door to HoodShares: claim your included pack, open cards, and play Daily Lineup. It is a digital collectible. It is not a security, not a derivative, and not a claim on any stock or company.",hoodpass.png,https://www.hoodshares.xyz,01,HoodPass,Robinhood Chain
1183,HoodPass,"Season 01 HoodPass on Robinhood Chain. This pass is the door to HoodShares: claim your included pack, open cards, and play Daily Lineup. It is a digital collectible. It is not a security, not a derivative, and not a claim on any stock or company.",hoodpass.png,https://www.hoodshares.xyz,01,HoodPass,Robinhood Chain
1184,HoodPass,"Season 01 HoodPass on Robinhood Chain. This pass is the door to HoodShares: claim your included pack, open cards, and play Daily Lineup. It is a digital collectible. It is not a security, not a derivative, and not a claim on any stock or company.",hoodpass.png,https://www.hoodshares.xyz,01,HoodPass,Robinhood Chain
1185,HoodPass,"Season 01 HoodPass on Robinhood Chain. This pass is the door to HoodShares: claim your included pack, open cards, and play Daily Lineup. It is a digital collectible. It is not a security, not a derivative, and not a claim on any stock or company.",hoodpass.png,https://www.hoodshares.xyz,01,HoodPass,Robinhood Chain
1186,HoodPass,"Season 01 HoodPass on Robinhood Chain. This pass is the door to HoodShares: claim your included pack, open cards, and play Daily Lineup. It is a digital collectible. It is not a security, not a derivative, and not a claim on any stock or company.",hoodpass.png,https://www.hoodshares.xyz,01,HoodPass,Robinhood Chain
1187,HoodPass,"Season 01 HoodPass on Robinhood Chain. This pass is the door to HoodShares: claim your included pack, open cards, and play Daily Lineup. It is a digital collectible. It is not a security, not a derivative, and not a claim on any stock or company.",hoodpass.png,https://www.hoodshares.xyz,01,HoodPass,Robinhood Chain
1188,HoodPass,"Season 01 HoodPass on Robinhood Chain. This pass is the door to HoodShares: claim your included pack, open cards, and play Daily Lineup. It is a digital collectible. It is not a security, not a derivative, and not a claim on any stock or company.",hoodpass.png,https://www.hoodshares.xyz,01,HoodPass,Robinhood Chain
1189,HoodPass,"Season 01 HoodPass on Robinhood Chain. This pass is the door to HoodShares: claim your included pack, open cards, and play Daily Lineup. It is a digital collectible. It is not a security, not a derivative, and not a claim on any stock or company.",hoodpass.png,https://www.hoodshares.xyz,01,HoodPass,Robinhood Chain
1190,HoodPass,"Season 01 HoodPass on Robinhood Chain. This pass is the door to HoodShares: claim your included pack, open cards, and play Daily Lineup. It is a digital collectible. It is not a security, not a derivative, and not a claim on any stock or company.",hoodpass.png,https://www.hoodshares.xyz,01,HoodPass,Robinhood Chain
1191,HoodPass,"Season 01 HoodPass on Robinhood Chain. This pass is the door to HoodShares: claim your included pack, open cards, and play Daily Lineup. It is a digital collectible. It is not a security, not a derivative, and not a claim on any stock or company.",hoodpass.png,https://www.hoodshares.xyz,01,HoodPass,Robinhood Chain
1192,HoodPass,"Season 01 HoodPass on Robinhood Chain. This pass is the door to HoodShares: claim your included pack, open cards, and play Daily Lineup. It is a digital collectible. It is not a security, not a derivative, and not a claim on any stock or company.",hoodpass.png,https://www.hoodshares.xyz,01,HoodPass,Robinhood Chain
1193,HoodPass,"Season 01 HoodPass on Robinhood Chain. This pass is the door to HoodShares: claim your included pack, open cards, and play Daily Lineup. It is a digital collectible. It is not a security, not a derivative, and not a claim on any stock or company.",hoodpass.png,https://www.hoodshares.xyz,01,HoodPass,Robinhood Chain
1194,HoodPass,"Season 01 HoodPass on Robinhood Chain. This pass is the door to HoodShares: claim your included pack, open cards, and play Daily Lineup. It is a digital collectible. It is not a security, not a derivative, and not a claim on any stock or company.",hoodpass.png,https://www.hoodshares.xyz,01,HoodPass,Robinhood Chain
1195,HoodPass,"Season 01 HoodPass on Robinhood Chain. This pass is the door to HoodShares: claim your included pack, open cards, and play Daily Lineup. It is a digital collectible. It is not a security, not a derivative, and not a claim on any stock or company.",hoodpass.png,https://www.hoodshares.xyz,01,HoodPass,Robinhood Chain
1196,HoodPass,"Season 01 HoodPass on Robinhood Chain. This pass is the door to HoodShares: claim your included pack, open cards, and play Daily Lineup. It is a digital collectible. It is not a security, not a derivative, and not a claim on any stock or company.",hoodpass.png,https://www.hoodshares.xyz,01,HoodPass,Robinhood Chain
1197,HoodPass,"Season 01 HoodPass on Robinhood Chain. This pass is the door to HoodShares: claim your included pack, open cards, and play Daily Lineup. It is a digital collectible. It is not a security, not a derivative, and not a claim on any stock or company.",hoodpass.png,https://www.hoodshares.xyz,01,HoodPass,Robinhood Chain
1198,HoodPass,"Season 01 HoodPass on Robinhood Chain. This pass is the door to HoodShares: claim your included pack, open cards, and play Daily Lineup. It is a digital collectible. It is not a security, not a derivative, and not a claim on any stock or company.",hoodpass.png,https://www.hoodshares.xyz,01,HoodPass,Robinhood Chain
1199,HoodPass,"Season 01 HoodPass on Robinhood Chain. This pass is the door to HoodShares: claim your included pack, open cards, and play Daily Lineup. It is a digital collectible. It is not a security, not a derivative, and not a claim on any stock or company.",hoodpass.png,https://www.hoodshares.xyz,01,HoodPass,Robinhood Chain
1200,HoodPass,"Season 01 HoodPass on Robinhood Chain. This pass is the door to HoodShares: claim your included pack, open cards, and play Daily Lineup. It is a digital collectible. It is not a security, not a derivative, and not a claim on any stock or company.",hoodpass.png,https://www.hoodshares.xyz,01,HoodPass,Robinhood Chain
1201,HoodPass,"Season 01 HoodPass on Robinhood Chain. This pass is the door to HoodShares: claim your included pack, open cards, and play Daily Lineup. It is a digital collectible. It is not a security, not a derivative, and not a claim on any stock or company.",hoodpass.png,https://www.hoodshares.xyz,01,HoodPass,Robinhood Chain
1202,HoodPass,"Season 01 HoodPass on Robinhood Chain. This pass is the door to HoodShares: claim your included pack, open cards, and play Daily Lineup. It is a digital collectible. It is not a security, not a derivative, and not a claim on any stock or company.",hoodpass.png,https://www.hoodshares.xyz,01,HoodPass,Robinhood Chain
1203,HoodPass,"Season 01 HoodPass on Robinhood Chain. This pass is the door to HoodShares: claim your included pack, open cards, and play Daily Lineup. It is a digital collectible. It is not a security, not a derivative, and not a claim on any stock or company.",hoodpass.png,https://www.hoodshares.xyz,01,HoodPass,Robinhood Chain
1204,HoodPass,"Season 01 HoodPass on Robinhood Chain. This pass is the door to HoodShares: claim your included pack, open cards, and play Daily Lineup. It is a digital collectible. It is not a security, not a derivative, and not a claim on any stock or company.",hoodpass.png,https://www.hoodshares.xyz,01,HoodPass,Robinhood Chain
1205,HoodPass,"Season 01 HoodPass on Robinhood Chain. This pass is the door to HoodShares: claim your included pack, open cards, and play Daily Lineup. It is a digital collectible. It is not a security, not a derivative, and not a claim on any stock or company.",hoodpass.png,https://www.hoodshares.xyz,01,HoodPass,Robinhood Chain
1206,HoodPass,"Season 01 HoodPass on Robinhood Chain. This pass is the door to HoodShares: claim your included pack, open cards, and play Daily Lineup. It is a digital collectible. It is not a security, not a derivative, and not a claim on any stock or company.",hoodpass.png,https://www.hoodshares.xyz,01,HoodPass,Robinhood Chain
1207,HoodPass,"Season 01 HoodPass on Robinhood Chain. This pass is the door to HoodShares: claim your included pack, open cards, and play Daily Lineup. It is a digital collectible. It is not a security, not a derivative, and not a claim on any stock or company.",hoodpass.png,https://www.hoodshares.xyz,01,HoodPass,Robinhood Chain
1208,HoodPass,"Season 01 HoodPass on Robinhood Chain. This pass is the door to HoodShares: claim your included pack, open cards, and play Daily Lineup. It is a digital collectible. It is not a security, not a derivative, and not a claim on any stock or company.",hoodpass.png,https://www.hoodshares.xyz,01,HoodPass,Robinhood Chain
1209,HoodPass,"Season 01 HoodPass on Robinhood Chain. This pass is the door to HoodShares: claim your included pack, open cards, and play Daily Lineup. It is a digital collectible. It is not a security, not a derivative, and not a claim on any stock or company.",hoodpass.png,https://www.hoodshares.xyz,01,HoodPass,Robinhood Chain
1210,HoodPass,"Season 01 HoodPass on Robinhood Chain. This pass is the door to HoodShares: claim your included pack, open cards, and play Daily Lineup. It is a digital collectible. It is not a security, not a derivative, and not a claim on any stock or company.",hoodpass.png,https://www.hoodshares.xyz,01,HoodPass,Robinhood Chain
1211,HoodPass,"Season 01 HoodPass on Robinhood Chain. This pass is the door to HoodShares: claim your included pack, open cards, and play Daily Lineup. It is a digital collectible. It is not a security, not a derivative, and not a claim on any stock or company.",hoodpass.png,https://www.hoodshares.xyz,01,HoodPass,Robinhood Chain
1212,HoodPass,"Season 01 HoodPass on Robinhood Chain. This pass is the door to HoodShares: claim your included pack, open cards, and play Daily Lineup. It is a digital collectible. It is not a security, not a derivative, and not a claim on any stock or company.",hoodpass.png,https://www.hoodshares.xyz,01,HoodPass,Robinhood Chain
1213,HoodPass,"Season 01 HoodPass on Robinhood Chain. This pass is the door to HoodShares: claim your included pack, open cards, and play Daily Lineup. It is a digital collectible. It is not a security, not a derivative, and not a claim on any stock or company.",hoodpass.png,https://www.hoodshares.xyz,01,HoodPass,Robinhood Chain
1214,HoodPass,"Season 01 HoodPass on Robinhood Chain. This pass is the door to HoodShares: claim your included pack, open cards, and play Daily Lineup. It is a digital collectible. It is not a security, not a derivative, and not a claim on any stock or company.",hoodpass.png,https://www.hoodshares.xyz,01,HoodPass,Robinhood Chain
1215,HoodPass,"Season 01 HoodPass on Robinhood Chain. This pass is the door to HoodShares: claim your included pack, open cards, and play Daily Lineup. It is a digital collectible. It is not a security, not a derivative, and not a claim on any stock or company.",hoodpass.png,https://www.hoodshares.xyz,01,HoodPass,Robinhood Chain
1216,HoodPass,"Season 01 HoodPass on Robinhood Chain. This pass is the door to HoodShares: claim your included pack, open cards, and play Daily Lineup. It is a digital collectible. It is not a security, not a derivative, and not a claim on any stock or company.",hoodpass.png,https://www.hoodshares.xyz,01,HoodPass,Robinhood Chain
1217,HoodPass,"Season 01 HoodPass on Robinhood Chain. This pass is the door to HoodShares: claim your included pack, open cards, and play Daily Lineup. It is a digital collectible. It is not a security, not a derivative, and not a claim on any stock or company.",hoodpass.png,https://www.hoodshares.xyz,01,HoodPass,Robinhood Chain
1218,HoodPass,"Season 01 HoodPass on Robinhood Chain. This pass is the door to HoodShares: claim your included pack, open cards, and play Daily Lineup. It is a digital collectible. It is not a security, not a derivative, and not a claim on any stock or company.",hoodpass.png,https://www.hoodshares.xyz,01,HoodPass,Robinhood Chain
1219,HoodPass,"Season 01 HoodPass on Robinhood Chain. This pass is the door to HoodShares: claim your included pack, open cards, and play Daily Lineup. It is a digital collectible. It is not a security, not a derivative, and not a claim on any stock or company.",hoodpass.png,https://www.hoodshares.xyz,01,HoodPass,Robinhood Chain
1220,HoodPass,"Season 01 HoodPass on Robinhood Chain. This pass is the door to HoodShares: claim your included pack, open cards, and play Daily Lineup. It is a digital collectible. It is not a security, not a derivative, and not a claim on any stock or company.",hoodpass.png,https://www.hoodshares.xyz,01,HoodPass,Robinhood Chain
1221,HoodPass,"Season 01 HoodPass on Robinhood Chain. This pass is the door to HoodShares: claim your included pack, open cards, and play Daily Lineup. It is a digital collectible. It is not a security, not a derivative, and not a claim on any stock or company.",hoodpass.png,https://www.hoodshares.xyz,01,HoodPass,Robinhood Chain
1222,HoodPass,"Season 01 HoodPass on Robinhood Chain. This pass is the door to HoodShares: claim your included pack, open cards, and play Daily Lineup. It is a digital collectible. It is not a security, not a derivative, and not a claim on any stock or company.",hoodpass.png,https://www.hoodshares.xyz,01,HoodPass,Robinhood Chain
1223,HoodPass,"Season 01 HoodPass on Robinhood Chain. This pass is the door to HoodShares: claim your included pack, open cards, and play Daily Lineup. It is a digital collectible. It is not a security, not a derivative, and not a claim on any stock or company.",hoodpass.png,https://www.hoodshares.xyz,01,HoodPass,Robinhood Chain
1224,HoodPass,"Season 01 HoodPass on Robinhood Chain. This pass is the door to HoodShares: claim your included pack, open cards, and play Daily Lineup. It is a digital collectible. It is not a security, not a derivative, and not a claim on any stock or company.",hoodpass.png,https://www.hoodshares.xyz,01,HoodPass,Robinhood Chain
1225,HoodPass,"Season 01 HoodPass on Robinhood Chain. This pass is the door to HoodShares: claim your included pack, open cards, and play Daily Lineup. It is a digital collectible. It is not a security, not a derivative, and not a claim on any stock or company.",hoodpass.png,https://www.hoodshares.xyz,01,HoodPass,Robinhood Chain
1226,HoodPass,"Season 01 HoodPass on Robinhood Chain. This pass is the door to HoodShares: claim your included pack, open cards, and play Daily Lineup. It is a digital collectible. It is not a security, not a derivative, and not a claim on any stock or company.",hoodpass.png,https://www.hoodshares.xyz,01,HoodPass,Robinhood Chain
1227,HoodPass,"Season 01 HoodPass on Robinhood Chain. This pass is the door to HoodShares: claim your included pack, open cards, and play Daily Lineup. It is a digital collectible. It is not a security, not a derivative, and not a claim on any stock or company.",hoodpass.png,https://www.hoodshares.xyz,01,HoodPass,Robinhood Chain
1228,HoodPass,"Season 01 HoodPass on Robinhood Chain. This pass is the door to HoodShares: claim your included pack, open cards, and play Daily Lineup. It is a digital collectible. It is not a security, not a derivative, and not a claim on any stock or company.",hoodpass.png,https://www.hoodshares.xyz,01,HoodPass,Robinhood Chain
1229,HoodPass,"Season 01 HoodPass on Robinhood Chain. This pass is the door to HoodShares: claim your included pack, open cards, and play Daily Lineup. It is a digital collectible. It is not a security, not a derivative, and not a claim on any stock or company.",hoodpass.png,https://www.hoodshares.xyz,01,HoodPass,Robinhood Chain
1230,HoodPass,"Season 01 HoodPass on Robinhood Chain. This pass is the door to HoodShares: claim your included pack, open cards, and play Daily Lineup. It is a digital collectible. It is not a security, not a derivative, and not a claim on any stock or company.",hoodpass.png,https://www.hoodshares.xyz,01,HoodPass,Robinhood Chain
1231,HoodPass,"Season 01 HoodPass on Robinhood Chain. This pass is the door to HoodShares: claim your included pack, open cards, and play Daily Lineup. It is a digital collectible. It is not a security, not a derivative, and not a claim on any stock or company.",hoodpass.png,https://www.hoodshares.xyz,01,HoodPass,Robinhood Chain
1232,HoodPass,"Season 01 HoodPass on Robinhood Chain. This pass is the door to HoodShares: claim your included pack, open cards, and play Daily Lineup. It is a digital collectible. It is not a security, not a derivative, and not a claim on any stock or company.",hoodpass.png,https://www.hoodshares.xyz,01,HoodPass,Robinhood Chain
1233,HoodPass,"Season 01 HoodPass on Robinhood Chain. This pass is the door to HoodShares: claim your included pack, open cards, and play Daily Lineup. It is a digital collectible. It is not a security, not a derivative, and not a claim on any stock or company.",hoodpass.png,https://www.hoodshares.xyz,01,HoodPass,Robinhood Chain
1234,HoodPass,"Season 01 HoodPass on Robinhood Chain. This pass is the door to HoodShares: claim your included pack, open cards, and play Daily Lineup. It is a digital collectible. It is not a security, not a derivative, and not a claim on any stock or company.",hoodpass.png,https://www.hoodshares.xyz,01,HoodPass,Robinhood Chain
1235,HoodPass,"Season 01 HoodPass on Robinhood Chain. This pass is the door to HoodShares: claim your included pack, open cards, and play Daily Lineup. It is a digital collectible. It is not a security, not a derivative, and not a claim on any stock or company.",hoodpass.png,https://www.hoodshares.xyz,01,HoodPass,Robinhood Chain
1236,HoodPass,"Season 01 HoodPass on Robinhood Chain. This pass is the door to HoodShares: claim your included pack, open cards, and play Daily Lineup. It is a digital collectible. It is not a security, not a derivative, and not a claim on any stock or company.",hoodpass.png,https://www.hoodshares.xyz,01,HoodPass,Robinhood Chain
1237,HoodPass,"Season 01 HoodPass on Robinhood Chain. This pass is the door to HoodShares: claim your included pack, open cards, and play Daily Lineup. It is a digital collectible. It is not a security, not a derivative, and not a claim on any stock or company.",hoodpass.png,https://www.hoodshares.xyz,01,HoodPass,Robinhood Chain
1238,HoodPass,"Season 01 HoodPass on Robinhood Chain. This pass is the door to HoodShares: claim your included pack, open cards, and play Daily Lineup. It is a digital collectible. It is not a security, not a derivative, and not a claim on any stock or company.",hoodpass.png,https://www.hoodshares.xyz,01,HoodPass,Robinhood Chain
1239,HoodPass,"Season 01 HoodPass on Robinhood Chain. This pass is the door to HoodShares: claim your included pack, open cards, and play Daily Lineup. It is a digital collectible. It is not a security, not a derivative, and not a claim on any stock or company.",hoodpass.png,https://www.hoodshares.xyz,01,HoodPass,Robinhood Chain
1240,HoodPass,"Season 01 HoodPass on Robinhood Chain. This pass is the door to HoodShares: claim your included pack, open cards, and play Daily Lineup. It is a digital collectible. It is not a security, not a derivative, and not a claim on any stock or company.",hoodpass.png,https://www.hoodshares.xyz,01,HoodPass,Robinhood Chain
1241,HoodPass,"Season 01 HoodPass on Robinhood Chain. This pass is the door to HoodShares: claim your included pack, open cards, and play Daily Lineup. It is a digital collectible. It is not a security, not a derivative, and not a claim on any stock or company.",hoodpass.png,https://www.hoodshares.xyz,01,HoodPass,Robinhood Chain
1242,HoodPass,"Season 01 HoodPass on Robinhood Chain. This pass is the door to HoodShares: claim your included pack, open cards, and play Daily Lineup. It is a digital collectible. It is not a security, not a derivative, and not a claim on any stock or company.",hoodpass.png,https://www.hoodshares.xyz,01,HoodPass,Robinhood Chain
1243,HoodPass,"Season 01 HoodPass on Robinhood Chain. This pass is the door to HoodShares: claim your included pack, open cards, and play Daily Lineup. It is a digital collectible. It is not a security, not a derivative, and not a claim on any stock or company.",hoodpass.png,https://www.hoodshares.xyz,01,HoodPass,Robinhood Chain
1244,HoodPass,"Season 01 HoodPass on Robinhood Chain. This pass is the door to HoodShares: claim your included pack, open cards, and play Daily Lineup. It is a digital collectible. It is not a security, not a derivative, and not a claim on any stock or company.",hoodpass.png,https://www.hoodshares.xyz,01,HoodPass,Robinhood Chain
1245,HoodPass,"Season 01 HoodPass on Robinhood Chain. This pass is the door to HoodShares: claim your included pack, open cards, and play Daily Lineup. It is a digital collectible. It is not a security, not a derivative, and not a claim on any stock or company.",hoodpass.png,https://www.hoodshares.xyz,01,HoodPass,Robinhood Chain
1246,HoodPass,"Season 01 HoodPass on Robinhood Chain. This pass is the door to HoodShares: claim your included pack, open cards, and play Daily Lineup. It is a digital collectible. It is not a security, not a derivative, and not a claim on any stock or company.",hoodpass.png,https://www.hoodshares.xyz,01,HoodPass,Robinhood Chain
1247,HoodPass,"Season 01 HoodPass on Robinhood Chain. This pass is the door to HoodShares: claim your included pack, open cards, and play Daily Lineup. It is a digital collectible. It is not a security, not a derivative, and not a claim on any stock or company.",hoodpass.png,https://www.hoodshares.xyz,01,HoodPass,Robinhood Chain
1248,HoodPass,"Season 01 HoodPass on Robinhood Chain. This pass is the door to HoodShares: claim your included pack, open cards, and play Daily Lineup. It is a digital collectible. It is not a security, not a derivative, and not a claim on any stock or company.",hoodpass.png,https://www.hoodshares.xyz,01,HoodPass,Robinhood Chain
1249,HoodPass,"Season 01 HoodPass on Robinhood Chain. This pass is the door to HoodShares: claim your included pack, open cards, and play Daily Lineup. It is a digital collectible. It is not a security, not a derivative, and not a claim on any stock or company.",hoodpass.png,https://www.hoodshares.xyz,01,HoodPass,Robinhood Chain
1250,HoodPass,"Season 01 HoodPass on Robinhood Chain. This pass is the door to HoodShares: claim your included pack, open cards, and play Daily Lineup. It is a digital collectible. It is not a security, not a derivative, and not a claim on any stock or company.",hoodpass.png,https://www.hoodshares.xyz,01,HoodPass,Robinhood Chain
1251,HoodPass,"Season 01 HoodPass on Robinhood Chain. This pass is the door to HoodShares: claim your included pack, open cards, and play Daily Lineup. It is a digital collectible. It is not a security, not a derivative, and not a claim on any stock or company.",hoodpass.png,https://www.hoodshares.xyz,01,HoodPass,Robinhood Chain
1252,HoodPass,"Season 01 HoodPass on Robinhood Chain. This pass is the door to HoodShares: claim your included pack, open cards, and play Daily Lineup. It is a digital collectible. It is not a security, not a derivative, and not a claim on any stock or company.",hoodpass.png,https://www.hoodshares.xyz,01,HoodPass,Robinhood Chain
1253,HoodPass,"Season 01 HoodPass on Robinhood Chain. This pass is the door to HoodShares: claim your included pack, open cards, and play Daily Lineup. It is a digital collectible. It is not a security, not a derivative, and not a claim on any stock or company.",hoodpass.png,https://www.hoodshares.xyz,01,HoodPass,Robinhood Chain
1254,HoodPass,"Season 01 HoodPass on Robinhood Chain. This pass is the door to HoodShares: claim your included pack, open cards, and play Daily Lineup. It is a digital collectible. It is not a security, not a derivative, and not a claim on any stock or company.",hoodpass.png,https://www.hoodshares.xyz,01,HoodPass,Robinhood Chain
1255,HoodPass,"Season 01 HoodPass on Robinhood Chain. This pass is the door to HoodShares: claim your included pack, open cards, and play Daily Lineup. It is a digital collectible. It is not a security, not a derivative, and not a claim on any stock or company.",hoodpass.png,https://www.hoodshares.xyz,01,HoodPass,Robinhood Chain
1256,HoodPass,"Season 01 HoodPass on Robinhood Chain. This pass is the door to HoodShares: claim your included pack, open cards, and play Daily Lineup. It is a digital collectible. It is not a security, not a derivative, and not a claim on any stock or company.",hoodpass.png,https://www.hoodshares.xyz,01,HoodPass,Robinhood Chain
1257,HoodPass,"Season 01 HoodPass on Robinhood Chain. This pass is the door to HoodShares: claim your included pack, open cards, and play Daily Lineup. It is a digital collectible. It is not a security, not a derivative, and not a claim on any stock or company.",hoodpass.png,https://www.hoodshares.xyz,01,HoodPass,Robinhood Chain
1258,HoodPass,"Season 01 HoodPass on Robinhood Chain. This pass is the door to HoodShares: claim your included pack, open cards, and play Daily Lineup. It is a digital collectible. It is not a security, not a derivative, and not a claim on any stock or company.",hoodpass.png,https://www.hoodshares.xyz,01,HoodPass,Robinhood Chain
1259,HoodPass,"Season 01 HoodPass on Robinhood Chain. This pass is the door to HoodShares: claim your included pack, open cards, and play Daily Lineup. It is a digital collectible. It is not a security, not a derivative, and not a claim on any stock or company.",hoodpass.png,https://www.hoodshares.xyz,01,HoodPass,Robinhood Chain
1260,HoodPass,"Season 01 HoodPass on Robinhood Chain. This pass is the door to HoodShares: claim your included pack, open cards, and play Daily Lineup. It is a digital collectible. It is not a security, not a derivative, and not a claim on any stock or company.",hoodpass.png,https://www.hoodshares.xyz,01,HoodPass,Robinhood Chain
1261,HoodPass,"Season 01 HoodPass on Robinhood Chain. This pass is the door to HoodShares: claim your included pack, open cards, and play Daily Lineup. It is a digital collectible. It is not a security, not a derivative, and not a claim on any stock or company.",hoodpass.png,https://www.hoodshares.xyz,01,HoodPass,Robinhood Chain
1262,HoodPass,"Season 01 HoodPass on Robinhood Chain. This pass is the door to HoodShares: claim your included pack, open cards, and play Daily Lineup. It is a digital collectible. It is not a security, not a derivative, and not a claim on any stock or company.",hoodpass.png,https://www.hoodshares.xyz,01,HoodPass,Robinhood Chain
1263,HoodPass,"Season 01 HoodPass on Robinhood Chain. This pass is the door to HoodShares: claim your included pack, open cards, and play Daily Lineup. It is a digital collectible. It is not a security, not a derivative, and not a claim on any stock or company.",hoodpass.png,https://www.hoodshares.xyz,01,HoodPass,Robinhood Chain
1264,HoodPass,"Season 01 HoodPass on Robinhood Chain. This pass is the door to HoodShares: claim your included pack, open cards, and play Daily Lineup. It is a digital collectible. It is not a security, not a derivative, and not a claim on any stock or company.",hoodpass.png,https://www.hoodshares.xyz,01,HoodPass,Robinhood Chain
1265,HoodPass,"Season 01 HoodPass on Robinhood Chain. This pass is the door to HoodShares: claim your included pack, open cards, and play Daily Lineup. It is a digital collectible. It is not a security, not a derivative, and not a claim on any stock or company.",hoodpass.png,https://www.hoodshares.xyz,01,HoodPass,Robinhood Chain
1266,HoodPass,"Season 01 HoodPass on Robinhood Chain. This pass is the door to HoodShares: claim your included pack, open cards, and play Daily Lineup. It is a digital collectible. It is not a security, not a derivative, and not a claim on any stock or company.",hoodpass.png,https://www.hoodshares.xyz,01,HoodPass,Robinhood Chain
1267,HoodPass,"Season 01 HoodPass on Robinhood Chain. This pass is the door to HoodShares: claim your included pack, open cards, and play Daily Lineup. It is a digital collectible. It is not a security, not a derivative, and not a claim on any stock or company.",hoodpass.png,https://www.hoodshares.xyz,01,HoodPass,Robinhood Chain
1268,HoodPass,"Season 01 HoodPass on Robinhood Chain. This pass is the door to HoodShares: claim your included pack, open cards, and play Daily Lineup. It is a digital collectible. It is not a security, not a derivative, and not a claim on any stock or company.",hoodpass.png,https://www.hoodshares.xyz,01,HoodPass,Robinhood Chain
1269,HoodPass,"Season 01 HoodPass on Robinhood Chain. This pass is the door to HoodShares: claim your included pack, open cards, and play Daily Lineup. It is a digital collectible. It is not a security, not a derivative, and not a claim on any stock or company.",hoodpass.png,https://www.hoodshares.xyz,01,HoodPass,Robinhood Chain
1270,HoodPass,"Season 01 HoodPass on Robinhood Chain. This pass is the door to HoodShares: claim your included pack, open cards, and play Daily Lineup. It is a digital collectible. It is not a security, not a derivative, and not a claim on any stock or company.",hoodpass.png,https://www.hoodshares.xyz,01,HoodPass,Robinhood Chain
1271,HoodPass,"Season 01 HoodPass on Robinhood Chain. This pass is the door to HoodShares: claim your included pack, open cards, and play Daily Lineup. It is a digital collectible. It is not a security, not a derivative, and not a claim on any stock or company.",hoodpass.png,https://www.hoodshares.xyz,01,HoodPass,Robinhood Chain
1272,HoodPass,"Season 01 HoodPass on Robinhood Chain. This pass is the door to HoodShares: claim your included pack, open cards, and play Daily Lineup. It is a digital collectible. It is not a security, not a derivative, and not a claim on any stock or company.",hoodpass.png,https://www.hoodshares.xyz,01,HoodPass,Robinhood Chain
1273,HoodPass,"Season 01 HoodPass on Robinhood Chain. This pass is the door to HoodShares: claim your included pack, open cards, and play Daily Lineup. It is a digital collectible. It is not a security, not a derivative, and not a claim on any stock or company.",hoodpass.png,https://www.hoodshares.xyz,01,HoodPass,Robinhood Chain
1274,HoodPass,"Season 01 HoodPass on Robinhood Chain. This pass is the door to HoodShares: claim your included pack, open cards, and play Daily Lineup. It is a digital collectible. It is not a security, not a derivative, and not a claim on any stock or company.",hoodpass.png,https://www.hoodshares.xyz,01,HoodPass,Robinhood Chain
1275,HoodPass,"Season 01 HoodPass on Robinhood Chain. This pass is the door to HoodShares: claim your included pack, open cards, and play Daily Lineup. It is a digital collectible. It is not a security, not a derivative, and not a claim on any stock or company.",hoodpass.png,https://www.hoodshares.xyz,01,HoodPass,Robinhood Chain
1276,HoodPass,"Season 01 HoodPass on Robinhood Chain. This pass is the door to HoodShares: claim your included pack, open cards, and play Daily Lineup. It is a digital collectible. It is not a security, not a derivative, and not a claim on any stock or company.",hoodpass.png,https://www.hoodshares.xyz,01,HoodPass,Robinhood Chain
1277,HoodPass,"Season 01 HoodPass on Robinhood Chain. This pass is the door to HoodShares: claim your included pack, open cards, and play Daily Lineup. It is a digital collectible. It is not a security, not a derivative, and not a claim on any stock or company.",hoodpass.png,https://www.hoodshares.xyz,01,HoodPass,Robinhood Chain
1278,HoodPass,"Season 01 HoodPass on Robinhood Chain. This pass is the door to HoodShares: claim your included pack, open cards, and play Daily Lineup. It is a digital collectible. It is not a security, not a derivative, and not a claim on any stock or company.",hoodpass.png,https://www.hoodshares.xyz,01,HoodPass,Robinhood Chain
1279,HoodPass,"Season 01 HoodPass on Robinhood Chain. This pass is the door to HoodShares: claim your included pack, open cards, and play Daily Lineup. It is a digital collectible. It is not a security, not a derivative, and not a claim on any stock or company.",hoodpass.png,https://www.hoodshares.xyz,01,HoodPass,Robinhood Chain
1280,HoodPass,"Season 01 HoodPass on Robinhood Chain. This pass is the door to HoodShares: claim your included pack, open cards, and play Daily Lineup. It is a digital collectible. It is not a security, not a derivative, and not a claim on any stock or company.",hoodpass.png,https://www.hoodshares.xyz,01,HoodPass,Robinhood Chain
1281,HoodPass,"Season 01 HoodPass on Robinhood Chain. This pass is the door to HoodShares: claim your included pack, open cards, and play Daily Lineup. It is a digital collectible. It is not a security, not a derivative, and not a claim on any stock or company.",hoodpass.png,https://www.hoodshares.xyz,01,HoodPass,Robinhood Chain
1282,HoodPass,"Season 01 HoodPass on Robinhood Chain. This pass is the door to HoodShares: claim your included pack, open cards, and play Daily Lineup. It is a digital collectible. It is not a security, not a derivative, and not a claim on any stock or company.",hoodpass.png,https://www.hoodshares.xyz,01,HoodPass,Robinhood Chain
1283,HoodPass,"Season 01 HoodPass on Robinhood Chain. This pass is the door to HoodShares: claim your included pack, open cards, and play Daily Lineup. It is a digital collectible. It is not a security, not a derivative, and not a claim on any stock or company.",hoodpass.png,https://www.hoodshares.xyz,01,HoodPass,Robinhood Chain
1284,HoodPass,"Season 01 HoodPass on Robinhood Chain. This pass is the door to HoodShares: claim your included pack, open cards, and play Daily Lineup. It is a digital collectible. It is not a security, not a derivative, and not a claim on any stock or company.",hoodpass.png,https://www.hoodshares.xyz,01,HoodPass,Robinhood Chain
1285,HoodPass,"Season 01 HoodPass on Robinhood Chain. This pass is the door to HoodShares: claim your included pack, open cards, and play Daily Lineup. It is a digital collectible. It is not a security, not a derivative, and not a claim on any stock or company.",hoodpass.png,https://www.hoodshares.xyz,01,HoodPass,Robinhood Chain
1286,HoodPass,"Season 01 HoodPass on Robinhood Chain. This pass is the door to HoodShares: claim your included pack, open cards, and play Daily Lineup. It is a digital collectible. It is not a security, not a derivative, and not a claim on any stock or company.",hoodpass.png,https://www.hoodshares.xyz,01,HoodPass,Robinhood Chain
1287,HoodPass,"Season 01 HoodPass on Robinhood Chain. This pass is the door to HoodShares: claim your included pack, open cards, and play Daily Lineup. It is a digital collectible. It is not a security, not a derivative, and not a claim on any stock or company.",hoodpass.png,https://www.hoodshares.xyz,01,HoodPass,Robinhood Chain
1288,HoodPass,"Season 01 HoodPass on Robinhood Chain. This pass is the door to HoodShares: claim your included pack, open cards, and play Daily Lineup. It is a digital collectible. It is not a security, not a derivative, and not a claim on any stock or company.",hoodpass.png,https://www.hoodshares.xyz,01,HoodPass,Robinhood Chain
1289,HoodPass,"Season 01 HoodPass on Robinhood Chain. This pass is the door to HoodShares: claim your included pack, open cards, and play Daily Lineup. It is a digital collectible. It is not a security, not a derivative, and not a claim on any stock or company.",hoodpass.png,https://www.hoodshares.xyz,01,HoodPass,Robinhood Chain
1290,HoodPass,"Season 01 HoodPass on Robinhood Chain. This pass is the door to HoodShares: claim your included pack, open cards, and play Daily Lineup. It is a digital collectible. It is not a security, not a derivative, and not a claim on any stock or company.",hoodpass.png,https://www.hoodshares.xyz,01,HoodPass,Robinhood Chain
1291,HoodPass,"Season 01 HoodPass on Robinhood Chain. This pass is the door to HoodShares: claim your included pack, open cards, and play Daily Lineup. It is a digital collectible. It is not a security, not a derivative, and not a claim on any stock or company.",hoodpass.png,https://www.hoodshares.xyz,01,HoodPass,Robinhood Chain
1292,HoodPass,"Season 01 HoodPass on Robinhood Chain. This pass is the door to HoodShares: claim your included pack, open cards, and play Daily Lineup. It is a digital collectible. It is not a security, not a derivative, and not a claim on any stock or company.",hoodpass.png,https://www.hoodshares.xyz,01,HoodPass,Robinhood Chain
1293,HoodPass,"Season 01 HoodPass on Robinhood Chain. This pass is the door to HoodShares: claim your included pack, open cards, and play Daily Lineup. It is a digital collectible. It is not a security, not a derivative, and not a claim on any stock or company.",hoodpass.png,https://www.hoodshares.xyz,01,HoodPass,Robinhood Chain
1294,HoodPass,"Season 01 HoodPass on Robinhood Chain. This pass is the door to HoodShares: claim your included pack, open cards, and play Daily Lineup. It is a digital collectible. It is not a security, not a derivative, and not a claim on any stock or company.",hoodpass.png,https://www.hoodshares.xyz,01,HoodPass,Robinhood Chain
1295,HoodPass,"Season 01 HoodPass on Robinhood Chain. This pass is the door to HoodShares: claim your included pack, open cards, and play Daily Lineup. It is a digital collectible. It is not a security, not a derivative, and not a claim on any stock or company.",hoodpass.png,https://www.hoodshares.xyz,01,HoodPass,Robinhood Chain
1296,HoodPass,"Season 01 HoodPass on Robinhood Chain. This pass is the door to HoodShares: claim your included pack, open cards, and play Daily Lineup. It is a digital collectible. It is not a security, not a derivative, and not a claim on any stock or company.",hoodpass.png,https://www.hoodshares.xyz,01,HoodPass,Robinhood Chain
1297,HoodPass,"Season 01 HoodPass on Robinhood Chain. This pass is the door to HoodShares: claim your included pack, open cards, and play Daily Lineup. It is a digital collectible. It is not a security, not a derivative, and not a claim on any stock or company.",hoodpass.png,https://www.hoodshares.xyz,01,HoodPass,Robinhood Chain
1298,HoodPass,"Season 01 HoodPass on Robinhood Chain. This pass is the door to HoodShares: claim your included pack, open cards, and play Daily Lineup. It is a digital collectible. It is not a security, not a derivative, and not a claim on any stock or company.",hoodpass.png,https://www.hoodshares.xyz,01,HoodPass,Robinhood Chain
1299,HoodPass,"Season 01 HoodPass on Robinhood Chain. This pass is the door to HoodShares: claim your included pack, open cards, and play Daily Lineup. It is a digital collectible. It is not a security, not a derivative, and not a claim on any stock or company.",hoodpass.png,https://www.hoodshares.xyz,01,HoodPass,Robinhood Chain
1300,HoodPass,"Season 01 HoodPass on Robinhood Chain. This pass is the door to HoodShares: claim your included pack, open cards, and play Daily Lineup. It is a digital collectible. It is not a security, not a derivative, and not a claim on any stock or company.",hoodpass.png,https://www.hoodshares.xyz,01,HoodPass,Robinhood Chain
1301,HoodPass,"Season 01 HoodPass on Robinhood Chain. This pass is the door to HoodShares: claim your included pack, open cards, and play Daily Lineup. It is a digital collectible. It is not a security, not a derivative, and not a claim on any stock or company.",hoodpass.png,https://www.hoodshares.xyz,01,HoodPass,Robinhood Chain
1302,HoodPass,"Season 01 HoodPass on Robinhood Chain. This pass is the door to HoodShares: claim your included pack, open cards, and play Daily Lineup. It is a digital collectible. It is not a security, not a derivative, and not a claim on any stock or company.",hoodpass.png,https://www.hoodshares.xyz,01,HoodPass,Robinhood Chain
1303,HoodPass,"Season 01 HoodPass on Robinhood Chain. This pass is the door to HoodShares: claim your included pack, open cards, and play Daily Lineup. It is a digital collectible. It is not a security, not a derivative, and not a claim on any stock or company.",hoodpass.png,https://www.hoodshares.xyz,01,HoodPass,Robinhood Chain
1304,HoodPass,"Season 01 HoodPass on Robinhood Chain. This pass is the door to HoodShares: claim your included pack, open cards, and play Daily Lineup. It is a digital collectible. It is not a security, not a derivative, and not a claim on any stock or company.",hoodpass.png,https://www.hoodshares.xyz,01,HoodPass,Robinhood Chain
1305,HoodPass,"Season 01 HoodPass on Robinhood Chain. This pass is the door to HoodShares: claim your included pack, open cards, and play Daily Lineup. It is a digital collectible. It is not a security, not a derivative, and not a claim on any stock or company.",hoodpass.png,https://www.hoodshares.xyz,01,HoodPass,Robinhood Chain
1306,HoodPass,"Season 01 HoodPass on Robinhood Chain. This pass is the door to HoodShares: claim your included pack, open cards, and play Daily Lineup. It is a digital collectible. It is not a security, not a derivative, and not a claim on any stock or company.",hoodpass.png,https://www.hoodshares.xyz,01,HoodPass,Robinhood Chain
1307,HoodPass,"Season 01 HoodPass on Robinhood Chain. This pass is the door to HoodShares: claim your included pack, open cards, and play Daily Lineup. It is a digital collectible. It is not a security, not a derivative, and not a claim on any stock or company.",hoodpass.png,https://www.hoodshares.xyz,01,HoodPass,Robinhood Chain
1308,HoodPass,"Season 01 HoodPass on Robinhood Chain. This pass is the door to HoodShares: claim your included pack, open cards, and play Daily Lineup. It is a digital collectible. It is not a security, not a derivative, and not a claim on any stock or company.",hoodpass.png,https://www.hoodshares.xyz,01,HoodPass,Robinhood Chain
1309,HoodPass,"Season 01 HoodPass on Robinhood Chain. This pass is the door to HoodShares: claim your included pack, open cards, and play Daily Lineup. It is a digital collectible. It is not a security, not a derivative, and not a claim on any stock or company.",hoodpass.png,https://www.hoodshares.xyz,01,HoodPass,Robinhood Chain
1310,HoodPass,"Season 01 HoodPass on Robinhood Chain. This pass is the door to HoodShares: claim your included pack, open cards, and play Daily Lineup. It is a digital collectible. It is not a security, not a derivative, and not a claim on any stock or company.",hoodpass.png,https://www.hoodshares.xyz,01,HoodPass,Robinhood Chain
1311,HoodPass,"Season 01 HoodPass on Robinhood Chain. This pass is the door to HoodShares: claim your included pack, open cards, and play Daily Lineup. It is a digital collectible. It is not a security, not a derivative, and not a claim on any stock or company.",hoodpass.png,https://www.hoodshares.xyz,01,HoodPass,Robinhood Chain
1312,HoodPass,"Season 01 HoodPass on Robinhood Chain. This pass is the door to HoodShares: claim your included pack, open cards, and play Daily Lineup. It is a digital collectible. It is not a security, not a derivative, and not a claim on any stock or company.",hoodpass.png,https://www.hoodshares.xyz,01,HoodPass,Robinhood Chain
1313,HoodPass,"Season 01 HoodPass on Robinhood Chain. This pass is the door to HoodShares: claim your included pack, open cards, and play Daily Lineup. It is a digital collectible. It is not a security, not a derivative, and not a claim on any stock or company.",hoodpass.png,https://www.hoodshares.xyz,01,HoodPass,Robinhood Chain
1314,HoodPass,"Season 01 HoodPass on Robinhood Chain. This pass is the door to HoodShares: claim your included pack, open cards, and play Daily Lineup. It is a digital collectible. It is not a security, not a derivative, and not a claim on any stock or company.",hoodpass.png,https://www.hoodshares.xyz,01,HoodPass,Robinhood Chain
1315,HoodPass,"Season 01 HoodPass on Robinhood Chain. This pass is the door to HoodShares: claim your included pack, open cards, and play Daily Lineup. It is a digital collectible. It is not a security, not a derivative, and not a claim on any stock or company.",hoodpass.png,https://www.hoodshares.xyz,01,HoodPass,Robinhood Chain
1316,HoodPass,"Season 01 HoodPass on Robinhood Chain. This pass is the door to HoodShares: claim your included pack, open cards, and play Daily Lineup. It is a digital collectible. It is not a security, not a derivative, and not a claim on any stock or company.",hoodpass.png,https://www.hoodshares.xyz,01,HoodPass,Robinhood Chain
1317,HoodPass,"Season 01 HoodPass on Robinhood Chain. This pass is the door to HoodShares: claim your included pack, open cards, and play Daily Lineup. It is a digital collectible. It is not a security, not a derivative, and not a claim on any stock or company.",hoodpass.png,https://www.hoodshares.xyz,01,HoodPass,Robinhood Chain
1318,HoodPass,"Season 01 HoodPass on Robinhood Chain. This pass is the door to HoodShares: claim your included pack, open cards, and play Daily Lineup. It is a digital collectible. It is not a security, not a derivative, and not a claim on any stock or company.",hoodpass.png,https://www.hoodshares.xyz,01,HoodPass,Robinhood Chain
1319,HoodPass,"Season 01 HoodPass on Robinhood Chain. This pass is the door to HoodShares: claim your included pack, open cards, and play Daily Lineup. It is a digital collectible. It is not a security, not a derivative, and not a claim on any stock or company.",hoodpass.png,https://www.hoodshares.xyz,01,HoodPass,Robinhood Chain
1320,HoodPass,"Season 01 HoodPass on Robinhood Chain. This pass is the door to HoodShares: claim your included pack, open cards, and play Daily Lineup. It is a digital collectible. It is not a security, not a derivative, and not a claim on any stock or company.",hoodpass.png,https://www.hoodshares.xyz,01,HoodPass,Robinhood Chain
1321,HoodPass,"Season 01 HoodPass on Robinhood Chain. This pass is the door to HoodShares: claim your included pack, open cards, and play Daily Lineup. It is a digital collectible. It is not a security, not a derivative, and not a claim on any stock or company.",hoodpass.png,https://www.hoodshares.xyz,01,HoodPass,Robinhood Chain
1322,HoodPass,"Season 01 HoodPass on Robinhood Chain. This pass is the door to HoodShares: claim your included pack, open cards, and play Daily Lineup. It is a digital collectible. It is not a security, not a derivative, and not a claim on any stock or company.",hoodpass.png,https://www.hoodshares.xyz,01,HoodPass,Robinhood Chain
1323,HoodPass,"Season 01 HoodPass on Robinhood Chain. This pass is the door to HoodShares: claim your included pack, open cards, and play Daily Lineup. It is a digital collectible. It is not a security, not a derivative, and not a claim on any stock or company.",hoodpass.png,https://www.hoodshares.xyz,01,HoodPass,Robinhood Chain
1324,HoodPass,"Season 01 HoodPass on Robinhood Chain. This pass is the door to HoodShares: claim your included pack, open cards, and play Daily Lineup. It is a digital collectible. It is not a security, not a derivative, and not a claim on any stock or company.",hoodpass.png,https://www.hoodshares.xyz,01,HoodPass,Robinhood Chain
1325,HoodPass,"Season 01 HoodPass on Robinhood Chain. This pass is the door to HoodShares: claim your included pack, open cards, and play Daily Lineup. It is a digital collectible. It is not a security, not a derivative, and not a claim on any stock or company.",hoodpass.png,https://www.hoodshares.xyz,01,HoodPass,Robinhood Chain
1326,HoodPass,"Season 01 HoodPass on Robinhood Chain. This pass is the door to HoodShares: claim your included pack, open cards, and play Daily Lineup. It is a digital collectible. It is not a security, not a derivative, and not a claim on any stock or company.",hoodpass.png,https://www.hoodshares.xyz,01,HoodPass,Robinhood Chain
1327,HoodPass,"Season 01 HoodPass on Robinhood Chain. This pass is the door to HoodShares: claim your included pack, open cards, and play Daily Lineup. It is a digital collectible. It is not a security, not a derivative, and not a claim on any stock or company.",hoodpass.png,https://www.hoodshares.xyz,01,HoodPass,Robinhood Chain
1328,HoodPass,"Season 01 HoodPass on Robinhood Chain. This pass is the door to HoodShares: claim your included pack, open cards, and play Daily Lineup. It is a digital collectible. It is not a security, not a derivative, and not a claim on any stock or company.",hoodpass.png,https://www.hoodshares.xyz,01,HoodPass,Robinhood Chain
1329,HoodPass,"Season 01 HoodPass on Robinhood Chain. This pass is the door to HoodShares: claim your included pack, open cards, and play Daily Lineup. It is a digital collectible. It is not a security, not a derivative, and not a claim on any stock or company.",hoodpass.png,https://www.hoodshares.xyz,01,HoodPass,Robinhood Chain
1330,HoodPass,"Season 01 HoodPass on Robinhood Chain. This pass is the door to HoodShares: claim your included pack, open cards, and play Daily Lineup. It is a digital collectible. It is not a security, not a derivative, and not a claim on any stock or company.",hoodpass.png,https://www.hoodshares.xyz,01,HoodPass,Robinhood Chain
1331,HoodPass,"Season 01 HoodPass on Robinhood Chain. This pass is the door to HoodShares: claim your included pack, open cards, and play Daily Lineup. It is a digital collectible. It is not a security, not a derivative, and not a claim on any stock or company.",hoodpass.png,https://www.hoodshares.xyz,01,HoodPass,Robinhood Chain
1332,HoodPass,"Season 01 HoodPass on Robinhood Chain. This pass is the door to HoodShares: claim your included pack, open cards, and play Daily Lineup. It is a digital collectible. It is not a security, not a derivative, and not a claim on any stock or company.",hoodpass.png,https://www.hoodshares.xyz,01,HoodPass,Robinhood Chain
1333,HoodPass,"Season 01 HoodPass on Robinhood Chain. This pass is the door to HoodShares: claim your included pack, open cards, and play Daily Lineup. It is a digital collectible. It is not a security, not a derivative, and not a claim on any stock or company.",hoodpass.png,https://www.hoodshares.xyz,01,HoodPass,Robinhood Chain
1334,HoodPass,"Season 01 HoodPass on Robinhood Chain. This pass is the door to HoodShares: claim your included pack, open cards, and play Daily Lineup. It is a digital collectible. It is not a security, not a derivative, and not a claim on any stock or company.",hoodpass.png,https://www.hoodshares.xyz,01,HoodPass,Robinhood Chain
1335,HoodPass,"Season 01 HoodPass on Robinhood Chain. This pass is the door to HoodShares: claim your included pack, open cards, and play Daily Lineup. It is a digital collectible. It is not a security, not a derivative, and not a claim on any stock or company.",hoodpass.png,https://www.hoodshares.xyz,01,HoodPass,Robinhood Chain
1336,HoodPass,"Season 01 HoodPass on Robinhood Chain. This pass is the door to HoodShares: claim your included pack, open cards, and play Daily Lineup. It is a digital collectible. It is not a security, not a derivative, and not a claim on any stock or company.",hoodpass.png,https://www.hoodshares.xyz,01,HoodPass,Robinhood Chain
1337,HoodPass,"Season 01 HoodPass on Robinhood Chain. This pass is the door to HoodShares: claim your included pack, open cards, and play Daily Lineup. It is a digital collectible. It is not a security, not a derivative, and not a claim on any stock or company.",hoodpass.png,https://www.hoodshares.xyz,01,HoodPass,Robinhood Chain
1338,HoodPass,"Season 01 HoodPass on Robinhood Chain. This pass is the door to HoodShares: claim your included pack, open cards, and play Daily Lineup. It is a digital collectible. It is not a security, not a derivative, and not a claim on any stock or company.",hoodpass.png,https://www.hoodshares.xyz,01,HoodPass,Robinhood Chain
1339,HoodPass,"Season 01 HoodPass on Robinhood Chain. This pass is the door to HoodShares: claim your included pack, open cards, and play Daily Lineup. It is a digital collectible. It is not a security, not a derivative, and not a claim on any stock or company.",hoodpass.png,https://www.hoodshares.xyz,01,HoodPass,Robinhood Chain
1340,HoodPass,"Season 01 HoodPass on Robinhood Chain. This pass is the door to HoodShares: claim your included pack, open cards, and play Daily Lineup. It is a digital collectible. It is not a security, not a derivative, and not a claim on any stock or company.",hoodpass.png,https://www.hoodshares.xyz,01,HoodPass,Robinhood Chain
1341,HoodPass,"Season 01 HoodPass on Robinhood Chain. This pass is the door to HoodShares: claim your included pack, open cards, and play Daily Lineup. It is a digital collectible. It is not a security, not a derivative, and not a claim on any stock or company.",hoodpass.png,https://www.hoodshares.xyz,01,HoodPass,Robinhood Chain
1342,HoodPass,"Season 01 HoodPass on Robinhood Chain. This pass is the door to HoodShares: claim your included pack, open cards, and play Daily Lineup. It is a digital collectible. It is not a security, not a derivative, and not a claim on any stock or company.",hoodpass.png,https://www.hoodshares.xyz,01,HoodPass,Robinhood Chain
1343,HoodPass,"Season 01 HoodPass on Robinhood Chain. This pass is the door to HoodShares: claim your included pack, open cards, and play Daily Lineup. It is a digital collectible. It is not a security, not a derivative, and not a claim on any stock or company.",hoodpass.png,https://www.hoodshares.xyz,01,HoodPass,Robinhood Chain
1344,HoodPass,"Season 01 HoodPass on Robinhood Chain. This pass is the door to HoodShares: claim your included pack, open cards, and play Daily Lineup. It is a digital collectible. It is not a security, not a derivative, and not a claim on any stock or company.",hoodpass.png,https://www.hoodshares.xyz,01,HoodPass,Robinhood Chain
1345,HoodPass,"Season 01 HoodPass on Robinhood Chain. This pass is the door to HoodShares: claim your included pack, open cards, and play Daily Lineup. It is a digital collectible. It is not a security, not a derivative, and not a claim on any stock or company.",hoodpass.png,https://www.hoodshares.xyz,01,HoodPass,Robinhood Chain
1346,HoodPass,"Season 01 HoodPass on Robinhood Chain. This pass is the door to HoodShares: claim your included pack, open cards, and play Daily Lineup. It is a digital collectible. It is not a security, not a derivative, and not a claim on any stock or company.",hoodpass.png,https://www.hoodshares.xyz,01,HoodPass,Robinhood Chain
1347,HoodPass,"Season 01 HoodPass on Robinhood Chain. This pass is the door to HoodShares: claim your included pack, open cards, and play Daily Lineup. It is a digital collectible. It is not a security, not a derivative, and not a claim on any stock or company.",hoodpass.png,https://www.hoodshares.xyz,01,HoodPass,Robinhood Chain
1348,HoodPass,"Season 01 HoodPass on Robinhood Chain. This pass is the door to HoodShares: claim your included pack, open cards, and play Daily Lineup. It is a digital collectible. It is not a security, not a derivative, and not a claim on any stock or company.",hoodpass.png,https://www.hoodshares.xyz,01,HoodPass,Robinhood Chain
1349,HoodPass,"Season 01 HoodPass on Robinhood Chain. This pass is the door to HoodShares: claim your included pack, open cards, and play Daily Lineup. It is a digital collectible. It is not a security, not a derivative, and not a claim on any stock or company.",hoodpass.png,https://www.hoodshares.xyz,01,HoodPass,Robinhood Chain
1350,HoodPass,"Season 01 HoodPass on Robinhood Chain. This pass is the door to HoodShares: claim your included pack, open cards, and play Daily Lineup. It is a digital collectible. It is not a security, not a derivative, and not a claim on any stock or company.",hoodpass.png,https://www.hoodshares.xyz,01,HoodPass,Robinhood Chain
1351,HoodPass,"Season 01 HoodPass on Robinhood Chain. This pass is the door to HoodShares: claim your included pack, open cards, and play Daily Lineup. It is a digital collectible. It is not a security, not a derivative, and not a claim on any stock or company.",hoodpass.png,https://www.hoodshares.xyz,01,HoodPass,Robinhood Chain
1352,HoodPass,"Season 01 HoodPass on Robinhood Chain. This pass is the door to HoodShares: claim your included pack, open cards, and play Daily Lineup. It is a digital collectible. It is not a security, not a derivative, and not a claim on any stock or company.",hoodpass.png,https://www.hoodshares.xyz,01,HoodPass,Robinhood Chain
1353,HoodPass,"Season 01 HoodPass on Robinhood Chain. This pass is the door to HoodShares: claim your included pack, open cards, and play Daily Lineup. It is a digital collectible. It is not a security, not a derivative, and not a claim on any stock or company.",hoodpass.png,https://www.hoodshares.xyz,01,HoodPass,Robinhood Chain
1354,HoodPass,"Season 01 HoodPass on Robinhood Chain. This pass is the door to HoodShares: claim your included pack, open cards, and play Daily Lineup. It is a digital collectible. It is not a security, not a derivative, and not a claim on any stock or company.",hoodpass.png,https://www.hoodshares.xyz,01,HoodPass,Robinhood Chain
1355,HoodPass,"Season 01 HoodPass on Robinhood Chain. This pass is the door to HoodShares: claim your included pack, open cards, and play Daily Lineup. It is a digital collectible. It is not a security, not a derivative, and not a claim on any stock or company.",hoodpass.png,https://www.hoodshares.xyz,01,HoodPass,Robinhood Chain
1356,HoodPass,"Season 01 HoodPass on Robinhood Chain. This pass is the door to HoodShares: claim your included pack, open cards, and play Daily Lineup. It is a digital collectible. It is not a security, not a derivative, and not a claim on any stock or company.",hoodpass.png,https://www.hoodshares.xyz,01,HoodPass,Robinhood Chain
1357,HoodPass,"Season 01 HoodPass on Robinhood Chain. This pass is the door to HoodShares: claim your included pack, open cards, and play Daily Lineup. It is a digital collectible. It is not a security, not a derivative, and not a claim on any stock or company.",hoodpass.png,https://www.hoodshares.xyz,01,HoodPass,Robinhood Chain
1358,HoodPass,"Season 01 HoodPass on Robinhood Chain. This pass is the door to HoodShares: claim your included pack, open cards, and play Daily Lineup. It is a digital collectible. It is not a security, not a derivative, and not a claim on any stock or company.",hoodpass.png,https://www.hoodshares.xyz,01,HoodPass,Robinhood Chain
1359,HoodPass,"Season 01 HoodPass on Robinhood Chain. This pass is the door to HoodShares: claim your included pack, open cards, and play Daily Lineup. It is a digital collectible. It is not a security, not a derivative, and not a claim on any stock or company.",hoodpass.png,https://www.hoodshares.xyz,01,HoodPass,Robinhood Chain
1360,HoodPass,"Season 01 HoodPass on Robinhood Chain. This pass is the door to HoodShares: claim your included pack, open cards, and play Daily Lineup. It is a digital collectible. It is not a security, not a derivative, and not a claim on any stock or company.",hoodpass.png,https://www.hoodshares.xyz,01,HoodPass,Robinhood Chain
1361,HoodPass,"Season 01 HoodPass on Robinhood Chain. This pass is the door to HoodShares: claim your included pack, open cards, and play Daily Lineup. It is a digital collectible. It is not a security, not a derivative, and not a claim on any stock or company.",hoodpass.png,https://www.hoodshares.xyz,01,HoodPass,Robinhood Chain
1362,HoodPass,"Season 01 HoodPass on Robinhood Chain. This pass is the door to HoodShares: claim your included pack, open cards, and play Daily Lineup. It is a digital collectible. It is not a security, not a derivative, and not a claim on any stock or company.",hoodpass.png,https://www.hoodshares.xyz,01,HoodPass,Robinhood Chain
1363,HoodPass,"Season 01 HoodPass on Robinhood Chain. This pass is the door to HoodShares: claim your included pack, open cards, and play Daily Lineup. It is a digital collectible. It is not a security, not a derivative, and not a claim on any stock or company.",hoodpass.png,https://www.hoodshares.xyz,01,HoodPass,Robinhood Chain
1364,HoodPass,"Season 01 HoodPass on Robinhood Chain. This pass is the door to HoodShares: claim your included pack, open cards, and play Daily Lineup. It is a digital collectible. It is not a security, not a derivative, and not a claim on any stock or company.",hoodpass.png,https://www.hoodshares.xyz,01,HoodPass,Robinhood Chain
1365,HoodPass,"Season 01 HoodPass on Robinhood Chain. This pass is the door to HoodShares: claim your included pack, open cards, and play Daily Lineup. It is a digital collectible. It is not a security, not a derivative, and not a claim on any stock or company.",hoodpass.png,https://www.hoodshares.xyz,01,HoodPass,Robinhood Chain
1366,HoodPass,"Season 01 HoodPass on Robinhood Chain. This pass is the door to HoodShares: claim your included pack, open cards, and play Daily Lineup. It is a digital collectible. It is not a security, not a derivative, and not a claim on any stock or company.",hoodpass.png,https://www.hoodshares.xyz,01,HoodPass,Robinhood Chain
1367,HoodPass,"Season 01 HoodPass on Robinhood Chain. This pass is the door to HoodShares: claim your included pack, open cards, and play Daily Lineup. It is a digital collectible. It is not a security, not a derivative, and not a claim on any stock or company.",hoodpass.png,https://www.hoodshares.xyz,01,HoodPass,Robinhood Chain
1368,HoodPass,"Season 01 HoodPass on Robinhood Chain. This pass is the door to HoodShares: claim your included pack, open cards, and play Daily Lineup. It is a digital collectible. It is not a security, not a derivative, and not a claim on any stock or company.",hoodpass.png,https://www.hoodshares.xyz,01,HoodPass,Robinhood Chain
1369,HoodPass,"Season 01 HoodPass on Robinhood Chain. This pass is the door to HoodShares: claim your included pack, open cards, and play Daily Lineup. It is a digital collectible. It is not a security, not a derivative, and not a claim on any stock or company.",hoodpass.png,https://www.hoodshares.xyz,01,HoodPass,Robinhood Chain
1370,HoodPass,"Season 01 HoodPass on Robinhood Chain. This pass is the door to HoodShares: claim your included pack, open cards, and play Daily Lineup. It is a digital collectible. It is not a security, not a derivative, and not a claim on any stock or company.",hoodpass.png,https://www.hoodshares.xyz,01,HoodPass,Robinhood Chain
1371,HoodPass,"Season 01 HoodPass on Robinhood Chain. This pass is the door to HoodShares: claim your included pack, open cards, and play Daily Lineup. It is a digital collectible. It is not a security, not a derivative, and not a claim on any stock or company.",hoodpass.png,https://www.hoodshares.xyz,01,HoodPass,Robinhood Chain
1372,HoodPass,"Season 01 HoodPass on Robinhood Chain. This pass is the door to HoodShares: claim your included pack, open cards, and play Daily Lineup. It is a digital collectible. It is not a security, not a derivative, and not a claim on any stock or company.",hoodpass.png,https://www.hoodshares.xyz,01,HoodPass,Robinhood Chain
1373,HoodPass,"Season 01 HoodPass on Robinhood Chain. This pass is the door to HoodShares: claim your included pack, open cards, and play Daily Lineup. It is a digital collectible. It is not a security, not a derivative, and not a claim on any stock or company.",hoodpass.png,https://www.hoodshares.xyz,01,HoodPass,Robinhood Chain
1374,HoodPass,"Season 01 HoodPass on Robinhood Chain. This pass is the door to HoodShares: claim your included pack, open cards, and play Daily Lineup. It is a digital collectible. It is not a security, not a derivative, and not a claim on any stock or company.",hoodpass.png,https://www.hoodshares.xyz,01,HoodPass,Robinhood Chain
1375,HoodPass,"Season 01 HoodPass on Robinhood Chain. This pass is the door to HoodShares: claim your included pack, open cards, and play Daily Lineup. It is a digital collectible. It is not a security, not a derivative, and not a claim on any stock or company.",hoodpass.png,https://www.hoodshares.xyz,01,HoodPass,Robinhood Chain
1376,HoodPass,"Season 01 HoodPass on Robinhood Chain. This pass is the door to HoodShares: claim your included pack, open cards, and play Daily Lineup. It is a digital collectible. It is not a security, not a derivative, and not a claim on any stock or company.",hoodpass.png,https://www.hoodshares.xyz,01,HoodPass,Robinhood Chain
1377,HoodPass,"Season 01 HoodPass on Robinhood Chain. This pass is the door to HoodShares: claim your included pack, open cards, and play Daily Lineup. It is a digital collectible. It is not a security, not a derivative, and not a claim on any stock or company.",hoodpass.png,https://www.hoodshares.xyz,01,HoodPass,Robinhood Chain
1378,HoodPass,"Season 01 HoodPass on Robinhood Chain. This pass is the door to HoodShares: claim your included pack, open cards, and play Daily Lineup. It is a digital collectible. It is not a security, not a derivative, and not a claim on any stock or company.",hoodpass.png,https://www.hoodshares.xyz,01,HoodPass,Robinhood Chain
1379,HoodPass,"Season 01 HoodPass on Robinhood Chain. This pass is the door to HoodShares: claim your included pack, open cards, and play Daily Lineup. It is a digital collectible. It is not a security, not a derivative, and not a claim on any stock or company.",hoodpass.png,https://www.hoodshares.xyz,01,HoodPass,Robinhood Chain
1380,HoodPass,"Season 01 HoodPass on Robinhood Chain. This pass is the door to HoodShares: claim your included pack, open cards, and play Daily Lineup. It is a digital collectible. It is not a security, not a derivative, and not a claim on any stock or company.",hoodpass.png,https://www.hoodshares.xyz,01,HoodPass,Robinhood Chain
1381,HoodPass,"Season 01 HoodPass on Robinhood Chain. This pass is the door to HoodShares: claim your included pack, open cards, and play Daily Lineup. It is a digital collectible. It is not a security, not a derivative, and not a claim on any stock or company.",hoodpass.png,https://www.hoodshares.xyz,01,HoodPass,Robinhood Chain
1382,HoodPass,"Season 01 HoodPass on Robinhood Chain. This pass is the door to HoodShares: claim your included pack, open cards, and play Daily Lineup. It is a digital collectible. It is not a security, not a derivative, and not a claim on any stock or company.",hoodpass.png,https://www.hoodshares.xyz,01,HoodPass,Robinhood Chain
1383,HoodPass,"Season 01 HoodPass on Robinhood Chain. This pass is the door to HoodShares: claim your included pack, open cards, and play Daily Lineup. It is a digital collectible. It is not a security, not a derivative, and not a claim on any stock or company.",hoodpass.png,https://www.hoodshares.xyz,01,HoodPass,Robinhood Chain
1384,HoodPass,"Season 01 HoodPass on Robinhood Chain. This pass is the door to HoodShares: claim your included pack, open cards, and play Daily Lineup. It is a digital collectible. It is not a security, not a derivative, and not a claim on any stock or company.",hoodpass.png,https://www.hoodshares.xyz,01,HoodPass,Robinhood Chain
1385,HoodPass,"Season 01 HoodPass on Robinhood Chain. This pass is the door to HoodShares: claim your included pack, open cards, and play Daily Lineup. It is a digital collectible. It is not a security, not a derivative, and not a claim on any stock or company.",hoodpass.png,https://www.hoodshares.xyz,01,HoodPass,Robinhood Chain
1386,HoodPass,"Season 01 HoodPass on Robinhood Chain. This pass is the door to HoodShares: claim your included pack, open cards, and play Daily Lineup. It is a digital collectible. It is not a security, not a derivative, and not a claim on any stock or company.",hoodpass.png,https://www.hoodshares.xyz,01,HoodPass,Robinhood Chain
1387,HoodPass,"Season 01 HoodPass on Robinhood Chain. This pass is the door to HoodShares: claim your included pack, open cards, and play Daily Lineup. It is a digital collectible. It is not a security, not a derivative, and not a claim on any stock or company.",hoodpass.png,https://www.hoodshares.xyz,01,HoodPass,Robinhood Chain
1388,HoodPass,"Season 01 HoodPass on Robinhood Chain. This pass is the door to HoodShares: claim your included pack, open cards, and play Daily Lineup. It is a digital collectible. It is not a security, not a derivative, and not a claim on any stock or company.",hoodpass.png,https://www.hoodshares.xyz,01,HoodPass,Robinhood Chain
1389,HoodPass,"Season 01 HoodPass on Robinhood Chain. This pass is the door to HoodShares: claim your included pack, open cards, and play Daily Lineup. It is a digital collectible. It is not a security, not a derivative, and not a claim on any stock or company.",hoodpass.png,https://www.hoodshares.xyz,01,HoodPass,Robinhood Chain
1390,HoodPass,"Season 01 HoodPass on Robinhood Chain. This pass is the door to HoodShares: claim your included pack, open cards, and play Daily Lineup. It is a digital collectible. It is not a security, not a derivative, and not a claim on any stock or company.",hoodpass.png,https://www.hoodshares.xyz,01,HoodPass,Robinhood Chain
1391,HoodPass,"Season 01 HoodPass on Robinhood Chain. This pass is the door to HoodShares: claim your included pack, open cards, and play Daily Lineup. It is a digital collectible. It is not a security, not a derivative, and not a claim on any stock or company.",hoodpass.png,https://www.hoodshares.xyz,01,HoodPass,Robinhood Chain
1392,HoodPass,"Season 01 HoodPass on Robinhood Chain. This pass is the door to HoodShares: claim your included pack, open cards, and play Daily Lineup. It is a digital collectible. It is not a security, not a derivative, and not a claim on any stock or company.",hoodpass.png,https://www.hoodshares.xyz,01,HoodPass,Robinhood Chain
1393,HoodPass,"Season 01 HoodPass on Robinhood Chain. This pass is the door to HoodShares: claim your included pack, open cards, and play Daily Lineup. It is a digital collectible. It is not a security, not a derivative, and not a claim on any stock or company.",hoodpass.png,https://www.hoodshares.xyz,01,HoodPass,Robinhood Chain
1394,HoodPass,"Season 01 HoodPass on Robinhood Chain. This pass is the door to HoodShares: claim your included pack, open cards, and play Daily Lineup. It is a digital collectible. It is not a security, not a derivative, and not a claim on any stock or company.",hoodpass.png,https://www.hoodshares.xyz,01,HoodPass,Robinhood Chain
1395,HoodPass,"Season 01 HoodPass on Robinhood Chain. This pass is the door to HoodShares: claim your included pack, open cards, and play Daily Lineup. It is a digital collectible. It is not a security, not a derivative, and not a claim on any stock or company.",hoodpass.png,https://www.hoodshares.xyz,01,HoodPass,Robinhood Chain
1396,HoodPass,"Season 01 HoodPass on Robinhood Chain. This pass is the door to HoodShares: claim your included pack, open cards, and play Daily Lineup. It is a digital collectible. It is not a security, not a derivative, and not a claim on any stock or company.",hoodpass.png,https://www.hoodshares.xyz,01,HoodPass,Robinhood Chain
1397,HoodPass,"Season 01 HoodPass on Robinhood Chain. This pass is the door to HoodShares: claim your included pack, open cards, and play Daily Lineup. It is a digital collectible. It is not a security, not a derivative, and not a claim on any stock or company.",hoodpass.png,https://www.hoodshares.xyz,01,HoodPass,Robinhood Chain
1398,HoodPass,"Season 01 HoodPass on Robinhood Chain. This pass is the door to HoodShares: claim your included pack, open cards, and play Daily Lineup. It is a digital collectible. It is not a security, not a derivative, and not a claim on any stock or company.",hoodpass.png,https://www.hoodshares.xyz,01,HoodPass,Robinhood Chain
1399,HoodPass,"Season 01 HoodPass on Robinhood Chain. This pass is the door to HoodShares: claim your included pack, open cards, and play Daily Lineup. It is a digital collectible. It is not a security, not a derivative, and not a claim on any stock or company.",hoodpass.png,https://www.hoodshares.xyz,01,HoodPass,Robinhood Chain
1400,HoodPass,"Season 01 HoodPass on Robinhood Chain. This pass is the door to HoodShares: claim your included pack, open cards, and play Daily Lineup. It is a digital collectible. It is not a security, not a derivative, and not a claim on any stock or company.",hoodpass.png,https://www.hoodshares.xyz,01,HoodPass,Robinhood Chain
1401,HoodPass,"Season 01 HoodPass on Robinhood Chain. This pass is the door to HoodShares: claim your included pack, open cards, and play Daily Lineup. It is a digital collectible. It is not a security, not a derivative, and not a claim on any stock or company.",hoodpass.png,https://www.hoodshares.xyz,01,HoodPass,Robinhood Chain
1402,HoodPass,"Season 01 HoodPass on Robinhood Chain. This pass is the door to HoodShares: claim your included pack, open cards, and play Daily Lineup. It is a digital collectible. It is not a security, not a derivative, and not a claim on any stock or company.",hoodpass.png,https://www.hoodshares.xyz,01,HoodPass,Robinhood Chain
1403,HoodPass,"Season 01 HoodPass on Robinhood Chain. This pass is the door to HoodShares: claim your included pack, open cards, and play Daily Lineup. It is a digital collectible. It is not a security, not a derivative, and not a claim on any stock or company.",hoodpass.png,https://www.hoodshares.xyz,01,HoodPass,Robinhood Chain
1404,HoodPass,"Season 01 HoodPass on Robinhood Chain. This pass is the door to HoodShares: claim your included pack, open cards, and play Daily Lineup. It is a digital collectible. It is not a security, not a derivative, and not a claim on any stock or company.",hoodpass.png,https://www.hoodshares.xyz,01,HoodPass,Robinhood Chain
1405,HoodPass,"Season 01 HoodPass on Robinhood Chain. This pass is the door to HoodShares: claim your included pack, open cards, and play Daily Lineup. It is a digital collectible. It is not a security, not a derivative, and not a claim on any stock or company.",hoodpass.png,https://www.hoodshares.xyz,01,HoodPass,Robinhood Chain
1406,HoodPass,"Season 01 HoodPass on Robinhood Chain. This pass is the door to HoodShares: claim your included pack, open cards, and play Daily Lineup. It is a digital collectible. It is not a security, not a derivative, and not a claim on any stock or company.",hoodpass.png,https://www.hoodshares.xyz,01,HoodPass,Robinhood Chain
1407,HoodPass,"Season 01 HoodPass on Robinhood Chain. This pass is the door to HoodShares: claim your included pack, open cards, and play Daily Lineup. It is a digital collectible. It is not a security, not a derivative, and not a claim on any stock or company.",hoodpass.png,https://www.hoodshares.xyz,01,HoodPass,Robinhood Chain
1408,HoodPass,"Season 01 HoodPass on Robinhood Chain. This pass is the door to HoodShares: claim your included pack, open cards, and play Daily Lineup. It is a digital collectible. It is not a security, not a derivative, and not a claim on any stock or company.",hoodpass.png,https://www.hoodshares.xyz,01,HoodPass,Robinhood Chain
1409,HoodPass,"Season 01 HoodPass on Robinhood Chain. This pass is the door to HoodShares: claim your included pack, open cards, and play Daily Lineup. It is a digital collectible. It is not a security, not a derivative, and not a claim on any stock or company.",hoodpass.png,https://www.hoodshares.xyz,01,HoodPass,Robinhood Chain
1410,HoodPass,"Season 01 HoodPass on Robinhood Chain. This pass is the door to HoodShares: claim your included pack, open cards, and play Daily Lineup. It is a digital collectible. It is not a security, not a derivative, and not a claim on any stock or company.",hoodpass.png,https://www.hoodshares.xyz,01,HoodPass,Robinhood Chain
1411,HoodPass,"Season 01 HoodPass on Robinhood Chain. This pass is the door to HoodShares: claim your included pack, open cards, and play Daily Lineup. It is a digital collectible. It is not a security, not a derivative, and not a claim on any stock or company.",hoodpass.png,https://www.hoodshares.xyz,01,HoodPass,Robinhood Chain
1412,HoodPass,"Season 01 HoodPass on Robinhood Chain. This pass is the door to HoodShares: claim your included pack, open cards, and play Daily Lineup. It is a digital collectible. It is not a security, not a derivative, and not a claim on any stock or company.",hoodpass.png,https://www.hoodshares.xyz,01,HoodPass,Robinhood Chain
1413,HoodPass,"Season 01 HoodPass on Robinhood Chain. This pass is the door to HoodShares: claim your included pack, open cards, and play Daily Lineup. It is a digital collectible. It is not a security, not a derivative, and not a claim on any stock or company.",hoodpass.png,https://www.hoodshares.xyz,01,HoodPass,Robinhood Chain
1414,HoodPass,"Season 01 HoodPass on Robinhood Chain. This pass is the door to HoodShares: claim your included pack, open cards, and play Daily Lineup. It is a digital collectible. It is not a security, not a derivative, and not a claim on any stock or company.",hoodpass.png,https://www.hoodshares.xyz,01,HoodPass,Robinhood Chain
1415,HoodPass,"Season 01 HoodPass on Robinhood Chain. This pass is the door to HoodShares: claim your included pack, open cards, and play Daily Lineup. It is a digital collectible. It is not a security, not a derivative, and not a claim on any stock or company.",hoodpass.png,https://www.hoodshares.xyz,01,HoodPass,Robinhood Chain
1416,HoodPass,"Season 01 HoodPass on Robinhood Chain. This pass is the door to HoodShares: claim your included pack, open cards, and play Daily Lineup. It is a digital collectible. It is not a security, not a derivative, and not a claim on any stock or company.",hoodpass.png,https://www.hoodshares.xyz,01,HoodPass,Robinhood Chain
1417,HoodPass,"Season 01 HoodPass on Robinhood Chain. This pass is the door to HoodShares: claim your included pack, open cards, and play Daily Lineup. It is a digital collectible. It is not a security, not a derivative, and not a claim on any stock or company.",hoodpass.png,https://www.hoodshares.xyz,01,HoodPass,Robinhood Chain
1418,HoodPass,"Season 01 HoodPass on Robinhood Chain. This pass is the door to HoodShares: claim your included pack, open cards, and play Daily Lineup. It is a digital collectible. It is not a security, not a derivative, and not a claim on any stock or company.",hoodpass.png,https://www.hoodshares.xyz,01,HoodPass,Robinhood Chain
1419,HoodPass,"Season 01 HoodPass on Robinhood Chain. This pass is the door to HoodShares: claim your included pack, open cards, and play Daily Lineup. It is a digital collectible. It is not a security, not a derivative, and not a claim on any stock or company.",hoodpass.png,https://www.hoodshares.xyz,01,HoodPass,Robinhood Chain
1420,HoodPass,"Season 01 HoodPass on Robinhood Chain. This pass is the door to HoodShares: claim your included pack, open cards, and play Daily Lineup. It is a digital collectible. It is not a security, not a derivative, and not a claim on any stock or company.",hoodpass.png,https://www.hoodshares.xyz,01,HoodPass,Robinhood Chain
1421,HoodPass,"Season 01 HoodPass on Robinhood Chain. This pass is the door to HoodShares: claim your included pack, open cards, and play Daily Lineup. It is a digital collectible. It is not a security, not a derivative, and not a claim on any stock or company.",hoodpass.png,https://www.hoodshares.xyz,01,HoodPass,Robinhood Chain
1422,HoodPass,"Season 01 HoodPass on Robinhood Chain. This pass is the door to HoodShares: claim your included pack, open cards, and play Daily Lineup. It is a digital collectible. It is not a security, not a derivative, and not a claim on any stock or company.",hoodpass.png,https://www.hoodshares.xyz,01,HoodPass,Robinhood Chain
1423,HoodPass,"Season 01 HoodPass on Robinhood Chain. This pass is the door to HoodShares: claim your included pack, open cards, and play Daily Lineup. It is a digital collectible. It is not a security, not a derivative, and not a claim on any stock or company.",hoodpass.png,https://www.hoodshares.xyz,01,HoodPass,Robinhood Chain
1424,HoodPass,"Season 01 HoodPass on Robinhood Chain. This pass is the door to HoodShares: claim your included pack, open cards, and play Daily Lineup. It is a digital collectible. It is not a security, not a derivative, and not a claim on any stock or company.",hoodpass.png,https://www.hoodshares.xyz,01,HoodPass,Robinhood Chain
1425,HoodPass,"Season 01 HoodPass on Robinhood Chain. This pass is the door to HoodShares: claim your included pack, open cards, and play Daily Lineup. It is a digital collectible. It is not a security, not a derivative, and not a claim on any stock or company.",hoodpass.png,https://www.hoodshares.xyz,01,HoodPass,Robinhood Chain
1426,HoodPass,"Season 01 HoodPass on Robinhood Chain. This pass is the door to HoodShares: claim your included pack, open cards, and play Daily Lineup. It is a digital collectible. It is not a security, not a derivative, and not a claim on any stock or company.",hoodpass.png,https://www.hoodshares.xyz,01,HoodPass,Robinhood Chain
1427,HoodPass,"Season 01 HoodPass on Robinhood Chain. This pass is the door to HoodShares: claim your included pack, open cards, and play Daily Lineup. It is a digital collectible. It is not a security, not a derivative, and not a claim on any stock or company.",hoodpass.png,https://www.hoodshares.xyz,01,HoodPass,Robinhood Chain
1428,HoodPass,"Season 01 HoodPass on Robinhood Chain. This pass is the door to HoodShares: claim your included pack, open cards, and play Daily Lineup. It is a digital collectible. It is not a security, not a derivative, and not a claim on any stock or company.",hoodpass.png,https://www.hoodshares.xyz,01,HoodPass,Robinhood Chain
1429,HoodPass,"Season 01 HoodPass on Robinhood Chain. This pass is the door to HoodShares: claim your included pack, open cards, and play Daily Lineup. It is a digital collectible. It is not a security, not a derivative, and not a claim on any stock or company.",hoodpass.png,https://www.hoodshares.xyz,01,HoodPass,Robinhood Chain
1430,HoodPass,"Season 01 HoodPass on Robinhood Chain. This pass is the door to HoodShares: claim your included pack, open cards, and play Daily Lineup. It is a digital collectible. It is not a security, not a derivative, and not a claim on any stock or company.",hoodpass.png,https://www.hoodshares.xyz,01,HoodPass,Robinhood Chain
1431,HoodPass,"Season 01 HoodPass on Robinhood Chain. This pass is the door to HoodShares: claim your included pack, open cards, and play Daily Lineup. It is a digital collectible. It is not a security, not a derivative, and not a claim on any stock or company.",hoodpass.png,https://www.hoodshares.xyz,01,HoodPass,Robinhood Chain
1432,HoodPass,"Season 01 HoodPass on Robinhood Chain. This pass is the door to HoodShares: claim your included pack, open cards, and play Daily Lineup. It is a digital collectible. It is not a security, not a derivative, and not a claim on any stock or company.",hoodpass.png,https://www.hoodshares.xyz,01,HoodPass,Robinhood Chain
1433,HoodPass,"Season 01 HoodPass on Robinhood Chain. This pass is the door to HoodShares: claim your included pack, open cards, and play Daily Lineup. It is a digital collectible. It is not a security, not a derivative, and not a claim on any stock or company.",hoodpass.png,https://www.hoodshares.xyz,01,HoodPass,Robinhood Chain
1434,HoodPass,"Season 01 HoodPass on Robinhood Chain. This pass is the door to HoodShares: claim your included pack, open cards, and play Daily Lineup. It is a digital collectible. It is not a security, not a derivative, and not a claim on any stock or company.",hoodpass.png,https://www.hoodshares.xyz,01,HoodPass,Robinhood Chain
1435,HoodPass,"Season 01 HoodPass on Robinhood Chain. This pass is the door to HoodShares: claim your included pack, open cards, and play Daily Lineup. It is a digital collectible. It is not a security, not a derivative, and not a claim on any stock or company.",hoodpass.png,https://www.hoodshares.xyz,01,HoodPass,Robinhood Chain
1436,HoodPass,"Season 01 HoodPass on Robinhood Chain. This pass is the door to HoodShares: claim your included pack, open cards, and play Daily Lineup. It is a digital collectible. It is not a security, not a derivative, and not a claim on any stock or company.",hoodpass.png,https://www.hoodshares.xyz,01,HoodPass,Robinhood Chain
1437,HoodPass,"Season 01 HoodPass on Robinhood Chain. This pass is the door to HoodShares: claim your included pack, open cards, and play Daily Lineup. It is a digital collectible. It is not a security, not a derivative, and not a claim on any stock or company.",hoodpass.png,https://www.hoodshares.xyz,01,HoodPass,Robinhood Chain
1438,HoodPass,"Season 01 HoodPass on Robinhood Chain. This pass is the door to HoodShares: claim your included pack, open cards, and play Daily Lineup. It is a digital collectible. It is not a security, not a derivative, and not a claim on any stock or company.",hoodpass.png,https://www.hoodshares.xyz,01,HoodPass,Robinhood Chain
1439,HoodPass,"Season 01 HoodPass on Robinhood Chain. This pass is the door to HoodShares: claim your included pack, open cards, and play Daily Lineup. It is a digital collectible. It is not a security, not a derivative, and not a claim on any stock or company.",hoodpass.png,https://www.hoodshares.xyz,01,HoodPass,Robinhood Chain
1440,HoodPass,"Season 01 HoodPass on Robinhood Chain. This pass is the door to HoodShares: claim your included pack, open cards, and play Daily Lineup. It is a digital collectible. It is not a security, not a derivative, and not a claim on any stock or company.",hoodpass.png,https://www.hoodshares.xyz,01,HoodPass,Robinhood Chain
1441,HoodPass,"Season 01 HoodPass on Robinhood Chain. This pass is the door to HoodShares: claim your included pack, open cards, and play Daily Lineup. It is a digital collectible. It is not a security, not a derivative, and not a claim on any stock or company.",hoodpass.png,https://www.hoodshares.xyz,01,HoodPass,Robinhood Chain
1442,HoodPass,"Season 01 HoodPass on Robinhood Chain. This pass is the door to HoodShares: claim your included pack, open cards, and play Daily Lineup. It is a digital collectible. It is not a security, not a derivative, and not a claim on any stock or company.",hoodpass.png,https://www.hoodshares.xyz,01,HoodPass,Robinhood Chain
1443,HoodPass,"Season 01 HoodPass on Robinhood Chain. This pass is the door to HoodShares: claim your included pack, open cards, and play Daily Lineup. It is a digital collectible. It is not a security, not a derivative, and not a claim on any stock or company.",hoodpass.png,https://www.hoodshares.xyz,01,HoodPass,Robinhood Chain
1444,HoodPass,"Season 01 HoodPass on Robinhood Chain. This pass is the door to HoodShares: claim your included pack, open cards, and play Daily Lineup. It is a digital collectible. It is not a security, not a derivative, and not a claim on any stock or company.",hoodpass.png,https://www.hoodshares.xyz,01,HoodPass,Robinhood Chain
1445,HoodPass,"Season 01 HoodPass on Robinhood Chain. This pass is the door to HoodShares: claim your included pack, open cards, and play Daily Lineup. It is a digital collectible. It is not a security, not a derivative, and not a claim on any stock or company.",hoodpass.png,https://www.hoodshares.xyz,01,HoodPass,Robinhood Chain
1446,HoodPass,"Season 01 HoodPass on Robinhood Chain. This pass is the door to HoodShares: claim your included pack, open cards, and play Daily Lineup. It is a digital collectible. It is not a security, not a derivative, and not a claim on any stock or company.",hoodpass.png,https://www.hoodshares.xyz,01,HoodPass,Robinhood Chain
1447,HoodPass,"Season 01 HoodPass on Robinhood Chain. This pass is the door to HoodShares: claim your included pack, open cards, and play Daily Lineup. It is a digital collectible. It is not a security, not a derivative, and not a claim on any stock or company.",hoodpass.png,https://www.hoodshares.xyz,01,HoodPass,Robinhood Chain
1448,HoodPass,"Season 01 HoodPass on Robinhood Chain. This pass is the door to HoodShares: claim your included pack, open cards, and play Daily Lineup. It is a digital collectible. It is not a security, not a derivative, and not a claim on any stock or company.",hoodpass.png,https://www.hoodshares.xyz,01,HoodPass,Robinhood Chain
1449,HoodPass,"Season 01 HoodPass on Robinhood Chain. This pass is the door to HoodShares: claim your included pack, open cards, and play Daily Lineup. It is a digital collectible. It is not a security, not a derivative, and not a claim on any stock or company.",hoodpass.png,https://www.hoodshares.xyz,01,HoodPass,Robinhood Chain
1450,HoodPass,"Season 01 HoodPass on Robinhood Chain. This pass is the door to HoodShares: claim your included pack, open cards, and play Daily Lineup. It is a digital collectible. It is not a security, not a derivative, and not a claim on any stock or company.",hoodpass.png,https://www.hoodshares.xyz,01,HoodPass,Robinhood Chain
1451,HoodPass,"Season 01 HoodPass on Robinhood Chain. This pass is the door to HoodShares: claim your included pack, open cards, and play Daily Lineup. It is a digital collectible. It is not a security, not a derivative, and not a claim on any stock or company.",hoodpass.png,https://www.hoodshares.xyz,01,HoodPass,Robinhood Chain
1452,HoodPass,"Season 01 HoodPass on Robinhood Chain. This pass is the door to HoodShares: claim your included pack, open cards, and play Daily Lineup. It is a digital collectible. It is not a security, not a derivative, and not a claim on any stock or company.",hoodpass.png,https://www.hoodshares.xyz,01,HoodPass,Robinhood Chain
1453,HoodPass,"Season 01 HoodPass on Robinhood Chain. This pass is the door to HoodShares: claim your included pack, open cards, and play Daily Lineup. It is a digital collectible. It is not a security, not a derivative, and not a claim on any stock or company.",hoodpass.png,https://www.hoodshares.xyz,01,HoodPass,Robinhood Chain
1454,HoodPass,"Season 01 HoodPass on Robinhood Chain. This pass is the door to HoodShares: claim your included pack, open cards, and play Daily Lineup. It is a digital collectible. It is not a security, not a derivative, and not a claim on any stock or company.",hoodpass.png,https://www.hoodshares.xyz,01,HoodPass,Robinhood Chain
1455,HoodPass,"Season 01 HoodPass on Robinhood Chain. This pass is the door to HoodShares: claim your included pack, open cards, and play Daily Lineup. It is a digital collectible. It is not a security, not a derivative, and not a claim on any stock or company.",hoodpass.png,https://www.hoodshares.xyz,01,HoodPass,Robinhood Chain
1456,HoodPass,"Season 01 HoodPass on Robinhood Chain. This pass is the door to HoodShares: claim your included pack, open cards, and play Daily Lineup. It is a digital collectible. It is not a security, not a derivative, and not a claim on any stock or company.",hoodpass.png,https://www.hoodshares.xyz,01,HoodPass,Robinhood Chain
1457,HoodPass,"Season 01 HoodPass on Robinhood Chain. This pass is the door to HoodShares: claim your included pack, open cards, and play Daily Lineup. It is a digital collectible. It is not a security, not a derivative, and not a claim on any stock or company.",hoodpass.png,https://www.hoodshares.xyz,01,HoodPass,Robinhood Chain
1458,HoodPass,"Season 01 HoodPass on Robinhood Chain. This pass is the door to HoodShares: claim your included pack, open cards, and play Daily Lineup. It is a digital collectible. It is not a security, not a derivative, and not a claim on any stock or company.",hoodpass.png,https://www.hoodshares.xyz,01,HoodPass,Robinhood Chain
1459,HoodPass,"Season 01 HoodPass on Robinhood Chain. This pass is the door to HoodShares: claim your included pack, open cards, and play Daily Lineup. It is a digital collectible. It is not a security, not a derivative, and not a claim on any stock or company.",hoodpass.png,https://www.hoodshares.xyz,01,HoodPass,Robinhood Chain
1460,HoodPass,"Season 01 HoodPass on Robinhood Chain. This pass is the door to HoodShares: claim your included pack, open cards, and play Daily Lineup. It is a digital collectible. It is not a security, not a derivative, and not a claim on any stock or company.",hoodpass.png,https://www.hoodshares.xyz,01,HoodPass,Robinhood Chain
1461,HoodPass,"Season 01 HoodPass on Robinhood Chain. This pass is the door to HoodShares: claim your included pack, open cards, and play Daily Lineup. It is a digital collectible. It is not a security, not a derivative, and not a claim on any stock or company.",hoodpass.png,https://www.hoodshares.xyz,01,HoodPass,Robinhood Chain
1462,HoodPass,"Season 01 HoodPass on Robinhood Chain. This pass is the door to HoodShares: claim your included pack, open cards, and play Daily Lineup. It is a digital collectible. It is not a security, not a derivative, and not a claim on any stock or company.",hoodpass.png,https://www.hoodshares.xyz,01,HoodPass,Robinhood Chain
1463,HoodPass,"Season 01 HoodPass on Robinhood Chain. This pass is the door to HoodShares: claim your included pack, open cards, and play Daily Lineup. It is a digital collectible. It is not a security, not a derivative, and not a claim on any stock or company.",hoodpass.png,https://www.hoodshares.xyz,01,HoodPass,Robinhood Chain
1464,HoodPass,"Season 01 HoodPass on Robinhood Chain. This pass is the door to HoodShares: claim your included pack, open cards, and play Daily Lineup. It is a digital collectible. It is not a security, not a derivative, and not a claim on any stock or company.",hoodpass.png,https://www.hoodshares.xyz,01,HoodPass,Robinhood Chain
1465,HoodPass,"Season 01 HoodPass on Robinhood Chain. This pass is the door to HoodShares: claim your included pack, open cards, and play Daily Lineup. It is a digital collectible. It is not a security, not a derivative, and not a claim on any stock or company.",hoodpass.png,https://www.hoodshares.xyz,01,HoodPass,Robinhood Chain
1466,HoodPass,"Season 01 HoodPass on Robinhood Chain. This pass is the door to HoodShares: claim your included pack, open cards, and play Daily Lineup. It is a digital collectible. It is not a security, not a derivative, and not a claim on any stock or company.",hoodpass.png,https://www.hoodshares.xyz,01,HoodPass,Robinhood Chain
1467,HoodPass,"Season 01 HoodPass on Robinhood Chain. This pass is the door to HoodShares: claim your included pack, open cards, and play Daily Lineup. It is a digital collectible. It is not a security, not a derivative, and not a claim on any stock or company.",hoodpass.png,https://www.hoodshares.xyz,01,HoodPass,Robinhood Chain
1468,HoodPass,"Season 01 HoodPass on Robinhood Chain. This pass is the door to HoodShares: claim your included pack, open cards, and play Daily Lineup. It is a digital collectible. It is not a security, not a derivative, and not a claim on any stock or company.",hoodpass.png,https://www.hoodshares.xyz,01,HoodPass,Robinhood Chain
1469,HoodPass,"Season 01 HoodPass on Robinhood Chain. This pass is the door to HoodShares: claim your included pack, open cards, and play Daily Lineup. It is a digital collectible. It is not a security, not a derivative, and not a claim on any stock or company.",hoodpass.png,https://www.hoodshares.xyz,01,HoodPass,Robinhood Chain
1470,HoodPass,"Season 01 HoodPass on Robinhood Chain. This pass is the door to HoodShares: claim your included pack, open cards, and play Daily Lineup. It is a digital collectible. It is not a security, not a derivative, and not a claim on any stock or company.",hoodpass.png,https://www.hoodshares.xyz,01,HoodPass,Robinhood Chain
1471,HoodPass,"Season 01 HoodPass on Robinhood Chain. This pass is the door to HoodShares: claim your included pack, open cards, and play Daily Lineup. It is a digital collectible. It is not a security, not a derivative, and not a claim on any stock or company.",hoodpass.png,https://www.hoodshares.xyz,01,HoodPass,Robinhood Chain
1472,HoodPass,"Season 01 HoodPass on Robinhood Chain. This pass is the door to HoodShares: claim your included pack, open cards, and play Daily Lineup. It is a digital collectible. It is not a security, not a derivative, and not a claim on any stock or company.",hoodpass.png,https://www.hoodshares.xyz,01,HoodPass,Robinhood Chain
1473,HoodPass,"Season 01 HoodPass on Robinhood Chain. This pass is the door to HoodShares: claim your included pack, open cards, and play Daily Lineup. It is a digital collectible. It is not a security, not a derivative, and not a claim on any stock or company.",hoodpass.png,https://www.hoodshares.xyz,01,HoodPass,Robinhood Chain
1474,HoodPass,"Season 01 HoodPass on Robinhood Chain. This pass is the door to HoodShares: claim your included pack, open cards, and play Daily Lineup. It is a digital collectible. It is not a security, not a derivative, and not a claim on any stock or company.",hoodpass.png,https://www.hoodshares.xyz,01,HoodPass,Robinhood Chain
1475,HoodPass,"Season 01 HoodPass on Robinhood Chain. This pass is the door to HoodShares: claim your included pack, open cards, and play Daily Lineup. It is a digital collectible. It is not a security, not a derivative, and not a claim on any stock or company.",hoodpass.png,https://www.hoodshares.xyz,01,HoodPass,Robinhood Chain
1476,HoodPass,"Season 01 HoodPass on Robinhood Chain. This pass is the door to HoodShares: claim your included pack, open cards, and play Daily Lineup. It is a digital collectible. It is not a security, not a derivative, and not a claim on any stock or company.",hoodpass.png,https://www.hoodshares.xyz,01,HoodPass,Robinhood Chain
1477,HoodPass,"Season 01 HoodPass on Robinhood Chain. This pass is the door to HoodShares: claim your included pack, open cards, and play Daily Lineup. It is a digital collectible. It is not a security, not a derivative, and not a claim on any stock or company.",hoodpass.png,https://www.hoodshares.xyz,01,HoodPass,Robinhood Chain
1478,HoodPass,"Season 01 HoodPass on Robinhood Chain. This pass is the door to HoodShares: claim your included pack, open cards, and play Daily Lineup. It is a digital collectible. It is not a security, not a derivative, and not a claim on any stock or company.",hoodpass.png,https://www.hoodshares.xyz,01,HoodPass,Robinhood Chain
1479,HoodPass,"Season 01 HoodPass on Robinhood Chain. This pass is the door to HoodShares: claim your included pack, open cards, and play Daily Lineup. It is a digital collectible. It is not a security, not a derivative, and not a claim on any stock or company.",hoodpass.png,https://www.hoodshares.xyz,01,HoodPass,Robinhood Chain
1480,HoodPass,"Season 01 HoodPass on Robinhood Chain. This pass is the door to HoodShares: claim your included pack, open cards, and play Daily Lineup. It is a digital collectible. It is not a security, not a derivative, and not a claim on any stock or company.",hoodpass.png,https://www.hoodshares.xyz,01,HoodPass,Robinhood Chain
1481,HoodPass,"Season 01 HoodPass on Robinhood Chain. This pass is the door to HoodShares: claim your included pack, open cards, and play Daily Lineup. It is a digital collectible. It is not a security, not a derivative, and not a claim on any stock or company.",hoodpass.png,https://www.hoodshares.xyz,01,HoodPass,Robinhood Chain
1482,HoodPass,"Season 01 HoodPass on Robinhood Chain. This pass is the door to HoodShares: claim your included pack, open cards, and play Daily Lineup. It is a digital collectible. It is not a security, not a derivative, and not a claim on any stock or company.",hoodpass.png,https://www.hoodshares.xyz,01,HoodPass,Robinhood Chain
1483,HoodPass,"Season 01 HoodPass on Robinhood Chain. This pass is the door to HoodShares: claim your included pack, open cards, and play Daily Lineup. It is a digital collectible. It is not a security, not a derivative, and not a claim on any stock or company.",hoodpass.png,https://www.hoodshares.xyz,01,HoodPass,Robinhood Chain
1484,HoodPass,"Season 01 HoodPass on Robinhood Chain. This pass is the door to HoodShares: claim your included pack, open cards, and play Daily Lineup. It is a digital collectible. It is not a security, not a derivative, and not a claim on any stock or company.",hoodpass.png,https://www.hoodshares.xyz,01,HoodPass,Robinhood Chain
1485,HoodPass,"Season 01 HoodPass on Robinhood Chain. This pass is the door to HoodShares: claim your included pack, open cards, and play Daily Lineup. It is a digital collectible. It is not a security, not a derivative, and not a claim on any stock or company.",hoodpass.png,https://www.hoodshares.xyz,01,HoodPass,Robinhood Chain
1486,HoodPass,"Season 01 HoodPass on Robinhood Chain. This pass is the door to HoodShares: claim your included pack, open cards, and play Daily Lineup. It is a digital collectible. It is not a security, not a derivative, and not a claim on any stock or company.",hoodpass.png,https://www.hoodshares.xyz,01,HoodPass,Robinhood Chain
1487,HoodPass,"Season 01 HoodPass on Robinhood Chain. This pass is the door to HoodShares: claim your included pack, open cards, and play Daily Lineup. It is a digital collectible. It is not a security, not a derivative, and not a claim on any stock or company.",hoodpass.png,https://www.hoodshares.xyz,01,HoodPass,Robinhood Chain
1488,HoodPass,"Season 01 HoodPass on Robinhood Chain. This pass is the door to HoodShares: claim your included pack, open cards, and play Daily Lineup. It is a digital collectible. It is not a security, not a derivative, and not a claim on any stock or company.",hoodpass.png,https://www.hoodshares.xyz,01,HoodPass,Robinhood Chain
1489,HoodPass,"Season 01 HoodPass on Robinhood Chain. This pass is the door to HoodShares: claim your included pack, open cards, and play Daily Lineup. It is a digital collectible. It is not a security, not a derivative, and not a claim on any stock or company.",hoodpass.png,https://www.hoodshares.xyz,01,HoodPass,Robinhood Chain
1490,HoodPass,"Season 01 HoodPass on Robinhood Chain. This pass is the door to HoodShares: claim your included pack, open cards, and play Daily Lineup. It is a digital collectible. It is not a security, not a derivative, and not a claim on any stock or company.",hoodpass.png,https://www.hoodshares.xyz,01,HoodPass,Robinhood Chain
1491,HoodPass,"Season 01 HoodPass on Robinhood Chain. This pass is the door to HoodShares: claim your included pack, open cards, and play Daily Lineup. It is a digital collectible. It is not a security, not a derivative, and not a claim on any stock or company.",hoodpass.png,https://www.hoodshares.xyz,01,HoodPass,Robinhood Chain
1492,HoodPass,"Season 01 HoodPass on Robinhood Chain. This pass is the door to HoodShares: claim your included pack, open cards, and play Daily Lineup. It is a digital collectible. It is not a security, not a derivative, and not a claim on any stock or company.",hoodpass.png,https://www.hoodshares.xyz,01,HoodPass,Robinhood Chain
1493,HoodPass,"Season 01 HoodPass on Robinhood Chain. This pass is the door to HoodShares: claim your included pack, open cards, and play Daily Lineup. It is a digital collectible. It is not a security, not a derivative, and not a claim on any stock or company.",hoodpass.png,https://www.hoodshares.xyz,01,HoodPass,Robinhood Chain
1494,HoodPass,"Season 01 HoodPass on Robinhood Chain. This pass is the door to HoodShares: claim your included pack, open cards, and play Daily Lineup. It is a digital collectible. It is not a security, not a derivative, and not a claim on any stock or company.",hoodpass.png,https://www.hoodshares.xyz,01,HoodPass,Robinhood Chain
1495,HoodPass,"Season 01 HoodPass on Robinhood Chain. This pass is the door to HoodShares: claim your included pack, open cards, and play Daily Lineup. It is a digital collectible. It is not a security, not a derivative, and not a claim on any stock or company.",hoodpass.png,https://www.hoodshares.xyz,01,HoodPass,Robinhood Chain
1496,HoodPass,"Season 01 HoodPass on Robinhood Chain. This pass is the door to HoodShares: claim your included pack, open cards, and play Daily Lineup. It is a digital collectible. It is not a security, not a derivative, and not a claim on any stock or company.",hoodpass.png,https://www.hoodshares.xyz,01,HoodPass,Robinhood Chain
1497,HoodPass,"Season 01 HoodPass on Robinhood Chain. This pass is the door to HoodShares: claim your included pack, open cards, and play Daily Lineup. It is a digital collectible. It is not a security, not a derivative, and not a claim on any stock or company.",hoodpass.png,https://www.hoodshares.xyz,01,HoodPass,Robinhood Chain
1498,HoodPass,"Season 01 HoodPass on Robinhood Chain. This pass is the door to HoodShares: claim your included pack, open cards, and play Daily Lineup. It is a digital collectible. It is not a security, not a derivative, and not a claim on any stock or company.",hoodpass.png,https://www.hoodshares.xyz,01,HoodPass,Robinhood Chain
1499,HoodPass,"Season 01 HoodPass on Robinhood Chain. This pass is the door to HoodShares: claim your included pack, open cards, and play Daily Lineup. It is a digital collectible. It is not a security, not a derivative, and not a claim on any stock or company.",hoodpass.png,https://www.hoodshares.xyz,01,HoodPass,Robinhood Chain
1500,HoodPass,"Season 01 HoodPass on Robinhood Chain. This pass is the door to HoodShares: claim your included pack, open cards, and play Daily Lineup. It is a digital collectible. It is not a security, not a derivative, and not a claim on any stock or company.",hoodpass.png,https://www.hoodshares.xyz,01,HoodPass,Robinhood Chain
1501,HoodPass,"Season 01 HoodPass on Robinhood Chain. This pass is the door to HoodShares: claim your included pack, open cards, and play Daily Lineup. It is a digital collectible. It is not a security, not a derivative, and not a claim on any stock or company.",hoodpass.png,https://www.hoodshares.xyz,01,HoodPass,Robinhood Chain
1502,HoodPass,"Season 01 HoodPass on Robinhood Chain. This pass is the door to HoodShares: claim your included pack, open cards, and play Daily Lineup. It is a digital collectible. It is not a security, not a derivative, and not a claim on any stock or company.",hoodpass.png,https://www.hoodshares.xyz,01,HoodPass,Robinhood Chain
1503,HoodPass,"Season 01 HoodPass on Robinhood Chain. This pass is the door to HoodShares: claim your included pack, open cards, and play Daily Lineup. It is a digital collectible. It is not a security, not a derivative, and not a claim on any stock or company.",hoodpass.png,https://www.hoodshares.xyz,01,HoodPass,Robinhood Chain
1504,HoodPass,"Season 01 HoodPass on Robinhood Chain. This pass is the door to HoodShares: claim your included pack, open cards, and play Daily Lineup. It is a digital collectible. It is not a security, not a derivative, and not a claim on any stock or company.",hoodpass.png,https://www.hoodshares.xyz,01,HoodPass,Robinhood Chain
1505,HoodPass,"Season 01 HoodPass on Robinhood Chain. This pass is the door to HoodShares: claim your included pack, open cards, and play Daily Lineup. It is a digital collectible. It is not a security, not a derivative, and not a claim on any stock or company.",hoodpass.png,https://www.hoodshares.xyz,01,HoodPass,Robinhood Chain
1506,HoodPass,"Season 01 HoodPass on Robinhood Chain. This pass is the door to HoodShares: claim your included pack, open cards, and play Daily Lineup. It is a digital collectible. It is not a security, not a derivative, and not a claim on any stock or company.",hoodpass.png,https://www.hoodshares.xyz,01,HoodPass,Robinhood Chain
1507,HoodPass,"Season 01 HoodPass on Robinhood Chain. This pass is the door to HoodShares: claim your included pack, open cards, and play Daily Lineup. It is a digital collectible. It is not a security, not a derivative, and not a claim on any stock or company.",hoodpass.png,https://www.hoodshares.xyz,01,HoodPass,Robinhood Chain
1508,HoodPass,"Season 01 HoodPass on Robinhood Chain. This pass is the door to HoodShares: claim your included pack, open cards, and play Daily Lineup. It is a digital collectible. It is not a security, not a derivative, and not a claim on any stock or company.",hoodpass.png,https://www.hoodshares.xyz,01,HoodPass,Robinhood Chain
1509,HoodPass,"Season 01 HoodPass on Robinhood Chain. This pass is the door to HoodShares: claim your included pack, open cards, and play Daily Lineup. It is a digital collectible. It is not a security, not a derivative, and not a claim on any stock or company.",hoodpass.png,https://www.hoodshares.xyz,01,HoodPass,Robinhood Chain
1510,HoodPass,"Season 01 HoodPass on Robinhood Chain. This pass is the door to HoodShares: claim your included pack, open cards, and play Daily Lineup. It is a digital collectible. It is not a security, not a derivative, and not a claim on any stock or company.",hoodpass.png,https://www.hoodshares.xyz,01,HoodPass,Robinhood Chain
1511,HoodPass,"Season 01 HoodPass on Robinhood Chain. This pass is the door to HoodShares: claim your included pack, open cards, and play Daily Lineup. It is a digital collectible. It is not a security, not a derivative, and not a claim on any stock or company.",hoodpass.png,https://www.hoodshares.xyz,01,HoodPass,Robinhood Chain
1512,HoodPass,"Season 01 HoodPass on Robinhood Chain. This pass is the door to HoodShares: claim your included pack, open cards, and play Daily Lineup. It is a digital collectible. It is not a security, not a derivative, and not a claim on any stock or company.",hoodpass.png,https://www.hoodshares.xyz,01,HoodPass,Robinhood Chain
1513,HoodPass,"Season 01 HoodPass on Robinhood Chain. This pass is the door to HoodShares: claim your included pack, open cards, and play Daily Lineup. It is a digital collectible. It is not a security, not a derivative, and not a claim on any stock or company.",hoodpass.png,https://www.hoodshares.xyz,01,HoodPass,Robinhood Chain
1514,HoodPass,"Season 01 HoodPass on Robinhood Chain. This pass is the door to HoodShares: claim your included pack, open cards, and play Daily Lineup. It is a digital collectible. It is not a security, not a derivative, and not a claim on any stock or company.",hoodpass.png,https://www.hoodshares.xyz,01,HoodPass,Robinhood Chain
1515,HoodPass,"Season 01 HoodPass on Robinhood Chain. This pass is the door to HoodShares: claim your included pack, open cards, and play Daily Lineup. It is a digital collectible. It is not a security, not a derivative, and not a claim on any stock or company.",hoodpass.png,https://www.hoodshares.xyz,01,HoodPass,Robinhood Chain
1516,HoodPass,"Season 01 HoodPass on Robinhood Chain. This pass is the door to HoodShares: claim your included pack, open cards, and play Daily Lineup. It is a digital collectible. It is not a security, not a derivative, and not a claim on any stock or company.",hoodpass.png,https://www.hoodshares.xyz,01,HoodPass,Robinhood Chain
1517,HoodPass,"Season 01 HoodPass on Robinhood Chain. This pass is the door to HoodShares: claim your included pack, open cards, and play Daily Lineup. It is a digital collectible. It is not a security, not a derivative, and not a claim on any stock or company.",hoodpass.png,https://www.hoodshares.xyz,01,HoodPass,Robinhood Chain
1518,HoodPass,"Season 01 HoodPass on Robinhood Chain. This pass is the door to HoodShares: claim your included pack, open cards, and play Daily Lineup. It is a digital collectible. It is not a security, not a derivative, and not a claim on any stock or company.",hoodpass.png,https://www.hoodshares.xyz,01,HoodPass,Robinhood Chain
1519,HoodPass,"Season 01 HoodPass on Robinhood Chain. This pass is the door to HoodShares: claim your included pack, open cards, and play Daily Lineup. It is a digital collectible. It is not a security, not a derivative, and not a claim on any stock or company.",hoodpass.png,https://www.hoodshares.xyz,01,HoodPass,Robinhood Chain
1520,HoodPass,"Season 01 HoodPass on Robinhood Chain. This pass is the door to HoodShares: claim your included pack, open cards, and play Daily Lineup. It is a digital collectible. It is not a security, not a derivative, and not a claim on any stock or company.",hoodpass.png,https://www.hoodshares.xyz,01,HoodPass,Robinhood Chain
1521,HoodPass,"Season 01 HoodPass on Robinhood Chain. This pass is the door to HoodShares: claim your included pack, open cards, and play Daily Lineup. It is a digital collectible. It is not a security, not a derivative, and not a claim on any stock or company.",hoodpass.png,https://www.hoodshares.xyz,01,HoodPass,Robinhood Chain
1522,HoodPass,"Season 01 HoodPass on Robinhood Chain. This pass is the door to HoodShares: claim your included pack, open cards, and play Daily Lineup. It is a digital collectible. It is not a security, not a derivative, and not a claim on any stock or company.",hoodpass.png,https://www.hoodshares.xyz,01,HoodPass,Robinhood Chain
1523,HoodPass,"Season 01 HoodPass on Robinhood Chain. This pass is the door to HoodShares: claim your included pack, open cards, and play Daily Lineup. It is a digital collectible. It is not a security, not a derivative, and not a claim on any stock or company.",hoodpass.png,https://www.hoodshares.xyz,01,HoodPass,Robinhood Chain
1524,HoodPass,"Season 01 HoodPass on Robinhood Chain. This pass is the door to HoodShares: claim your included pack, open cards, and play Daily Lineup. It is a digital collectible. It is not a security, not a derivative, and not a claim on any stock or company.",hoodpass.png,https://www.hoodshares.xyz,01,HoodPass,Robinhood Chain
1525,HoodPass,"Season 01 HoodPass on Robinhood Chain. This pass is the door to HoodShares: claim your included pack, open cards, and play Daily Lineup. It is a digital collectible. It is not a security, not a derivative, and not a claim on any stock or company.",hoodpass.png,https://www.hoodshares.xyz,01,HoodPass,Robinhood Chain
1526,HoodPass,"Season 01 HoodPass on Robinhood Chain. This pass is the door to HoodShares: claim your included pack, open cards, and play Daily Lineup. It is a digital collectible. It is not a security, not a derivative, and not a claim on any stock or company.",hoodpass.png,https://www.hoodshares.xyz,01,HoodPass,Robinhood Chain
1527,HoodPass,"Season 01 HoodPass on Robinhood Chain. This pass is the door to HoodShares: claim your included pack, open cards, and play Daily Lineup. It is a digital collectible. It is not a security, not a derivative, and not a claim on any stock or company.",hoodpass.png,https://www.hoodshares.xyz,01,HoodPass,Robinhood Chain
1528,HoodPass,"Season 01 HoodPass on Robinhood Chain. This pass is the door to HoodShares: claim your included pack, open cards, and play Daily Lineup. It is a digital collectible. It is not a security, not a derivative, and not a claim on any stock or company.",hoodpass.png,https://www.hoodshares.xyz,01,HoodPass,Robinhood Chain
1529,HoodPass,"Season 01 HoodPass on Robinhood Chain. This pass is the door to HoodShares: claim your included pack, open cards, and play Daily Lineup. It is a digital collectible. It is not a security, not a derivative, and not a claim on any stock or company.",hoodpass.png,https://www.hoodshares.xyz,01,HoodPass,Robinhood Chain
1530,HoodPass,"Season 01 HoodPass on Robinhood Chain. This pass is the door to HoodShares: claim your included pack, open cards, and play Daily Lineup. It is a digital collectible. It is not a security, not a derivative, and not a claim on any stock or company.",hoodpass.png,https://www.hoodshares.xyz,01,HoodPass,Robinhood Chain
1531,HoodPass,"Season 01 HoodPass on Robinhood Chain. This pass is the door to HoodShares: claim your included pack, open cards, and play Daily Lineup. It is a digital collectible. It is not a security, not a derivative, and not a claim on any stock or company.",hoodpass.png,https://www.hoodshares.xyz,01,HoodPass,Robinhood Chain
1532,HoodPass,"Season 01 HoodPass on Robinhood Chain. This pass is the door to HoodShares: claim your included pack, open cards, and play Daily Lineup. It is a digital collectible. It is not a security, not a derivative, and not a claim on any stock or company.",hoodpass.png,https://www.hoodshares.xyz,01,HoodPass,Robinhood Chain
1533,HoodPass,"Season 01 HoodPass on Robinhood Chain. This pass is the door to HoodShares: claim your included pack, open cards, and play Daily Lineup. It is a digital collectible. It is not a security, not a derivative, and not a claim on any stock or company.",hoodpass.png,https://www.hoodshares.xyz,01,HoodPass,Robinhood Chain
1534,HoodPass,"Season 01 HoodPass on Robinhood Chain. This pass is the door to HoodShares: claim your included pack, open cards, and play Daily Lineup. It is a digital collectible. It is not a security, not a derivative, and not a claim on any stock or company.",hoodpass.png,https://www.hoodshares.xyz,01,HoodPass,Robinhood Chain
1535,HoodPass,"Season 01 HoodPass on Robinhood Chain. This pass is the door to HoodShares: claim your included pack, open cards, and play Daily Lineup. It is a digital collectible. It is not a security, not a derivative, and not a claim on any stock or company.",hoodpass.png,https://www.hoodshares.xyz,01,HoodPass,Robinhood Chain
1536,HoodPass,"Season 01 HoodPass on Robinhood Chain. This pass is the door to HoodShares: claim your included pack, open cards, and play Daily Lineup. It is a digital collectible. It is not a security, not a derivative, and not a claim on any stock or company.",hoodpass.png,https://www.hoodshares.xyz,01,HoodPass,Robinhood Chain
1537,HoodPass,"Season 01 HoodPass on Robinhood Chain. This pass is the door to HoodShares: claim your included pack, open cards, and play Daily Lineup. It is a digital collectible. It is not a security, not a derivative, and not a claim on any stock or company.",hoodpass.png,https://www.hoodshares.xyz,01,HoodPass,Robinhood Chain
1538,HoodPass,"Season 01 HoodPass on Robinhood Chain. This pass is the door to HoodShares: claim your included pack, open cards, and play Daily Lineup. It is a digital collectible. It is not a security, not a derivative, and not a claim on any stock or company.",hoodpass.png,https://www.hoodshares.xyz,01,HoodPass,Robinhood Chain
1539,HoodPass,"Season 01 HoodPass on Robinhood Chain. This pass is the door to HoodShares: claim your included pack, open cards, and play Daily Lineup. It is a digital collectible. It is not a security, not a derivative, and not a claim on any stock or company.",hoodpass.png,https://www.hoodshares.xyz,01,HoodPass,Robinhood Chain
1540,HoodPass,"Season 01 HoodPass on Robinhood Chain. This pass is the door to HoodShares: claim your included pack, open cards, and play Daily Lineup. It is a digital collectible. It is not a security, not a derivative, and not a claim on any stock or company.",hoodpass.png,https://www.hoodshares.xyz,01,HoodPass,Robinhood Chain
1541,HoodPass,"Season 01 HoodPass on Robinhood Chain. This pass is the door to HoodShares: claim your included pack, open cards, and play Daily Lineup. It is a digital collectible. It is not a security, not a derivative, and not a claim on any stock or company.",hoodpass.png,https://www.hoodshares.xyz,01,HoodPass,Robinhood Chain
1542,HoodPass,"Season 01 HoodPass on Robinhood Chain. This pass is the door to HoodShares: claim your included pack, open cards, and play Daily Lineup. It is a digital collectible. It is not a security, not a derivative, and not a claim on any stock or company.",hoodpass.png,https://www.hoodshares.xyz,01,HoodPass,Robinhood Chain
1543,HoodPass,"Season 01 HoodPass on Robinhood Chain. This pass is the door to HoodShares: claim your included pack, open cards, and play Daily Lineup. It is a digital collectible. It is not a security, not a derivative, and not a claim on any stock or company.",hoodpass.png,https://www.hoodshares.xyz,01,HoodPass,Robinhood Chain
1544,HoodPass,"Season 01 HoodPass on Robinhood Chain. This pass is the door to HoodShares: claim your included pack, open cards, and play Daily Lineup. It is a digital collectible. It is not a security, not a derivative, and not a claim on any stock or company.",hoodpass.png,https://www.hoodshares.xyz,01,HoodPass,Robinhood Chain
1545,HoodPass,"Season 01 HoodPass on Robinhood Chain. This pass is the door to HoodShares: claim your included pack, open cards, and play Daily Lineup. It is a digital collectible. It is not a security, not a derivative, and not a claim on any stock or company.",hoodpass.png,https://www.hoodshares.xyz,01,HoodPass,Robinhood Chain
1546,HoodPass,"Season 01 HoodPass on Robinhood Chain. This pass is the door to HoodShares: claim your included pack, open cards, and play Daily Lineup. It is a digital collectible. It is not a security, not a derivative, and not a claim on any stock or company.",hoodpass.png,https://www.hoodshares.xyz,01,HoodPass,Robinhood Chain
1547,HoodPass,"Season 01 HoodPass on Robinhood Chain. This pass is the door to HoodShares: claim your included pack, open cards, and play Daily Lineup. It is a digital collectible. It is not a security, not a derivative, and not a claim on any stock or company.",hoodpass.png,https://www.hoodshares.xyz,01,HoodPass,Robinhood Chain
1548,HoodPass,"Season 01 HoodPass on Robinhood Chain. This pass is the door to HoodShares: claim your included pack, open cards, and play Daily Lineup. It is a digital collectible. It is not a security, not a derivative, and not a claim on any stock or company.",hoodpass.png,https://www.hoodshares.xyz,01,HoodPass,Robinhood Chain
1549,HoodPass,"Season 01 HoodPass on Robinhood Chain. This pass is the door to HoodShares: claim your included pack, open cards, and play Daily Lineup. It is a digital collectible. It is not a security, not a derivative, and not a claim on any stock or company.",hoodpass.png,https://www.hoodshares.xyz,01,HoodPass,Robinhood Chain
1550,HoodPass,"Season 01 HoodPass on Robinhood Chain. This pass is the door to HoodShares: claim your included pack, open cards, and play Daily Lineup. It is a digital collectible. It is not a security, not a derivative, and not a claim on any stock or company.",hoodpass.png,https://www.hoodshares.xyz,01,HoodPass,Robinhood Chain
1551,HoodPass,"Season 01 HoodPass on Robinhood Chain. This pass is the door to HoodShares: claim your included pack, open cards, and play Daily Lineup. It is a digital collectible. It is not a security, not a derivative, and not a claim on any stock or company.",hoodpass.png,https://www.hoodshares.xyz,01,HoodPass,Robinhood Chain
1552,HoodPass,"Season 01 HoodPass on Robinhood Chain. This pass is the door to HoodShares: claim your included pack, open cards, and play Daily Lineup. It is a digital collectible. It is not a security, not a derivative, and not a claim on any stock or company.",hoodpass.png,https://www.hoodshares.xyz,01,HoodPass,Robinhood Chain
1553,HoodPass,"Season 01 HoodPass on Robinhood Chain. This pass is the door to HoodShares: claim your included pack, open cards, and play Daily Lineup. It is a digital collectible. It is not a security, not a derivative, and not a claim on any stock or company.",hoodpass.png,https://www.hoodshares.xyz,01,HoodPass,Robinhood Chain
1554,HoodPass,"Season 01 HoodPass on Robinhood Chain. This pass is the door to HoodShares: claim your included pack, open cards, and play Daily Lineup. It is a digital collectible. It is not a security, not a derivative, and not a claim on any stock or company.",hoodpass.png,https://www.hoodshares.xyz,01,HoodPass,Robinhood Chain
1555,HoodPass,"Season 01 HoodPass on Robinhood Chain. This pass is the door to HoodShares: claim your included pack, open cards, and play Daily Lineup. It is a digital collectible. It is not a security, not a derivative, and not a claim on any stock or company.",hoodpass.png,https://www.hoodshares.xyz,01,HoodPass,Robinhood Chain
1556,HoodPass,"Season 01 HoodPass on Robinhood Chain. This pass is the door to HoodShares: claim your included pack, open cards, and play Daily Lineup. It is a digital collectible. It is not a security, not a derivative, and not a claim on any stock or company.",hoodpass.png,https://www.hoodshares.xyz,01,HoodPass,Robinhood Chain
1557,HoodPass,"Season 01 HoodPass on Robinhood Chain. This pass is the door to HoodShares: claim your included pack, open cards, and play Daily Lineup. It is a digital collectible. It is not a security, not a derivative, and not a claim on any stock or company.",hoodpass.png,https://www.hoodshares.xyz,01,HoodPass,Robinhood Chain
1558,HoodPass,"Season 01 HoodPass on Robinhood Chain. This pass is the door to HoodShares: claim your included pack, open cards, and play Daily Lineup. It is a digital collectible. It is not a security, not a derivative, and not a claim on any stock or company.",hoodpass.png,https://www.hoodshares.xyz,01,HoodPass,Robinhood Chain
1559,HoodPass,"Season 01 HoodPass on Robinhood Chain. This pass is the door to HoodShares: claim your included pack, open cards, and play Daily Lineup. It is a digital collectible. It is not a security, not a derivative, and not a claim on any stock or company.",hoodpass.png,https://www.hoodshares.xyz,01,HoodPass,Robinhood Chain
1560,HoodPass,"Season 01 HoodPass on Robinhood Chain. This pass is the door to HoodShares: claim your included pack, open cards, and play Daily Lineup. It is a digital collectible. It is not a security, not a derivative, and not a claim on any stock or company.",hoodpass.png,https://www.hoodshares.xyz,01,HoodPass,Robinhood Chain
1561,HoodPass,"Season 01 HoodPass on Robinhood Chain. This pass is the door to HoodShares: claim your included pack, open cards, and play Daily Lineup. It is a digital collectible. It is not a security, not a derivative, and not a claim on any stock or company.",hoodpass.png,https://www.hoodshares.xyz,01,HoodPass,Robinhood Chain
1562,HoodPass,"Season 01 HoodPass on Robinhood Chain. This pass is the door to HoodShares: claim your included pack, open cards, and play Daily Lineup. It is a digital collectible. It is not a security, not a derivative, and not a claim on any stock or company.",hoodpass.png,https://www.hoodshares.xyz,01,HoodPass,Robinhood Chain
1563,HoodPass,"Season 01 HoodPass on Robinhood Chain. This pass is the door to HoodShares: claim your included pack, open cards, and play Daily Lineup. It is a digital collectible. It is not a security, not a derivative, and not a claim on any stock or company.",hoodpass.png,https://www.hoodshares.xyz,01,HoodPass,Robinhood Chain
1564,HoodPass,"Season 01 HoodPass on Robinhood Chain. This pass is the door to HoodShares: claim your included pack, open cards, and play Daily Lineup. It is a digital collectible. It is not a security, not a derivative, and not a claim on any stock or company.",hoodpass.png,https://www.hoodshares.xyz,01,HoodPass,Robinhood Chain
1565,HoodPass,"Season 01 HoodPass on Robinhood Chain. This pass is the door to HoodShares: claim your included pack, open cards, and play Daily Lineup. It is a digital collectible. It is not a security, not a derivative, and not a claim on any stock or company.",hoodpass.png,https://www.hoodshares.xyz,01,HoodPass,Robinhood Chain
1566,HoodPass,"Season 01 HoodPass on Robinhood Chain. This pass is the door to HoodShares: claim your included pack, open cards, and play Daily Lineup. It is a digital collectible. It is not a security, not a derivative, and not a claim on any stock or company.",hoodpass.png,https://www.hoodshares.xyz,01,HoodPass,Robinhood Chain
1567,HoodPass,"Season 01 HoodPass on Robinhood Chain. This pass is the door to HoodShares: claim your included pack, open cards, and play Daily Lineup. It is a digital collectible. It is not a security, not a derivative, and not a claim on any stock or company.",hoodpass.png,https://www.hoodshares.xyz,01,HoodPass,Robinhood Chain
1568,HoodPass,"Season 01 HoodPass on Robinhood Chain. This pass is the door to HoodShares: claim your included pack, open cards, and play Daily Lineup. It is a digital collectible. It is not a security, not a derivative, and not a claim on any stock or company.",hoodpass.png,https://www.hoodshares.xyz,01,HoodPass,Robinhood Chain
1569,HoodPass,"Season 01 HoodPass on Robinhood Chain. This pass is the door to HoodShares: claim your included pack, open cards, and play Daily Lineup. It is a digital collectible. It is not a security, not a derivative, and not a claim on any stock or company.",hoodpass.png,https://www.hoodshares.xyz,01,HoodPass,Robinhood Chain
1570,HoodPass,"Season 01 HoodPass on Robinhood Chain. This pass is the door to HoodShares: claim your included pack, open cards, and play Daily Lineup. It is a digital collectible. It is not a security, not a derivative, and not a claim on any stock or company.",hoodpass.png,https://www.hoodshares.xyz,01,HoodPass,Robinhood Chain
1571,HoodPass,"Season 01 HoodPass on Robinhood Chain. This pass is the door to HoodShares: claim your included pack, open cards, and play Daily Lineup. It is a digital collectible. It is not a security, not a derivative, and not a claim on any stock or company.",hoodpass.png,https://www.hoodshares.xyz,01,HoodPass,Robinhood Chain
1572,HoodPass,"Season 01 HoodPass on Robinhood Chain. This pass is the door to HoodShares: claim your included pack, open cards, and play Daily Lineup. It is a digital collectible. It is not a security, not a derivative, and not a claim on any stock or company.",hoodpass.png,https://www.hoodshares.xyz,01,HoodPass,Robinhood Chain
1573,HoodPass,"Season 01 HoodPass on Robinhood Chain. This pass is the door to HoodShares: claim your included pack, open cards, and play Daily Lineup. It is a digital collectible. It is not a security, not a derivative, and not a claim on any stock or company.",hoodpass.png,https://www.hoodshares.xyz,01,HoodPass,Robinhood Chain
1574,HoodPass,"Season 01 HoodPass on Robinhood Chain. This pass is the door to HoodShares: claim your included pack, open cards, and play Daily Lineup. It is a digital collectible. It is not a security, not a derivative, and not a claim on any stock or company.",hoodpass.png,https://www.hoodshares.xyz,01,HoodPass,Robinhood Chain
1575,HoodPass,"Season 01 HoodPass on Robinhood Chain. This pass is the door to HoodShares: claim your included pack, open cards, and play Daily Lineup. It is a digital collectible. It is not a security, not a derivative, and not a claim on any stock or company.",hoodpass.png,https://www.hoodshares.xyz,01,HoodPass,Robinhood Chain
1576,HoodPass,"Season 01 HoodPass on Robinhood Chain. This pass is the door to HoodShares: claim your included pack, open cards, and play Daily Lineup. It is a digital collectible. It is not a security, not a derivative, and not a claim on any stock or company.",hoodpass.png,https://www.hoodshares.xyz,01,HoodPass,Robinhood Chain
1577,HoodPass,"Season 01 HoodPass on Robinhood Chain. This pass is the door to HoodShares: claim your included pack, open cards, and play Daily Lineup. It is a digital collectible. It is not a security, not a derivative, and not a claim on any stock or company.",hoodpass.png,https://www.hoodshares.xyz,01,HoodPass,Robinhood Chain
1578,HoodPass,"Season 01 HoodPass on Robinhood Chain. This pass is the door to HoodShares: claim your included pack, open cards, and play Daily Lineup. It is a digital collectible. It is not a security, not a derivative, and not a claim on any stock or company.",hoodpass.png,https://www.hoodshares.xyz,01,HoodPass,Robinhood Chain
1579,HoodPass,"Season 01 HoodPass on Robinhood Chain. This pass is the door to HoodShares: claim your included pack, open cards, and play Daily Lineup. It is a digital collectible. It is not a security, not a derivative, and not a claim on any stock or company.",hoodpass.png,https://www.hoodshares.xyz,01,HoodPass,Robinhood Chain
1580,HoodPass,"Season 01 HoodPass on Robinhood Chain. This pass is the door to HoodShares: claim your included pack, open cards, and play Daily Lineup. It is a digital collectible. It is not a security, not a derivative, and not a claim on any stock or company.",hoodpass.png,https://www.hoodshares.xyz,01,HoodPass,Robinhood Chain
1581,HoodPass,"Season 01 HoodPass on Robinhood Chain. This pass is the door to HoodShares: claim your included pack, open cards, and play Daily Lineup. It is a digital collectible. It is not a security, not a derivative, and not a claim on any stock or company.",hoodpass.png,https://www.hoodshares.xyz,01,HoodPass,Robinhood Chain
1582,HoodPass,"Season 01 HoodPass on Robinhood Chain. This pass is the door to HoodShares: claim your included pack, open cards, and play Daily Lineup. It is a digital collectible. It is not a security, not a derivative, and not a claim on any stock or company.",hoodpass.png,https://www.hoodshares.xyz,01,HoodPass,Robinhood Chain
1583,HoodPass,"Season 01 HoodPass on Robinhood Chain. This pass is the door to HoodShares: claim your included pack, open cards, and play Daily Lineup. It is a digital collectible. It is not a security, not a derivative, and not a claim on any stock or company.",hoodpass.png,https://www.hoodshares.xyz,01,HoodPass,Robinhood Chain
1584,HoodPass,"Season 01 HoodPass on Robinhood Chain. This pass is the door to HoodShares: claim your included pack, open cards, and play Daily Lineup. It is a digital collectible. It is not a security, not a derivative, and not a claim on any stock or company.",hoodpass.png,https://www.hoodshares.xyz,01,HoodPass,Robinhood Chain
1585,HoodPass,"Season 01 HoodPass on Robinhood Chain. This pass is the door to HoodShares: claim your included pack, open cards, and play Daily Lineup. It is a digital collectible. It is not a security, not a derivative, and not a claim on any stock or company.",hoodpass.png,https://www.hoodshares.xyz,01,HoodPass,Robinhood Chain
1586,HoodPass,"Season 01 HoodPass on Robinhood Chain. This pass is the door to HoodShares: claim your included pack, open cards, and play Daily Lineup. It is a digital collectible. It is not a security, not a derivative, and not a claim on any stock or company.",hoodpass.png,https://www.hoodshares.xyz,01,HoodPass,Robinhood Chain
1587,HoodPass,"Season 01 HoodPass on Robinhood Chain. This pass is the door to HoodShares: claim your included pack, open cards, and play Daily Lineup. It is a digital collectible. It is not a security, not a derivative, and not a claim on any stock or company.",hoodpass.png,https://www.hoodshares.xyz,01,HoodPass,Robinhood Chain
1588,HoodPass,"Season 01 HoodPass on Robinhood Chain. This pass is the door to HoodShares: claim your included pack, open cards, and play Daily Lineup. It is a digital collectible. It is not a security, not a derivative, and not a claim on any stock or company.",hoodpass.png,https://www.hoodshares.xyz,01,HoodPass,Robinhood Chain
1589,HoodPass,"Season 01 HoodPass on Robinhood Chain. This pass is the door to HoodShares: claim your included pack, open cards, and play Daily Lineup. It is a digital collectible. It is not a security, not a derivative, and not a claim on any stock or company.",hoodpass.png,https://www.hoodshares.xyz,01,HoodPass,Robinhood Chain
1590,HoodPass,"Season 01 HoodPass on Robinhood Chain. This pass is the door to HoodShares: claim your included pack, open cards, and play Daily Lineup. It is a digital collectible. It is not a security, not a derivative, and not a claim on any stock or company.",hoodpass.png,https://www.hoodshares.xyz,01,HoodPass,Robinhood Chain
1591,HoodPass,"Season 01 HoodPass on Robinhood Chain. This pass is the door to HoodShares: claim your included pack, open cards, and play Daily Lineup. It is a digital collectible. It is not a security, not a derivative, and not a claim on any stock or company.",hoodpass.png,https://www.hoodshares.xyz,01,HoodPass,Robinhood Chain
1592,HoodPass,"Season 01 HoodPass on Robinhood Chain. This pass is the door to HoodShares: claim your included pack, open cards, and play Daily Lineup. It is a digital collectible. It is not a security, not a derivative, and not a claim on any stock or company.",hoodpass.png,https://www.hoodshares.xyz,01,HoodPass,Robinhood Chain
1593,HoodPass,"Season 01 HoodPass on Robinhood Chain. This pass is the door to HoodShares: claim your included pack, open cards, and play Daily Lineup. It is a digital collectible. It is not a security, not a derivative, and not a claim on any stock or company.",hoodpass.png,https://www.hoodshares.xyz,01,HoodPass,Robinhood Chain
1594,HoodPass,"Season 01 HoodPass on Robinhood Chain. This pass is the door to HoodShares: claim your included pack, open cards, and play Daily Lineup. It is a digital collectible. It is not a security, not a derivative, and not a claim on any stock or company.",hoodpass.png,https://www.hoodshares.xyz,01,HoodPass,Robinhood Chain
1595,HoodPass,"Season 01 HoodPass on Robinhood Chain. This pass is the door to HoodShares: claim your included pack, open cards, and play Daily Lineup. It is a digital collectible. It is not a security, not a derivative, and not a claim on any stock or company.",hoodpass.png,https://www.hoodshares.xyz,01,HoodPass,Robinhood Chain
1596,HoodPass,"Season 01 HoodPass on Robinhood Chain. This pass is the door to HoodShares: claim your included pack, open cards, and play Daily Lineup. It is a digital collectible. It is not a security, not a derivative, and not a claim on any stock or company.",hoodpass.png,https://www.hoodshares.xyz,01,HoodPass,Robinhood Chain
1597,HoodPass,"Season 01 HoodPass on Robinhood Chain. This pass is the door to HoodShares: claim your included pack, open cards, and play Daily Lineup. It is a digital collectible. It is not a security, not a derivative, and not a claim on any stock or company.",hoodpass.png,https://www.hoodshares.xyz,01,HoodPass,Robinhood Chain
1598,HoodPass,"Season 01 HoodPass on Robinhood Chain. This pass is the door to HoodShares: claim your included pack, open cards, and play Daily Lineup. It is a digital collectible. It is not a security, not a derivative, and not a claim on any stock or company.",hoodpass.png,https://www.hoodshares.xyz,01,HoodPass,Robinhood Chain
1599,HoodPass,"Season 01 HoodPass on Robinhood Chain. This pass is the door to HoodShares: claim your included pack, open cards, and play Daily Lineup. It is a digital collectible. It is not a security, not a derivative, and not a claim on any stock or company.",hoodpass.png,https://www.hoodshares.xyz,01,HoodPass,Robinhood Chain
1600,HoodPass,"Season 01 HoodPass on Robinhood Chain. This pass is the door to HoodShares: claim your included pack, open cards, and play Daily Lineup. It is a digital collectible. It is not a security, not a derivative, and not a claim on any stock or company.",hoodpass.png,https://www.hoodshares.xyz,01,HoodPass,Robinhood Chain
1601,HoodPass,"Season 01 HoodPass on Robinhood Chain. This pass is the door to HoodShares: claim your included pack, open cards, and play Daily Lineup. It is a digital collectible. It is not a security, not a derivative, and not a claim on any stock or company.",hoodpass.png,https://www.hoodshares.xyz,01,HoodPass,Robinhood Chain
1602,HoodPass,"Season 01 HoodPass on Robinhood Chain. This pass is the door to HoodShares: claim your included pack, open cards, and play Daily Lineup. It is a digital collectible. It is not a security, not a derivative, and not a claim on any stock or company.",hoodpass.png,https://www.hoodshares.xyz,01,HoodPass,Robinhood Chain
1603,HoodPass,"Season 01 HoodPass on Robinhood Chain. This pass is the door to HoodShares: claim your included pack, open cards, and play Daily Lineup. It is a digital collectible. It is not a security, not a derivative, and not a claim on any stock or company.",hoodpass.png,https://www.hoodshares.xyz,01,HoodPass,Robinhood Chain
1604,HoodPass,"Season 01 HoodPass on Robinhood Chain. This pass is the door to HoodShares: claim your included pack, open cards, and play Daily Lineup. It is a digital collectible. It is not a security, not a derivative, and not a claim on any stock or company.",hoodpass.png,https://www.hoodshares.xyz,01,HoodPass,Robinhood Chain
1605,HoodPass,"Season 01 HoodPass on Robinhood Chain. This pass is the door to HoodShares: claim your included pack, open cards, and play Daily Lineup. It is a digital collectible. It is not a security, not a derivative, and not a claim on any stock or company.",hoodpass.png,https://www.hoodshares.xyz,01,HoodPass,Robinhood Chain
1606,HoodPass,"Season 01 HoodPass on Robinhood Chain. This pass is the door to HoodShares: claim your included pack, open cards, and play Daily Lineup. It is a digital collectible. It is not a security, not a derivative, and not a claim on any stock or company.",hoodpass.png,https://www.hoodshares.xyz,01,HoodPass,Robinhood Chain
1607,HoodPass,"Season 01 HoodPass on Robinhood Chain. This pass is the door to HoodShares: claim your included pack, open cards, and play Daily Lineup. It is a digital collectible. It is not a security, not a derivative, and not a claim on any stock or company.",hoodpass.png,https://www.hoodshares.xyz,01,HoodPass,Robinhood Chain
1608,HoodPass,"Season 01 HoodPass on Robinhood Chain. This pass is the door to HoodShares: claim your included pack, open cards, and play Daily Lineup. It is a digital collectible. It is not a security, not a derivative, and not a claim on any stock or company.",hoodpass.png,https://www.hoodshares.xyz,01,HoodPass,Robinhood Chain
1609,HoodPass,"Season 01 HoodPass on Robinhood Chain. This pass is the door to HoodShares: claim your included pack, open cards, and play Daily Lineup. It is a digital collectible. It is not a security, not a derivative, and not a claim on any stock or company.",hoodpass.png,https://www.hoodshares.xyz,01,HoodPass,Robinhood Chain
1610,HoodPass,"Season 01 HoodPass on Robinhood Chain. This pass is the door to HoodShares: claim your included pack, open cards, and play Daily Lineup. It is a digital collectible. It is not a security, not a derivative, and not a claim on any stock or company.",hoodpass.png,https://www.hoodshares.xyz,01,HoodPass,Robinhood Chain
1611,HoodPass,"Season 01 HoodPass on Robinhood Chain. This pass is the door to HoodShares: claim your included pack, open cards, and play Daily Lineup. It is a digital collectible. It is not a security, not a derivative, and not a claim on any stock or company.",hoodpass.png,https://www.hoodshares.xyz,01,HoodPass,Robinhood Chain
1612,HoodPass,"Season 01 HoodPass on Robinhood Chain. This pass is the door to HoodShares: claim your included pack, open cards, and play Daily Lineup. It is a digital collectible. It is not a security, not a derivative, and not a claim on any stock or company.",hoodpass.png,https://www.hoodshares.xyz,01,HoodPass,Robinhood Chain
1613,HoodPass,"Season 01 HoodPass on Robinhood Chain. This pass is the door to HoodShares: claim your included pack, open cards, and play Daily Lineup. It is a digital collectible. It is not a security, not a derivative, and not a claim on any stock or company.",hoodpass.png,https://www.hoodshares.xyz,01,HoodPass,Robinhood Chain
1614,HoodPass,"Season 01 HoodPass on Robinhood Chain. This pass is the door to HoodShares: claim your included pack, open cards, and play Daily Lineup. It is a digital collectible. It is not a security, not a derivative, and not a claim on any stock or company.",hoodpass.png,https://www.hoodshares.xyz,01,HoodPass,Robinhood Chain
1615,HoodPass,"Season 01 HoodPass on Robinhood Chain. This pass is the door to HoodShares: claim your included pack, open cards, and play Daily Lineup. It is a digital collectible. It is not a security, not a derivative, and not a claim on any stock or company.",hoodpass.png,https://www.hoodshares.xyz,01,HoodPass,Robinhood Chain
1616,HoodPass,"Season 01 HoodPass on Robinhood Chain. This pass is the door to HoodShares: claim your included pack, open cards, and play Daily Lineup. It is a digital collectible. It is not a security, not a derivative, and not a claim on any stock or company.",hoodpass.png,https://www.hoodshares.xyz,01,HoodPass,Robinhood Chain
1617,HoodPass,"Season 01 HoodPass on Robinhood Chain. This pass is the door to HoodShares: claim your included pack, open cards, and play Daily Lineup. It is a digital collectible. It is not a security, not a derivative, and not a claim on any stock or company.",hoodpass.png,https://www.hoodshares.xyz,01,HoodPass,Robinhood Chain
1618,HoodPass,"Season 01 HoodPass on Robinhood Chain. This pass is the door to HoodShares: claim your included pack, open cards, and play Daily Lineup. It is a digital collectible. It is not a security, not a derivative, and not a claim on any stock or company.",hoodpass.png,https://www.hoodshares.xyz,01,HoodPass,Robinhood Chain
1619,HoodPass,"Season 01 HoodPass on Robinhood Chain. This pass is the door to HoodShares: claim your included pack, open cards, and play Daily Lineup. It is a digital collectible. It is not a security, not a derivative, and not a claim on any stock or company.",hoodpass.png,https://www.hoodshares.xyz,01,HoodPass,Robinhood Chain
1620,HoodPass,"Season 01 HoodPass on Robinhood Chain. This pass is the door to HoodShares: claim your included pack, open cards, and play Daily Lineup. It is a digital collectible. It is not a security, not a derivative, and not a claim on any stock or company.",hoodpass.png,https://www.hoodshares.xyz,01,HoodPass,Robinhood Chain
1621,HoodPass,"Season 01 HoodPass on Robinhood Chain. This pass is the door to HoodShares: claim your included pack, open cards, and play Daily Lineup. It is a digital collectible. It is not a security, not a derivative, and not a claim on any stock or company.",hoodpass.png,https://www.hoodshares.xyz,01,HoodPass,Robinhood Chain
1622,HoodPass,"Season 01 HoodPass on Robinhood Chain. This pass is the door to HoodShares: claim your included pack, open cards, and play Daily Lineup. It is a digital collectible. It is not a security, not a derivative, and not a claim on any stock or company.",hoodpass.png,https://www.hoodshares.xyz,01,HoodPass,Robinhood Chain
1623,HoodPass,"Season 01 HoodPass on Robinhood Chain. This pass is the door to HoodShares: claim your included pack, open cards, and play Daily Lineup. It is a digital collectible. It is not a security, not a derivative, and not a claim on any stock or company.",hoodpass.png,https://www.hoodshares.xyz,01,HoodPass,Robinhood Chain
1624,HoodPass,"Season 01 HoodPass on Robinhood Chain. This pass is the door to HoodShares: claim your included pack, open cards, and play Daily Lineup. It is a digital collectible. It is not a security, not a derivative, and not a claim on any stock or company.",hoodpass.png,https://www.hoodshares.xyz,01,HoodPass,Robinhood Chain
1625,HoodPass,"Season 01 HoodPass on Robinhood Chain. This pass is the door to HoodShares: claim your included pack, open cards, and play Daily Lineup. It is a digital collectible. It is not a security, not a derivative, and not a claim on any stock or company.",hoodpass.png,https://www.hoodshares.xyz,01,HoodPass,Robinhood Chain
1626,HoodPass,"Season 01 HoodPass on Robinhood Chain. This pass is the door to HoodShares: claim your included pack, open cards, and play Daily Lineup. It is a digital collectible. It is not a security, not a derivative, and not a claim on any stock or company.",hoodpass.png,https://www.hoodshares.xyz,01,HoodPass,Robinhood Chain
1627,HoodPass,"Season 01 HoodPass on Robinhood Chain. This pass is the door to HoodShares: claim your included pack, open cards, and play Daily Lineup. It is a digital collectible. It is not a security, not a derivative, and not a claim on any stock or company.",hoodpass.png,https://www.hoodshares.xyz,01,HoodPass,Robinhood Chain
1628,HoodPass,"Season 01 HoodPass on Robinhood Chain. This pass is the door to HoodShares: claim your included pack, open cards, and play Daily Lineup. It is a digital collectible. It is not a security, not a derivative, and not a claim on any stock or company.",hoodpass.png,https://www.hoodshares.xyz,01,HoodPass,Robinhood Chain
1629,HoodPass,"Season 01 HoodPass on Robinhood Chain. This pass is the door to HoodShares: claim your included pack, open cards, and play Daily Lineup. It is a digital collectible. It is not a security, not a derivative, and not a claim on any stock or company.",hoodpass.png,https://www.hoodshares.xyz,01,HoodPass,Robinhood Chain
1630,HoodPass,"Season 01 HoodPass on Robinhood Chain. This pass is the door to HoodShares: claim your included pack, open cards, and play Daily Lineup. It is a digital collectible. It is not a security, not a derivative, and not a claim on any stock or company.",hoodpass.png,https://www.hoodshares.xyz,01,HoodPass,Robinhood Chain
1631,HoodPass,"Season 01 HoodPass on Robinhood Chain. This pass is the door to HoodShares: claim your included pack, open cards, and play Daily Lineup. It is a digital collectible. It is not a security, not a derivative, and not a claim on any stock or company.",hoodpass.png,https://www.hoodshares.xyz,01,HoodPass,Robinhood Chain
1632,HoodPass,"Season 01 HoodPass on Robinhood Chain. This pass is the door to HoodShares: claim your included pack, open cards, and play Daily Lineup. It is a digital collectible. It is not a security, not a derivative, and not a claim on any stock or company.",hoodpass.png,https://www.hoodshares.xyz,01,HoodPass,Robinhood Chain
1633,HoodPass,"Season 01 HoodPass on Robinhood Chain. This pass is the door to HoodShares: claim your included pack, open cards, and play Daily Lineup. It is a digital collectible. It is not a security, not a derivative, and not a claim on any stock or company.",hoodpass.png,https://www.hoodshares.xyz,01,HoodPass,Robinhood Chain
1634,HoodPass,"Season 01 HoodPass on Robinhood Chain. This pass is the door to HoodShares: claim your included pack, open cards, and play Daily Lineup. It is a digital collectible. It is not a security, not a derivative, and not a claim on any stock or company.",hoodpass.png,https://www.hoodshares.xyz,01,HoodPass,Robinhood Chain
1635,HoodPass,"Season 01 HoodPass on Robinhood Chain. This pass is the door to HoodShares: claim your included pack, open cards, and play Daily Lineup. It is a digital collectible. It is not a security, not a derivative, and not a claim on any stock or company.",hoodpass.png,https://www.hoodshares.xyz,01,HoodPass,Robinhood Chain
1636,HoodPass,"Season 01 HoodPass on Robinhood Chain. This pass is the door to HoodShares: claim your included pack, open cards, and play Daily Lineup. It is a digital collectible. It is not a security, not a derivative, and not a claim on any stock or company.",hoodpass.png,https://www.hoodshares.xyz,01,HoodPass,Robinhood Chain
1637,HoodPass,"Season 01 HoodPass on Robinhood Chain. This pass is the door to HoodShares: claim your included pack, open cards, and play Daily Lineup. It is a digital collectible. It is not a security, not a derivative, and not a claim on any stock or company.",hoodpass.png,https://www.hoodshares.xyz,01,HoodPass,Robinhood Chain
1638,HoodPass,"Season 01 HoodPass on Robinhood Chain. This pass is the door to HoodShares: claim your included pack, open cards, and play Daily Lineup. It is a digital collectible. It is not a security, not a derivative, and not a claim on any stock or company.",hoodpass.png,https://www.hoodshares.xyz,01,HoodPass,Robinhood Chain
1639,HoodPass,"Season 01 HoodPass on Robinhood Chain. This pass is the door to HoodShares: claim your included pack, open cards, and play Daily Lineup. It is a digital collectible. It is not a security, not a derivative, and not a claim on any stock or company.",hoodpass.png,https://www.hoodshares.xyz,01,HoodPass,Robinhood Chain
1640,HoodPass,"Season 01 HoodPass on Robinhood Chain. This pass is the door to HoodShares: claim your included pack, open cards, and play Daily Lineup. It is a digital collectible. It is not a security, not a derivative, and not a claim on any stock or company.",hoodpass.png,https://www.hoodshares.xyz,01,HoodPass,Robinhood Chain
1641,HoodPass,"Season 01 HoodPass on Robinhood Chain. This pass is the door to HoodShares: claim your included pack, open cards, and play Daily Lineup. It is a digital collectible. It is not a security, not a derivative, and not a claim on any stock or company.",hoodpass.png,https://www.hoodshares.xyz,01,HoodPass,Robinhood Chain
1642,HoodPass,"Season 01 HoodPass on Robinhood Chain. This pass is the door to HoodShares: claim your included pack, open cards, and play Daily Lineup. It is a digital collectible. It is not a security, not a derivative, and not a claim on any stock or company.",hoodpass.png,https://www.hoodshares.xyz,01,HoodPass,Robinhood Chain
1643,HoodPass,"Season 01 HoodPass on Robinhood Chain. This pass is the door to HoodShares: claim your included pack, open cards, and play Daily Lineup. It is a digital collectible. It is not a security, not a derivative, and not a claim on any stock or company.",hoodpass.png,https://www.hoodshares.xyz,01,HoodPass,Robinhood Chain
1644,HoodPass,"Season 01 HoodPass on Robinhood Chain. This pass is the door to HoodShares: claim your included pack, open cards, and play Daily Lineup. It is a digital collectible. It is not a security, not a derivative, and not a claim on any stock or company.",hoodpass.png,https://www.hoodshares.xyz,01,HoodPass,Robinhood Chain
1645,HoodPass,"Season 01 HoodPass on Robinhood Chain. This pass is the door to HoodShares: claim your included pack, open cards, and play Daily Lineup. It is a digital collectible. It is not a security, not a derivative, and not a claim on any stock or company.",hoodpass.png,https://www.hoodshares.xyz,01,HoodPass,Robinhood Chain
1646,HoodPass,"Season 01 HoodPass on Robinhood Chain. This pass is the door to HoodShares: claim your included pack, open cards, and play Daily Lineup. It is a digital collectible. It is not a security, not a derivative, and not a claim on any stock or company.",hoodpass.png,https://www.hoodshares.xyz,01,HoodPass,Robinhood Chain
1647,HoodPass,"Season 01 HoodPass on Robinhood Chain. This pass is the door to HoodShares: claim your included pack, open cards, and play Daily Lineup. It is a digital collectible. It is not a security, not a derivative, and not a claim on any stock or company.",hoodpass.png,https://www.hoodshares.xyz,01,HoodPass,Robinhood Chain
1648,HoodPass,"Season 01 HoodPass on Robinhood Chain. This pass is the door to HoodShares: claim your included pack, open cards, and play Daily Lineup. It is a digital collectible. It is not a security, not a derivative, and not a claim on any stock or company.",hoodpass.png,https://www.hoodshares.xyz,01,HoodPass,Robinhood Chain
1649,HoodPass,"Season 01 HoodPass on Robinhood Chain. This pass is the door to HoodShares: claim your included pack, open cards, and play Daily Lineup. It is a digital collectible. It is not a security, not a derivative, and not a claim on any stock or company.",hoodpass.png,https://www.hoodshares.xyz,01,HoodPass,Robinhood Chain
1650,HoodPass,"Season 01 HoodPass on Robinhood Chain. This pass is the door to HoodShares: claim your included pack, open cards, and play Daily Lineup. It is a digital collectible. It is not a security, not a derivative, and not a claim on any stock or company.",hoodpass.png,https://www.hoodshares.xyz,01,HoodPass,Robinhood Chain
1651,HoodPass,"Season 01 HoodPass on Robinhood Chain. This pass is the door to HoodShares: claim your included pack, open cards, and play Daily Lineup. It is a digital collectible. It is not a security, not a derivative, and not a claim on any stock or company.",hoodpass.png,https://www.hoodshares.xyz,01,HoodPass,Robinhood Chain
1652,HoodPass,"Season 01 HoodPass on Robinhood Chain. This pass is the door to HoodShares: claim your included pack, open cards, and play Daily Lineup. It is a digital collectible. It is not a security, not a derivative, and not a claim on any stock or company.",hoodpass.png,https://www.hoodshares.xyz,01,HoodPass,Robinhood Chain
1653,HoodPass,"Season 01 HoodPass on Robinhood Chain. This pass is the door to HoodShares: claim your included pack, open cards, and play Daily Lineup. It is a digital collectible. It is not a security, not a derivative, and not a claim on any stock or company.",hoodpass.png,https://www.hoodshares.xyz,01,HoodPass,Robinhood Chain
1654,HoodPass,"Season 01 HoodPass on Robinhood Chain. This pass is the door to HoodShares: claim your included pack, open cards, and play Daily Lineup. It is a digital collectible. It is not a security, not a derivative, and not a claim on any stock or company.",hoodpass.png,https://www.hoodshares.xyz,01,HoodPass,Robinhood Chain
1655,HoodPass,"Season 01 HoodPass on Robinhood Chain. This pass is the door to HoodShares: claim your included pack, open cards, and play Daily Lineup. It is a digital collectible. It is not a security, not a derivative, and not a claim on any stock or company.",hoodpass.png,https://www.hoodshares.xyz,01,HoodPass,Robinhood Chain
1656,HoodPass,"Season 01 HoodPass on Robinhood Chain. This pass is the door to HoodShares: claim your included pack, open cards, and play Daily Lineup. It is a digital collectible. It is not a security, not a derivative, and not a claim on any stock or company.",hoodpass.png,https://www.hoodshares.xyz,01,HoodPass,Robinhood Chain
1657,HoodPass,"Season 01 HoodPass on Robinhood Chain. This pass is the door to HoodShares: claim your included pack, open cards, and play Daily Lineup. It is a digital collectible. It is not a security, not a derivative, and not a claim on any stock or company.",hoodpass.png,https://www.hoodshares.xyz,01,HoodPass,Robinhood Chain
1658,HoodPass,"Season 01 HoodPass on Robinhood Chain. This pass is the door to HoodShares: claim your included pack, open cards, and play Daily Lineup. It is a digital collectible. It is not a security, not a derivative, and not a claim on any stock or company.",hoodpass.png,https://www.hoodshares.xyz,01,HoodPass,Robinhood Chain
1659,HoodPass,"Season 01 HoodPass on Robinhood Chain. This pass is the door to HoodShares: claim your included pack, open cards, and play Daily Lineup. It is a digital collectible. It is not a security, not a derivative, and not a claim on any stock or company.",hoodpass.png,https://www.hoodshares.xyz,01,HoodPass,Robinhood Chain
1660,HoodPass,"Season 01 HoodPass on Robinhood Chain. This pass is the door to HoodShares: claim your included pack, open cards, and play Daily Lineup. It is a digital collectible. It is not a security, not a derivative, and not a claim on any stock or company.",hoodpass.png,https://www.hoodshares.xyz,01,HoodPass,Robinhood Chain
1661,HoodPass,"Season 01 HoodPass on Robinhood Chain. This pass is the door to HoodShares: claim your included pack, open cards, and play Daily Lineup. It is a digital collectible. It is not a security, not a derivative, and not a claim on any stock or company.",hoodpass.png,https://www.hoodshares.xyz,01,HoodPass,Robinhood Chain
1662,HoodPass,"Season 01 HoodPass on Robinhood Chain. This pass is the door to HoodShares: claim your included pack, open cards, and play Daily Lineup. It is a digital collectible. It is not a security, not a derivative, and not a claim on any stock or company.",hoodpass.png,https://www.hoodshares.xyz,01,HoodPass,Robinhood Chain
1663,HoodPass,"Season 01 HoodPass on Robinhood Chain. This pass is the door to HoodShares: claim your included pack, open cards, and play Daily Lineup. It is a digital collectible. It is not a security, not a derivative, and not a claim on any stock or company.",hoodpass.png,https://www.hoodshares.xyz,01,HoodPass,Robinhood Chain
1664,HoodPass,"Season 01 HoodPass on Robinhood Chain. This pass is the door to HoodShares: claim your included pack, open cards, and play Daily Lineup. It is a digital collectible. It is not a security, not a derivative, and not a claim on any stock or company.",hoodpass.png,https://www.hoodshares.xyz,01,HoodPass,Robinhood Chain
1665,HoodPass,"Season 01 HoodPass on Robinhood Chain. This pass is the door to HoodShares: claim your included pack, open cards, and play Daily Lineup. It is a digital collectible. It is not a security, not a derivative, and not a claim on any stock or company.",hoodpass.png,https://www.hoodshares.xyz,01,HoodPass,Robinhood Chain
1666,HoodPass,"Season 01 HoodPass on Robinhood Chain. This pass is the door to HoodShares: claim your included pack, open cards, and play Daily Lineup. It is a digital collectible. It is not a security, not a derivative, and not a claim on any stock or company.",hoodpass.png,https://www.hoodshares.xyz,01,HoodPass,Robinhood Chain
1667,HoodPass,"Season 01 HoodPass on Robinhood Chain. This pass is the door to HoodShares: claim your included pack, open cards, and play Daily Lineup. It is a digital collectible. It is not a security, not a derivative, and not a claim on any stock or company.",hoodpass.png,https://www.hoodshares.xyz,01,HoodPass,Robinhood Chain
1668,HoodPass,"Season 01 HoodPass on Robinhood Chain. This pass is the door to HoodShares: claim your included pack, open cards, and play Daily Lineup. It is a digital collectible. It is not a security, not a derivative, and not a claim on any stock or company.",hoodpass.png,https://www.hoodshares.xyz,01,HoodPass,Robinhood Chain
1669,HoodPass,"Season 01 HoodPass on Robinhood Chain. This pass is the door to HoodShares: claim your included pack, open cards, and play Daily Lineup. It is a digital collectible. It is not a security, not a derivative, and not a claim on any stock or company.",hoodpass.png,https://www.hoodshares.xyz,01,HoodPass,Robinhood Chain
1670,HoodPass,"Season 01 HoodPass on Robinhood Chain. This pass is the door to HoodShares: claim your included pack, open cards, and play Daily Lineup. It is a digital collectible. It is not a security, not a derivative, and not a claim on any stock or company.",hoodpass.png,https://www.hoodshares.xyz,01,HoodPass,Robinhood Chain
1671,HoodPass,"Season 01 HoodPass on Robinhood Chain. This pass is the door to HoodShares: claim your included pack, open cards, and play Daily Lineup. It is a digital collectible. It is not a security, not a derivative, and not a claim on any stock or company.",hoodpass.png,https://www.hoodshares.xyz,01,HoodPass,Robinhood Chain
1672,HoodPass,"Season 01 HoodPass on Robinhood Chain. This pass is the door to HoodShares: claim your included pack, open cards, and play Daily Lineup. It is a digital collectible. It is not a security, not a derivative, and not a claim on any stock or company.",hoodpass.png,https://www.hoodshares.xyz,01,HoodPass,Robinhood Chain
1673,HoodPass,"Season 01 HoodPass on Robinhood Chain. This pass is the door to HoodShares: claim your included pack, open cards, and play Daily Lineup. It is a digital collectible. It is not a security, not a derivative, and not a claim on any stock or company.",hoodpass.png,https://www.hoodshares.xyz,01,HoodPass,Robinhood Chain
1674,HoodPass,"Season 01 HoodPass on Robinhood Chain. This pass is the door to HoodShares: claim your included pack, open cards, and play Daily Lineup. It is a digital collectible. It is not a security, not a derivative, and not a claim on any stock or company.",hoodpass.png,https://www.hoodshares.xyz,01,HoodPass,Robinhood Chain
1675,HoodPass,"Season 01 HoodPass on Robinhood Chain. This pass is the door to HoodShares: claim your included pack, open cards, and play Daily Lineup. It is a digital collectible. It is not a security, not a derivative, and not a claim on any stock or company.",hoodpass.png,https://www.hoodshares.xyz,01,HoodPass,Robinhood Chain
1676,HoodPass,"Season 01 HoodPass on Robinhood Chain. This pass is the door to HoodShares: claim your included pack, open cards, and play Daily Lineup. It is a digital collectible. It is not a security, not a derivative, and not a claim on any stock or company.",hoodpass.png,https://www.hoodshares.xyz,01,HoodPass,Robinhood Chain
1677,HoodPass,"Season 01 HoodPass on Robinhood Chain. This pass is the door to HoodShares: claim your included pack, open cards, and play Daily Lineup. It is a digital collectible. It is not a security, not a derivative, and not a claim on any stock or company.",hoodpass.png,https://www.hoodshares.xyz,01,HoodPass,Robinhood Chain
1678,HoodPass,"Season 01 HoodPass on Robinhood Chain. This pass is the door to HoodShares: claim your included pack, open cards, and play Daily Lineup. It is a digital collectible. It is not a security, not a derivative, and not a claim on any stock or company.",hoodpass.png,https://www.hoodshares.xyz,01,HoodPass,Robinhood Chain
1679,HoodPass,"Season 01 HoodPass on Robinhood Chain. This pass is the door to HoodShares: claim your included pack, open cards, and play Daily Lineup. It is a digital collectible. It is not a security, not a derivative, and not a claim on any stock or company.",hoodpass.png,https://www.hoodshares.xyz,01,HoodPass,Robinhood Chain
1680,HoodPass,"Season 01 HoodPass on Robinhood Chain. This pass is the door to HoodShares: claim your included pack, open cards, and play Daily Lineup. It is a digital collectible. It is not a security, not a derivative, and not a claim on any stock or company.",hoodpass.png,https://www.hoodshares.xyz,01,HoodPass,Robinhood Chain
1681,HoodPass,"Season 01 HoodPass on Robinhood Chain. This pass is the door to HoodShares: claim your included pack, open cards, and play Daily Lineup. It is a digital collectible. It is not a security, not a derivative, and not a claim on any stock or company.",hoodpass.png,https://www.hoodshares.xyz,01,HoodPass,Robinhood Chain
1682,HoodPass,"Season 01 HoodPass on Robinhood Chain. This pass is the door to HoodShares: claim your included pack, open cards, and play Daily Lineup. It is a digital collectible. It is not a security, not a derivative, and not a claim on any stock or company.",hoodpass.png,https://www.hoodshares.xyz,01,HoodPass,Robinhood Chain
1683,HoodPass,"Season 01 HoodPass on Robinhood Chain. This pass is the door to HoodShares: claim your included pack, open cards, and play Daily Lineup. It is a digital collectible. It is not a security, not a derivative, and not a claim on any stock or company.",hoodpass.png,https://www.hoodshares.xyz,01,HoodPass,Robinhood Chain
1684,HoodPass,"Season 01 HoodPass on Robinhood Chain. This pass is the door to HoodShares: claim your included pack, open cards, and play Daily Lineup. It is a digital collectible. It is not a security, not a derivative, and not a claim on any stock or company.",hoodpass.png,https://www.hoodshares.xyz,01,HoodPass,Robinhood Chain
1685,HoodPass,"Season 01 HoodPass on Robinhood Chain. This pass is the door to HoodShares: claim your included pack, open cards, and play Daily Lineup. It is a digital collectible. It is not a security, not a derivative, and not a claim on any stock or company.",hoodpass.png,https://www.hoodshares.xyz,01,HoodPass,Robinhood Chain
1686,HoodPass,"Season 01 HoodPass on Robinhood Chain. This pass is the door to HoodShares: claim your included pack, open cards, and play Daily Lineup. It is a digital collectible. It is not a security, not a derivative, and not a claim on any stock or company.",hoodpass.png,https://www.hoodshares.xyz,01,HoodPass,Robinhood Chain
1687,HoodPass,"Season 01 HoodPass on Robinhood Chain. This pass is the door to HoodShares: claim your included pack, open cards, and play Daily Lineup. It is a digital collectible. It is not a security, not a derivative, and not a claim on any stock or company.",hoodpass.png,https://www.hoodshares.xyz,01,HoodPass,Robinhood Chain
1688,HoodPass,"Season 01 HoodPass on Robinhood Chain. This pass is the door to HoodShares: claim your included pack, open cards, and play Daily Lineup. It is a digital collectible. It is not a security, not a derivative, and not a claim on any stock or company.",hoodpass.png,https://www.hoodshares.xyz,01,HoodPass,Robinhood Chain
1689,HoodPass,"Season 01 HoodPass on Robinhood Chain. This pass is the door to HoodShares: claim your included pack, open cards, and play Daily Lineup. It is a digital collectible. It is not a security, not a derivative, and not a claim on any stock or company.",hoodpass.png,https://www.hoodshares.xyz,01,HoodPass,Robinhood Chain
1690,HoodPass,"Season 01 HoodPass on Robinhood Chain. This pass is the door to HoodShares: claim your included pack, open cards, and play Daily Lineup. It is a digital collectible. It is not a security, not a derivative, and not a claim on any stock or company.",hoodpass.png,https://www.hoodshares.xyz,01,HoodPass,Robinhood Chain
1691,HoodPass,"Season 01 HoodPass on Robinhood Chain. This pass is the door to HoodShares: claim your included pack, open cards, and play Daily Lineup. It is a digital collectible. It is not a security, not a derivative, and not a claim on any stock or company.",hoodpass.png,https://www.hoodshares.xyz,01,HoodPass,Robinhood Chain
1692,HoodPass,"Season 01 HoodPass on Robinhood Chain. This pass is the door to HoodShares: claim your included pack, open cards, and play Daily Lineup. It is a digital collectible. It is not a security, not a derivative, and not a claim on any stock or company.",hoodpass.png,https://www.hoodshares.xyz,01,HoodPass,Robinhood Chain
1693,HoodPass,"Season 01 HoodPass on Robinhood Chain. This pass is the door to HoodShares: claim your included pack, open cards, and play Daily Lineup. It is a digital collectible. It is not a security, not a derivative, and not a claim on any stock or company.",hoodpass.png,https://www.hoodshares.xyz,01,HoodPass,Robinhood Chain
1694,HoodPass,"Season 01 HoodPass on Robinhood Chain. This pass is the door to HoodShares: claim your included pack, open cards, and play Daily Lineup. It is a digital collectible. It is not a security, not a derivative, and not a claim on any stock or company.",hoodpass.png,https://www.hoodshares.xyz,01,HoodPass,Robinhood Chain
1695,HoodPass,"Season 01 HoodPass on Robinhood Chain. This pass is the door to HoodShares: claim your included pack, open cards, and play Daily Lineup. It is a digital collectible. It is not a security, not a derivative, and not a claim on any stock or company.",hoodpass.png,https://www.hoodshares.xyz,01,HoodPass,Robinhood Chain
1696,HoodPass,"Season 01 HoodPass on Robinhood Chain. This pass is the door to HoodShares: claim your included pack, open cards, and play Daily Lineup. It is a digital collectible. It is not a security, not a derivative, and not a claim on any stock or company.",hoodpass.png,https://www.hoodshares.xyz,01,HoodPass,Robinhood Chain
1697,HoodPass,"Season 01 HoodPass on Robinhood Chain. This pass is the door to HoodShares: claim your included pack, open cards, and play Daily Lineup. It is a digital collectible. It is not a security, not a derivative, and not a claim on any stock or company.",hoodpass.png,https://www.hoodshares.xyz,01,HoodPass,Robinhood Chain
1698,HoodPass,"Season 01 HoodPass on Robinhood Chain. This pass is the door to HoodShares: claim your included pack, open cards, and play Daily Lineup. It is a digital collectible. It is not a security, not a derivative, and not a claim on any stock or company.",hoodpass.png,https://www.hoodshares.xyz,01,HoodPass,Robinhood Chain
1699,HoodPass,"Season 01 HoodPass on Robinhood Chain. This pass is the door to HoodShares: claim your included pack, open cards, and play Daily Lineup. It is a digital collectible. It is not a security, not a derivative, and not a claim on any stock or company.",hoodpass.png,https://www.hoodshares.xyz,01,HoodPass,Robinhood Chain
1700,HoodPass,"Season 01 HoodPass on Robinhood Chain. This pass is the door to HoodShares: claim your included pack, open cards, and play Daily Lineup. It is a digital collectible. It is not a security, not a derivative, and not a claim on any stock or company.",hoodpass.png,https://www.hoodshares.xyz,01,HoodPass,Robinhood Chain
1701,HoodPass,"Season 01 HoodPass on Robinhood Chain. This pass is the door to HoodShares: claim your included pack, open cards, and play Daily Lineup. It is a digital collectible. It is not a security, not a derivative, and not a claim on any stock or company.",hoodpass.png,https://www.hoodshares.xyz,01,HoodPass,Robinhood Chain
1702,HoodPass,"Season 01 HoodPass on Robinhood Chain. This pass is the door to HoodShares: claim your included pack, open cards, and play Daily Lineup. It is a digital collectible. It is not a security, not a derivative, and not a claim on any stock or company.",hoodpass.png,https://www.hoodshares.xyz,01,HoodPass,Robinhood Chain
1703,HoodPass,"Season 01 HoodPass on Robinhood Chain. This pass is the door to HoodShares: claim your included pack, open cards, and play Daily Lineup. It is a digital collectible. It is not a security, not a derivative, and not a claim on any stock or company.",hoodpass.png,https://www.hoodshares.xyz,01,HoodPass,Robinhood Chain
1704,HoodPass,"Season 01 HoodPass on Robinhood Chain. This pass is the door to HoodShares: claim your included pack, open cards, and play Daily Lineup. It is a digital collectible. It is not a security, not a derivative, and not a claim on any stock or company.",hoodpass.png,https://www.hoodshares.xyz,01,HoodPass,Robinhood Chain
1705,HoodPass,"Season 01 HoodPass on Robinhood Chain. This pass is the door to HoodShares: claim your included pack, open cards, and play Daily Lineup. It is a digital collectible. It is not a security, not a derivative, and not a claim on any stock or company.",hoodpass.png,https://www.hoodshares.xyz,01,HoodPass,Robinhood Chain
1706,HoodPass,"Season 01 HoodPass on Robinhood Chain. This pass is the door to HoodShares: claim your included pack, open cards, and play Daily Lineup. It is a digital collectible. It is not a security, not a derivative, and not a claim on any stock or company.",hoodpass.png,https://www.hoodshares.xyz,01,HoodPass,Robinhood Chain
1707,HoodPass,"Season 01 HoodPass on Robinhood Chain. This pass is the door to HoodShares: claim your included pack, open cards, and play Daily Lineup. It is a digital collectible. It is not a security, not a derivative, and not a claim on any stock or company.",hoodpass.png,https://www.hoodshares.xyz,01,HoodPass,Robinhood Chain
1708,HoodPass,"Season 01 HoodPass on Robinhood Chain. This pass is the door to HoodShares: claim your included pack, open cards, and play Daily Lineup. It is a digital collectible. It is not a security, not a derivative, and not a claim on any stock or company.",hoodpass.png,https://www.hoodshares.xyz,01,HoodPass,Robinhood Chain
1709,HoodPass,"Season 01 HoodPass on Robinhood Chain. This pass is the door to HoodShares: claim your included pack, open cards, and play Daily Lineup. It is a digital collectible. It is not a security, not a derivative, and not a claim on any stock or company.",hoodpass.png,https://www.hoodshares.xyz,01,HoodPass,Robinhood Chain
1710,HoodPass,"Season 01 HoodPass on Robinhood Chain. This pass is the door to HoodShares: claim your included pack, open cards, and play Daily Lineup. It is a digital collectible. It is not a security, not a derivative, and not a claim on any stock or company.",hoodpass.png,https://www.hoodshares.xyz,01,HoodPass,Robinhood Chain
1711,HoodPass,"Season 01 HoodPass on Robinhood Chain. This pass is the door to HoodShares: claim your included pack, open cards, and play Daily Lineup. It is a digital collectible. It is not a security, not a derivative, and not a claim on any stock or company.",hoodpass.png,https://www.hoodshares.xyz,01,HoodPass,Robinhood Chain
1712,HoodPass,"Season 01 HoodPass on Robinhood Chain. This pass is the door to HoodShares: claim your included pack, open cards, and play Daily Lineup. It is a digital collectible. It is not a security, not a derivative, and not a claim on any stock or company.",hoodpass.png,https://www.hoodshares.xyz,01,HoodPass,Robinhood Chain
1713,HoodPass,"Season 01 HoodPass on Robinhood Chain. This pass is the door to HoodShares: claim your included pack, open cards, and play Daily Lineup. It is a digital collectible. It is not a security, not a derivative, and not a claim on any stock or company.",hoodpass.png,https://www.hoodshares.xyz,01,HoodPass,Robinhood Chain
1714,HoodPass,"Season 01 HoodPass on Robinhood Chain. This pass is the door to HoodShares: claim your included pack, open cards, and play Daily Lineup. It is a digital collectible. It is not a security, not a derivative, and not a claim on any stock or company.",hoodpass.png,https://www.hoodshares.xyz,01,HoodPass,Robinhood Chain
1715,HoodPass,"Season 01 HoodPass on Robinhood Chain. This pass is the door to HoodShares: claim your included pack, open cards, and play Daily Lineup. It is a digital collectible. It is not a security, not a derivative, and not a claim on any stock or company.",hoodpass.png,https://www.hoodshares.xyz,01,HoodPass,Robinhood Chain
1716,HoodPass,"Season 01 HoodPass on Robinhood Chain. This pass is the door to HoodShares: claim your included pack, open cards, and play Daily Lineup. It is a digital collectible. It is not a security, not a derivative, and not a claim on any stock or company.",hoodpass.png,https://www.hoodshares.xyz,01,HoodPass,Robinhood Chain
1717,HoodPass,"Season 01 HoodPass on Robinhood Chain. This pass is the door to HoodShares: claim your included pack, open cards, and play Daily Lineup. It is a digital collectible. It is not a security, not a derivative, and not a claim on any stock or company.",hoodpass.png,https://www.hoodshares.xyz,01,HoodPass,Robinhood Chain
1718,HoodPass,"Season 01 HoodPass on Robinhood Chain. This pass is the door to HoodShares: claim your included pack, open cards, and play Daily Lineup. It is a digital collectible. It is not a security, not a derivative, and not a claim on any stock or company.",hoodpass.png,https://www.hoodshares.xyz,01,HoodPass,Robinhood Chain
1719,HoodPass,"Season 01 HoodPass on Robinhood Chain. This pass is the door to HoodShares: claim your included pack, open cards, and play Daily Lineup. It is a digital collectible. It is not a security, not a derivative, and not a claim on any stock or company.",hoodpass.png,https://www.hoodshares.xyz,01,HoodPass,Robinhood Chain
1720,HoodPass,"Season 01 HoodPass on Robinhood Chain. This pass is the door to HoodShares: claim your included pack, open cards, and play Daily Lineup. It is a digital collectible. It is not a security, not a derivative, and not a claim on any stock or company.",hoodpass.png,https://www.hoodshares.xyz,01,HoodPass,Robinhood Chain
1721,HoodPass,"Season 01 HoodPass on Robinhood Chain. This pass is the door to HoodShares: claim your included pack, open cards, and play Daily Lineup. It is a digital collectible. It is not a security, not a derivative, and not a claim on any stock or company.",hoodpass.png,https://www.hoodshares.xyz,01,HoodPass,Robinhood Chain
1722,HoodPass,"Season 01 HoodPass on Robinhood Chain. This pass is the door to HoodShares: claim your included pack, open cards, and play Daily Lineup. It is a digital collectible. It is not a security, not a derivative, and not a claim on any stock or company.",hoodpass.png,https://www.hoodshares.xyz,01,HoodPass,Robinhood Chain
1723,HoodPass,"Season 01 HoodPass on Robinhood Chain. This pass is the door to HoodShares: claim your included pack, open cards, and play Daily Lineup. It is a digital collectible. It is not a security, not a derivative, and not a claim on any stock or company.",hoodpass.png,https://www.hoodshares.xyz,01,HoodPass,Robinhood Chain
1724,HoodPass,"Season 01 HoodPass on Robinhood Chain. This pass is the door to HoodShares: claim your included pack, open cards, and play Daily Lineup. It is a digital collectible. It is not a security, not a derivative, and not a claim on any stock or company.",hoodpass.png,https://www.hoodshares.xyz,01,HoodPass,Robinhood Chain
1725,HoodPass,"Season 01 HoodPass on Robinhood Chain. This pass is the door to HoodShares: claim your included pack, open cards, and play Daily Lineup. It is a digital collectible. It is not a security, not a derivative, and not a claim on any stock or company.",hoodpass.png,https://www.hoodshares.xyz,01,HoodPass,Robinhood Chain
1726,HoodPass,"Season 01 HoodPass on Robinhood Chain. This pass is the door to HoodShares: claim your included pack, open cards, and play Daily Lineup. It is a digital collectible. It is not a security, not a derivative, and not a claim on any stock or company.",hoodpass.png,https://www.hoodshares.xyz,01,HoodPass,Robinhood Chain
1727,HoodPass,"Season 01 HoodPass on Robinhood Chain. This pass is the door to HoodShares: claim your included pack, open cards, and play Daily Lineup. It is a digital collectible. It is not a security, not a derivative, and not a claim on any stock or company.",hoodpass.png,https://www.hoodshares.xyz,01,HoodPass,Robinhood Chain
1728,HoodPass,"Season 01 HoodPass on Robinhood Chain. This pass is the door to HoodShares: claim your included pack, open cards, and play Daily Lineup. It is a digital collectible. It is not a security, not a derivative, and not a claim on any stock or company.",hoodpass.png,https://www.hoodshares.xyz,01,HoodPass,Robinhood Chain
1729,HoodPass,"Season 01 HoodPass on Robinhood Chain. This pass is the door to HoodShares: claim your included pack, open cards, and play Daily Lineup. It is a digital collectible. It is not a security, not a derivative, and not a claim on any stock or company.",hoodpass.png,https://www.hoodshares.xyz,01,HoodPass,Robinhood Chain
1730,HoodPass,"Season 01 HoodPass on Robinhood Chain. This pass is the door to HoodShares: claim your included pack, open cards, and play Daily Lineup. It is a digital collectible. It is not a security, not a derivative, and not a claim on any stock or company.",hoodpass.png,https://www.hoodshares.xyz,01,HoodPass,Robinhood Chain
1731,HoodPass,"Season 01 HoodPass on Robinhood Chain. This pass is the door to HoodShares: claim your included pack, open cards, and play Daily Lineup. It is a digital collectible. It is not a security, not a derivative, and not a claim on any stock or company.",hoodpass.png,https://www.hoodshares.xyz,01,HoodPass,Robinhood Chain
1732,HoodPass,"Season 01 HoodPass on Robinhood Chain. This pass is the door to HoodShares: claim your included pack, open cards, and play Daily Lineup. It is a digital collectible. It is not a security, not a derivative, and not a claim on any stock or company.",hoodpass.png,https://www.hoodshares.xyz,01,HoodPass,Robinhood Chain
1733,HoodPass,"Season 01 HoodPass on Robinhood Chain. This pass is the door to HoodShares: claim your included pack, open cards, and play Daily Lineup. It is a digital collectible. It is not a security, not a derivative, and not a claim on any stock or company.",hoodpass.png,https://www.hoodshares.xyz,01,HoodPass,Robinhood Chain
1734,HoodPass,"Season 01 HoodPass on Robinhood Chain. This pass is the door to HoodShares: claim your included pack, open cards, and play Daily Lineup. It is a digital collectible. It is not a security, not a derivative, and not a claim on any stock or company.",hoodpass.png,https://www.hoodshares.xyz,01,HoodPass,Robinhood Chain
1735,HoodPass,"Season 01 HoodPass on Robinhood Chain. This pass is the door to HoodShares: claim your included pack, open cards, and play Daily Lineup. It is a digital collectible. It is not a security, not a derivative, and not a claim on any stock or company.",hoodpass.png,https://www.hoodshares.xyz,01,HoodPass,Robinhood Chain
1736,HoodPass,"Season 01 HoodPass on Robinhood Chain. This pass is the door to HoodShares: claim your included pack, open cards, and play Daily Lineup. It is a digital collectible. It is not a security, not a derivative, and not a claim on any stock or company.",hoodpass.png,https://www.hoodshares.xyz,01,HoodPass,Robinhood Chain
1737,HoodPass,"Season 01 HoodPass on Robinhood Chain. This pass is the door to HoodShares: claim your included pack, open cards, and play Daily Lineup. It is a digital collectible. It is not a security, not a derivative, and not a claim on any stock or company.",hoodpass.png,https://www.hoodshares.xyz,01,HoodPass,Robinhood Chain
1738,HoodPass,"Season 01 HoodPass on Robinhood Chain. This pass is the door to HoodShares: claim your included pack, open cards, and play Daily Lineup. It is a digital collectible. It is not a security, not a derivative, and not a claim on any stock or company.",hoodpass.png,https://www.hoodshares.xyz,01,HoodPass,Robinhood Chain
1739,HoodPass,"Season 01 HoodPass on Robinhood Chain. This pass is the door to HoodShares: claim your included pack, open cards, and play Daily Lineup. It is a digital collectible. It is not a security, not a derivative, and not a claim on any stock or company.",hoodpass.png,https://www.hoodshares.xyz,01,HoodPass,Robinhood Chain
1740,HoodPass,"Season 01 HoodPass on Robinhood Chain. This pass is the door to HoodShares: claim your included pack, open cards, and play Daily Lineup. It is a digital collectible. It is not a security, not a derivative, and not a claim on any stock or company.",hoodpass.png,https://www.hoodshares.xyz,01,HoodPass,Robinhood Chain
1741,HoodPass,"Season 01 HoodPass on Robinhood Chain. This pass is the door to HoodShares: claim your included pack, open cards, and play Daily Lineup. It is a digital collectible. It is not a security, not a derivative, and not a claim on any stock or company.",hoodpass.png,https://www.hoodshares.xyz,01,HoodPass,Robinhood Chain
1742,HoodPass,"Season 01 HoodPass on Robinhood Chain. This pass is the door to HoodShares: claim your included pack, open cards, and play Daily Lineup. It is a digital collectible. It is not a security, not a derivative, and not a claim on any stock or company.",hoodpass.png,https://www.hoodshares.xyz,01,HoodPass,Robinhood Chain
1743,HoodPass,"Season 01 HoodPass on Robinhood Chain. This pass is the door to HoodShares: claim your included pack, open cards, and play Daily Lineup. It is a digital collectible. It is not a security, not a derivative, and not a claim on any stock or company.",hoodpass.png,https://www.hoodshares.xyz,01,HoodPass,Robinhood Chain
1744,HoodPass,"Season 01 HoodPass on Robinhood Chain. This pass is the door to HoodShares: claim your included pack, open cards, and play Daily Lineup. It is a digital collectible. It is not a security, not a derivative, and not a claim on any stock or company.",hoodpass.png,https://www.hoodshares.xyz,01,HoodPass,Robinhood Chain
1745,HoodPass,"Season 01 HoodPass on Robinhood Chain. This pass is the door to HoodShares: claim your included pack, open cards, and play Daily Lineup. It is a digital collectible. It is not a security, not a derivative, and not a claim on any stock or company.",hoodpass.png,https://www.hoodshares.xyz,01,HoodPass,Robinhood Chain
1746,HoodPass,"Season 01 HoodPass on Robinhood Chain. This pass is the door to HoodShares: claim your included pack, open cards, and play Daily Lineup. It is a digital collectible. It is not a security, not a derivative, and not a claim on any stock or company.",hoodpass.png,https://www.hoodshares.xyz,01,HoodPass,Robinhood Chain
1747,HoodPass,"Season 01 HoodPass on Robinhood Chain. This pass is the door to HoodShares: claim your included pack, open cards, and play Daily Lineup. It is a digital collectible. It is not a security, not a derivative, and not a claim on any stock or company.",hoodpass.png,https://www.hoodshares.xyz,01,HoodPass,Robinhood Chain
1748,HoodPass,"Season 01 HoodPass on Robinhood Chain. This pass is the door to HoodShares: claim your included pack, open cards, and play Daily Lineup. It is a digital collectible. It is not a security, not a derivative, and not a claim on any stock or company.",hoodpass.png,https://www.hoodshares.xyz,01,HoodPass,Robinhood Chain
1749,HoodPass,"Season 01 HoodPass on Robinhood Chain. This pass is the door to HoodShares: claim your included pack, open cards, and play Daily Lineup. It is a digital collectible. It is not a security, not a derivative, and not a claim on any stock or company.",hoodpass.png,https://www.hoodshares.xyz,01,HoodPass,Robinhood Chain
1750,HoodPass,"Season 01 HoodPass on Robinhood Chain. This pass is the door to HoodShares: claim your included pack, open cards, and play Daily Lineup. It is a digital collectible. It is not a security, not a derivative, and not a claim on any stock or company.",hoodpass.png,https://www.hoodshares.xyz,01,HoodPass,Robinhood Chain
1751,HoodPass,"Season 01 HoodPass on Robinhood Chain. This pass is the door to HoodShares: claim your included pack, open cards, and play Daily Lineup. It is a digital collectible. It is not a security, not a derivative, and not a claim on any stock or company.",hoodpass.png,https://www.hoodshares.xyz,01,HoodPass,Robinhood Chain
1752,HoodPass,"Season 01 HoodPass on Robinhood Chain. This pass is the door to HoodShares: claim your included pack, open cards, and play Daily Lineup. It is a digital collectible. It is not a security, not a derivative, and not a claim on any stock or company.",hoodpass.png,https://www.hoodshares.xyz,01,HoodPass,Robinhood Chain
1753,HoodPass,"Season 01 HoodPass on Robinhood Chain. This pass is the door to HoodShares: claim your included pack, open cards, and play Daily Lineup. It is a digital collectible. It is not a security, not a derivative, and not a claim on any stock or company.",hoodpass.png,https://www.hoodshares.xyz,01,HoodPass,Robinhood Chain
1754,HoodPass,"Season 01 HoodPass on Robinhood Chain. This pass is the door to HoodShares: claim your included pack, open cards, and play Daily Lineup. It is a digital collectible. It is not a security, not a derivative, and not a claim on any stock or company.",hoodpass.png,https://www.hoodshares.xyz,01,HoodPass,Robinhood Chain
1755,HoodPass,"Season 01 HoodPass on Robinhood Chain. This pass is the door to HoodShares: claim your included pack, open cards, and play Daily Lineup. It is a digital collectible. It is not a security, not a derivative, and not a claim on any stock or company.",hoodpass.png,https://www.hoodshares.xyz,01,HoodPass,Robinhood Chain
1756,HoodPass,"Season 01 HoodPass on Robinhood Chain. This pass is the door to HoodShares: claim your included pack, open cards, and play Daily Lineup. It is a digital collectible. It is not a security, not a derivative, and not a claim on any stock or company.",hoodpass.png,https://www.hoodshares.xyz,01,HoodPass,Robinhood Chain
1757,HoodPass,"Season 01 HoodPass on Robinhood Chain. This pass is the door to HoodShares: claim your included pack, open cards, and play Daily Lineup. It is a digital collectible. It is not a security, not a derivative, and not a claim on any stock or company.",hoodpass.png,https://www.hoodshares.xyz,01,HoodPass,Robinhood Chain
1758,HoodPass,"Season 01 HoodPass on Robinhood Chain. This pass is the door to HoodShares: claim your included pack, open cards, and play Daily Lineup. It is a digital collectible. It is not a security, not a derivative, and not a claim on any stock or company.",hoodpass.png,https://www.hoodshares.xyz,01,HoodPass,Robinhood Chain
1759,HoodPass,"Season 01 HoodPass on Robinhood Chain. This pass is the door to HoodShares: claim your included pack, open cards, and play Daily Lineup. It is a digital collectible. It is not a security, not a derivative, and not a claim on any stock or company.",hoodpass.png,https://www.hoodshares.xyz,01,HoodPass,Robinhood Chain
1760,HoodPass,"Season 01 HoodPass on Robinhood Chain. This pass is the door to HoodShares: claim your included pack, open cards, and play Daily Lineup. It is a digital collectible. It is not a security, not a derivative, and not a claim on any stock or company.",hoodpass.png,https://www.hoodshares.xyz,01,HoodPass,Robinhood Chain
1761,HoodPass,"Season 01 HoodPass on Robinhood Chain. This pass is the door to HoodShares: claim your included pack, open cards, and play Daily Lineup. It is a digital collectible. It is not a security, not a derivative, and not a claim on any stock or company.",hoodpass.png,https://www.hoodshares.xyz,01,HoodPass,Robinhood Chain
1762,HoodPass,"Season 01 HoodPass on Robinhood Chain. This pass is the door to HoodShares: claim your included pack, open cards, and play Daily Lineup. It is a digital collectible. It is not a security, not a derivative, and not a claim on any stock or company.",hoodpass.png,https://www.hoodshares.xyz,01,HoodPass,Robinhood Chain
1763,HoodPass,"Season 01 HoodPass on Robinhood Chain. This pass is the door to HoodShares: claim your included pack, open cards, and play Daily Lineup. It is a digital collectible. It is not a security, not a derivative, and not a claim on any stock or company.",hoodpass.png,https://www.hoodshares.xyz,01,HoodPass,Robinhood Chain
1764,HoodPass,"Season 01 HoodPass on Robinhood Chain. This pass is the door to HoodShares: claim your included pack, open cards, and play Daily Lineup. It is a digital collectible. It is not a security, not a derivative, and not a claim on any stock or company.",hoodpass.png,https://www.hoodshares.xyz,01,HoodPass,Robinhood Chain
1765,HoodPass,"Season 01 HoodPass on Robinhood Chain. This pass is the door to HoodShares: claim your included pack, open cards, and play Daily Lineup. It is a digital collectible. It is not a security, not a derivative, and not a claim on any stock or company.",hoodpass.png,https://www.hoodshares.xyz,01,HoodPass,Robinhood Chain
1766,HoodPass,"Season 01 HoodPass on Robinhood Chain. This pass is the door to HoodShares: claim your included pack, open cards, and play Daily Lineup. It is a digital collectible. It is not a security, not a derivative, and not a claim on any stock or company.",hoodpass.png,https://www.hoodshares.xyz,01,HoodPass,Robinhood Chain
1767,HoodPass,"Season 01 HoodPass on Robinhood Chain. This pass is the door to HoodShares: claim your included pack, open cards, and play Daily Lineup. It is a digital collectible. It is not a security, not a derivative, and not a claim on any stock or company.",hoodpass.png,https://www.hoodshares.xyz,01,HoodPass,Robinhood Chain
1768,HoodPass,"Season 01 HoodPass on Robinhood Chain. This pass is the door to HoodShares: claim your included pack, open cards, and play Daily Lineup. It is a digital collectible. It is not a security, not a derivative, and not a claim on any stock or company.",hoodpass.png,https://www.hoodshares.xyz,01,HoodPass,Robinhood Chain
1769,HoodPass,"Season 01 HoodPass on Robinhood Chain. This pass is the door to HoodShares: claim your included pack, open cards, and play Daily Lineup. It is a digital collectible. It is not a security, not a derivative, and not a claim on any stock or company.",hoodpass.png,https://www.hoodshares.xyz,01,HoodPass,Robinhood Chain
1770,HoodPass,"Season 01 HoodPass on Robinhood Chain. This pass is the door to HoodShares: claim your included pack, open cards, and play Daily Lineup. It is a digital collectible. It is not a security, not a derivative, and not a claim on any stock or company.",hoodpass.png,https://www.hoodshares.xyz,01,HoodPass,Robinhood Chain
1771,HoodPass,"Season 01 HoodPass on Robinhood Chain. This pass is the door to HoodShares: claim your included pack, open cards, and play Daily Lineup. It is a digital collectible. It is not a security, not a derivative, and not a claim on any stock or company.",hoodpass.png,https://www.hoodshares.xyz,01,HoodPass,Robinhood Chain
1772,HoodPass,"Season 01 HoodPass on Robinhood Chain. This pass is the door to HoodShares: claim your included pack, open cards, and play Daily Lineup. It is a digital collectible. It is not a security, not a derivative, and not a claim on any stock or company.",hoodpass.png,https://www.hoodshares.xyz,01,HoodPass,Robinhood Chain
1773,HoodPass,"Season 01 HoodPass on Robinhood Chain. This pass is the door to HoodShares: claim your included pack, open cards, and play Daily Lineup. It is a digital collectible. It is not a security, not a derivative, and not a claim on any stock or company.",hoodpass.png,https://www.hoodshares.xyz,01,HoodPass,Robinhood Chain
1774,HoodPass,"Season 01 HoodPass on Robinhood Chain. This pass is the door to HoodShares: claim your included pack, open cards, and play Daily Lineup. It is a digital collectible. It is not a security, not a derivative, and not a claim on any stock or company.",hoodpass.png,https://www.hoodshares.xyz,01,HoodPass,Robinhood Chain
1775,HoodPass,"Season 01 HoodPass on Robinhood Chain. This pass is the door to HoodShares: claim your included pack, open cards, and play Daily Lineup. It is a digital collectible. It is not a security, not a derivative, and not a claim on any stock or company.",hoodpass.png,https://www.hoodshares.xyz,01,HoodPass,Robinhood Chain
1776,HoodPass,"Season 01 HoodPass on Robinhood Chain. This pass is the door to HoodShares: claim your included pack, open cards, and play Daily Lineup. It is a digital collectible. It is not a security, not a derivative, and not a claim on any stock or company.",hoodpass.png,https://www.hoodshares.xyz,01,HoodPass,Robinhood Chain
1777,HoodPass,"Season 01 HoodPass on Robinhood Chain. This pass is the door to HoodShares: claim your included pack, open cards, and play Daily Lineup. It is a digital collectible. It is not a security, not a derivative, and not a claim on any stock or company.",hoodpass.png,https://www.hoodshares.xyz,01,HoodPass,Robinhood Chain
1778,HoodPass,"Season 01 HoodPass on Robinhood Chain. This pass is the door to HoodShares: claim your included pack, open cards, and play Daily Lineup. It is a digital collectible. It is not a security, not a derivative, and not a claim on any stock or company.",hoodpass.png,https://www.hoodshares.xyz,01,HoodPass,Robinhood Chain
1779,HoodPass,"Season 01 HoodPass on Robinhood Chain. This pass is the door to HoodShares: claim your included pack, open cards, and play Daily Lineup. It is a digital collectible. It is not a security, not a derivative, and not a claim on any stock or company.",hoodpass.png,https://www.hoodshares.xyz,01,HoodPass,Robinhood Chain
1780,HoodPass,"Season 01 HoodPass on Robinhood Chain. This pass is the door to HoodShares: claim your included pack, open cards, and play Daily Lineup. It is a digital collectible. It is not a security, not a derivative, and not a claim on any stock or company.",hoodpass.png,https://www.hoodshares.xyz,01,HoodPass,Robinhood Chain
1781,HoodPass,"Season 01 HoodPass on Robinhood Chain. This pass is the door to HoodShares: claim your included pack, open cards, and play Daily Lineup. It is a digital collectible. It is not a security, not a derivative, and not a claim on any stock or company.",hoodpass.png,https://www.hoodshares.xyz,01,HoodPass,Robinhood Chain
1782,HoodPass,"Season 01 HoodPass on Robinhood Chain. This pass is the door to HoodShares: claim your included pack, open cards, and play Daily Lineup. It is a digital collectible. It is not a security, not a derivative, and not a claim on any stock or company.",hoodpass.png,https://www.hoodshares.xyz,01,HoodPass,Robinhood Chain
1783,HoodPass,"Season 01 HoodPass on Robinhood Chain. This pass is the door to HoodShares: claim your included pack, open cards, and play Daily Lineup. It is a digital collectible. It is not a security, not a derivative, and not a claim on any stock or company.",hoodpass.png,https://www.hoodshares.xyz,01,HoodPass,Robinhood Chain
1784,HoodPass,"Season 01 HoodPass on Robinhood Chain. This pass is the door to HoodShares: claim your included pack, open cards, and play Daily Lineup. It is a digital collectible. It is not a security, not a derivative, and not a claim on any stock or company.",hoodpass.png,https://www.hoodshares.xyz,01,HoodPass,Robinhood Chain
1785,HoodPass,"Season 01 HoodPass on Robinhood Chain. This pass is the door to HoodShares: claim your included pack, open cards, and play Daily Lineup. It is a digital collectible. It is not a security, not a derivative, and not a claim on any stock or company.",hoodpass.png,https://www.hoodshares.xyz,01,HoodPass,Robinhood Chain
1786,HoodPass,"Season 01 HoodPass on Robinhood Chain. This pass is the door to HoodShares: claim your included pack, open cards, and play Daily Lineup. It is a digital collectible. It is not a security, not a derivative, and not a claim on any stock or company.",hoodpass.png,https://www.hoodshares.xyz,01,HoodPass,Robinhood Chain
1787,HoodPass,"Season 01 HoodPass on Robinhood Chain. This pass is the door to HoodShares: claim your included pack, open cards, and play Daily Lineup. It is a digital collectible. It is not a security, not a derivative, and not a claim on any stock or company.",hoodpass.png,https://www.hoodshares.xyz,01,HoodPass,Robinhood Chain
1788,HoodPass,"Season 01 HoodPass on Robinhood Chain. This pass is the door to HoodShares: claim your included pack, open cards, and play Daily Lineup. It is a digital collectible. It is not a security, not a derivative, and not a claim on any stock or company.",hoodpass.png,https://www.hoodshares.xyz,01,HoodPass,Robinhood Chain
1789,HoodPass,"Season 01 HoodPass on Robinhood Chain. This pass is the door to HoodShares: claim your included pack, open cards, and play Daily Lineup. It is a digital collectible. It is not a security, not a derivative, and not a claim on any stock or company.",hoodpass.png,https://www.hoodshares.xyz,01,HoodPass,Robinhood Chain
1790,HoodPass,"Season 01 HoodPass on Robinhood Chain. This pass is the door to HoodShares: claim your included pack, open cards, and play Daily Lineup. It is a digital collectible. It is not a security, not a derivative, and not a claim on any stock or company.",hoodpass.png,https://www.hoodshares.xyz,01,HoodPass,Robinhood Chain
1791,HoodPass,"Season 01 HoodPass on Robinhood Chain. This pass is the door to HoodShares: claim your included pack, open cards, and play Daily Lineup. It is a digital collectible. It is not a security, not a derivative, and not a claim on any stock or company.",hoodpass.png,https://www.hoodshares.xyz,01,HoodPass,Robinhood Chain
1792,HoodPass,"Season 01 HoodPass on Robinhood Chain. This pass is the door to HoodShares: claim your included pack, open cards, and play Daily Lineup. It is a digital collectible. It is not a security, not a derivative, and not a claim on any stock or company.",hoodpass.png,https://www.hoodshares.xyz,01,HoodPass,Robinhood Chain
1793,HoodPass,"Season 01 HoodPass on Robinhood Chain. This pass is the door to HoodShares: claim your included pack, open cards, and play Daily Lineup. It is a digital collectible. It is not a security, not a derivative, and not a claim on any stock or company.",hoodpass.png,https://www.hoodshares.xyz,01,HoodPass,Robinhood Chain
1794,HoodPass,"Season 01 HoodPass on Robinhood Chain. This pass is the door to HoodShares: claim your included pack, open cards, and play Daily Lineup. It is a digital collectible. It is not a security, not a derivative, and not a claim on any stock or company.",hoodpass.png,https://www.hoodshares.xyz,01,HoodPass,Robinhood Chain
1795,HoodPass,"Season 01 HoodPass on Robinhood Chain. This pass is the door to HoodShares: claim your included pack, open cards, and play Daily Lineup. It is a digital collectible. It is not a security, not a derivative, and not a claim on any stock or company.",hoodpass.png,https://www.hoodshares.xyz,01,HoodPass,Robinhood Chain
1796,HoodPass,"Season 01 HoodPass on Robinhood Chain. This pass is the door to HoodShares: claim your included pack, open cards, and play Daily Lineup. It is a digital collectible. It is not a security, not a derivative, and not a claim on any stock or company.",hoodpass.png,https://www.hoodshares.xyz,01,HoodPass,Robinhood Chain
1797,HoodPass,"Season 01 HoodPass on Robinhood Chain. This pass is the door to HoodShares: claim your included pack, open cards, and play Daily Lineup. It is a digital collectible. It is not a security, not a derivative, and not a claim on any stock or company.",hoodpass.png,https://www.hoodshares.xyz,01,HoodPass,Robinhood Chain
1798,HoodPass,"Season 01 HoodPass on Robinhood Chain. This pass is the door to HoodShares: claim your included pack, open cards, and play Daily Lineup. It is a digital collectible. It is not a security, not a derivative, and not a claim on any stock or company.",hoodpass.png,https://www.hoodshares.xyz,01,HoodPass,Robinhood Chain
1799,HoodPass,"Season 01 HoodPass on Robinhood Chain. This pass is the door to HoodShares: claim your included pack, open cards, and play Daily Lineup. It is a digital collectible. It is not a security, not a derivative, and not a claim on any stock or company.",hoodpass.png,https://www.hoodshares.xyz,01,HoodPass,Robinhood Chain
1800,HoodPass,"Season 01 HoodPass on Robinhood Chain. This pass is the door to HoodShares: claim your included pack, open cards, and play Daily Lineup. It is a digital collectible. It is not a security, not a derivative, and not a claim on any stock or company.",hoodpass.png,https://www.hoodshares.xyz,01,HoodPass,Robinhood Chain
1801,HoodPass,"Season 01 HoodPass on Robinhood Chain. This pass is the door to HoodShares: claim your included pack, open cards, and play Daily Lineup. It is a digital collectible. It is not a security, not a derivative, and not a claim on any stock or company.",hoodpass.png,https://www.hoodshares.xyz,01,HoodPass,Robinhood Chain
1802,HoodPass,"Season 01 HoodPass on Robinhood Chain. This pass is the door to HoodShares: claim your included pack, open cards, and play Daily Lineup. It is a digital collectible. It is not a security, not a derivative, and not a claim on any stock or company.",hoodpass.png,https://www.hoodshares.xyz,01,HoodPass,Robinhood Chain
1803,HoodPass,"Season 01 HoodPass on Robinhood Chain. This pass is the door to HoodShares: claim your included pack, open cards, and play Daily Lineup. It is a digital collectible. It is not a security, not a derivative, and not a claim on any stock or company.",hoodpass.png,https://www.hoodshares.xyz,01,HoodPass,Robinhood Chain
1804,HoodPass,"Season 01 HoodPass on Robinhood Chain. This pass is the door to HoodShares: claim your included pack, open cards, and play Daily Lineup. It is a digital collectible. It is not a security, not a derivative, and not a claim on any stock or company.",hoodpass.png,https://www.hoodshares.xyz,01,HoodPass,Robinhood Chain
1805,HoodPass,"Season 01 HoodPass on Robinhood Chain. This pass is the door to HoodShares: claim your included pack, open cards, and play Daily Lineup. It is a digital collectible. It is not a security, not a derivative, and not a claim on any stock or company.",hoodpass.png,https://www.hoodshares.xyz,01,HoodPass,Robinhood Chain
1806,HoodPass,"Season 01 HoodPass on Robinhood Chain. This pass is the door to HoodShares: claim your included pack, open cards, and play Daily Lineup. It is a digital collectible. It is not a security, not a derivative, and not a claim on any stock or company.",hoodpass.png,https://www.hoodshares.xyz,01,HoodPass,Robinhood Chain
1807,HoodPass,"Season 01 HoodPass on Robinhood Chain. This pass is the door to HoodShares: claim your included pack, open cards, and play Daily Lineup. It is a digital collectible. It is not a security, not a derivative, and not a claim on any stock or company.",hoodpass.png,https://www.hoodshares.xyz,01,HoodPass,Robinhood Chain
1808,HoodPass,"Season 01 HoodPass on Robinhood Chain. This pass is the door to HoodShares: claim your included pack, open cards, and play Daily Lineup. It is a digital collectible. It is not a security, not a derivative, and not a claim on any stock or company.",hoodpass.png,https://www.hoodshares.xyz,01,HoodPass,Robinhood Chain
1809,HoodPass,"Season 01 HoodPass on Robinhood Chain. This pass is the door to HoodShares: claim your included pack, open cards, and play Daily Lineup. It is a digital collectible. It is not a security, not a derivative, and not a claim on any stock or company.",hoodpass.png,https://www.hoodshares.xyz,01,HoodPass,Robinhood Chain
1810,HoodPass,"Season 01 HoodPass on Robinhood Chain. This pass is the door to HoodShares: claim your included pack, open cards, and play Daily Lineup. It is a digital collectible. It is not a security, not a derivative, and not a claim on any stock or company.",hoodpass.png,https://www.hoodshares.xyz,01,HoodPass,Robinhood Chain
1811,HoodPass,"Season 01 HoodPass on Robinhood Chain. This pass is the door to HoodShares: claim your included pack, open cards, and play Daily Lineup. It is a digital collectible. It is not a security, not a derivative, and not a claim on any stock or company.",hoodpass.png,https://www.hoodshares.xyz,01,HoodPass,Robinhood Chain
1812,HoodPass,"Season 01 HoodPass on Robinhood Chain. This pass is the door to HoodShares: claim your included pack, open cards, and play Daily Lineup. It is a digital collectible. It is not a security, not a derivative, and not a claim on any stock or company.",hoodpass.png,https://www.hoodshares.xyz,01,HoodPass,Robinhood Chain
1813,HoodPass,"Season 01 HoodPass on Robinhood Chain. This pass is the door to HoodShares: claim your included pack, open cards, and play Daily Lineup. It is a digital collectible. It is not a security, not a derivative, and not a claim on any stock or company.",hoodpass.png,https://www.hoodshares.xyz,01,HoodPass,Robinhood Chain
1814,HoodPass,"Season 01 HoodPass on Robinhood Chain. This pass is the door to HoodShares: claim your included pack, open cards, and play Daily Lineup. It is a digital collectible. It is not a security, not a derivative, and not a claim on any stock or company.",hoodpass.png,https://www.hoodshares.xyz,01,HoodPass,Robinhood Chain
1815,HoodPass,"Season 01 HoodPass on Robinhood Chain. This pass is the door to HoodShares: claim your included pack, open cards, and play Daily Lineup. It is a digital collectible. It is not a security, not a derivative, and not a claim on any stock or company.",hoodpass.png,https://www.hoodshares.xyz,01,HoodPass,Robinhood Chain
1816,HoodPass,"Season 01 HoodPass on Robinhood Chain. This pass is the door to HoodShares: claim your included pack, open cards, and play Daily Lineup. It is a digital collectible. It is not a security, not a derivative, and not a claim on any stock or company.",hoodpass.png,https://www.hoodshares.xyz,01,HoodPass,Robinhood Chain
1817,HoodPass,"Season 01 HoodPass on Robinhood Chain. This pass is the door to HoodShares: claim your included pack, open cards, and play Daily Lineup. It is a digital collectible. It is not a security, not a derivative, and not a claim on any stock or company.",hoodpass.png,https://www.hoodshares.xyz,01,HoodPass,Robinhood Chain
1818,HoodPass,"Season 01 HoodPass on Robinhood Chain. This pass is the door to HoodShares: claim your included pack, open cards, and play Daily Lineup. It is a digital collectible. It is not a security, not a derivative, and not a claim on any stock or company.",hoodpass.png,https://www.hoodshares.xyz,01,HoodPass,Robinhood Chain
1819,HoodPass,"Season 01 HoodPass on Robinhood Chain. This pass is the door to HoodShares: claim your included pack, open cards, and play Daily Lineup. It is a digital collectible. It is not a security, not a derivative, and not a claim on any stock or company.",hoodpass.png,https://www.hoodshares.xyz,01,HoodPass,Robinhood Chain
1820,HoodPass,"Season 01 HoodPass on Robinhood Chain. This pass is the door to HoodShares: claim your included pack, open cards, and play Daily Lineup. It is a digital collectible. It is not a security, not a derivative, and not a claim on any stock or company.",hoodpass.png,https://www.hoodshares.xyz,01,HoodPass,Robinhood Chain
1821,HoodPass,"Season 01 HoodPass on Robinhood Chain. This pass is the door to HoodShares: claim your included pack, open cards, and play Daily Lineup. It is a digital collectible. It is not a security, not a derivative, and not a claim on any stock or company.",hoodpass.png,https://www.hoodshares.xyz,01,HoodPass,Robinhood Chain
1822,HoodPass,"Season 01 HoodPass on Robinhood Chain. This pass is the door to HoodShares: claim your included pack, open cards, and play Daily Lineup. It is a digital collectible. It is not a security, not a derivative, and not a claim on any stock or company.",hoodpass.png,https://www.hoodshares.xyz,01,HoodPass,Robinhood Chain
1823,HoodPass,"Season 01 HoodPass on Robinhood Chain. This pass is the door to HoodShares: claim your included pack, open cards, and play Daily Lineup. It is a digital collectible. It is not a security, not a derivative, and not a claim on any stock or company.",hoodpass.png,https://www.hoodshares.xyz,01,HoodPass,Robinhood Chain
1824,HoodPass,"Season 01 HoodPass on Robinhood Chain. This pass is the door to HoodShares: claim your included pack, open cards, and play Daily Lineup. It is a digital collectible. It is not a security, not a derivative, and not a claim on any stock or company.",hoodpass.png,https://www.hoodshares.xyz,01,HoodPass,Robinhood Chain
1825,HoodPass,"Season 01 HoodPass on Robinhood Chain. This pass is the door to HoodShares: claim your included pack, open cards, and play Daily Lineup. It is a digital collectible. It is not a security, not a derivative, and not a claim on any stock or company.",hoodpass.png,https://www.hoodshares.xyz,01,HoodPass,Robinhood Chain
1826,HoodPass,"Season 01 HoodPass on Robinhood Chain. This pass is the door to HoodShares: claim your included pack, open cards, and play Daily Lineup. It is a digital collectible. It is not a security, not a derivative, and not a claim on any stock or company.",hoodpass.png,https://www.hoodshares.xyz,01,HoodPass,Robinhood Chain
1827,HoodPass,"Season 01 HoodPass on Robinhood Chain. This pass is the door to HoodShares: claim your included pack, open cards, and play Daily Lineup. It is a digital collectible. It is not a security, not a derivative, and not a claim on any stock or company.",hoodpass.png,https://www.hoodshares.xyz,01,HoodPass,Robinhood Chain
1828,HoodPass,"Season 01 HoodPass on Robinhood Chain. This pass is the door to HoodShares: claim your included pack, open cards, and play Daily Lineup. It is a digital collectible. It is not a security, not a derivative, and not a claim on any stock or company.",hoodpass.png,https://www.hoodshares.xyz,01,HoodPass,Robinhood Chain
1829,HoodPass,"Season 01 HoodPass on Robinhood Chain. This pass is the door to HoodShares: claim your included pack, open cards, and play Daily Lineup. It is a digital collectible. It is not a security, not a derivative, and not a claim on any stock or company.",hoodpass.png,https://www.hoodshares.xyz,01,HoodPass,Robinhood Chain
1830,HoodPass,"Season 01 HoodPass on Robinhood Chain. This pass is the door to HoodShares: claim your included pack, open cards, and play Daily Lineup. It is a digital collectible. It is not a security, not a derivative, and not a claim on any stock or company.",hoodpass.png,https://www.hoodshares.xyz,01,HoodPass,Robinhood Chain
1831,HoodPass,"Season 01 HoodPass on Robinhood Chain. This pass is the door to HoodShares: claim your included pack, open cards, and play Daily Lineup. It is a digital collectible. It is not a security, not a derivative, and not a claim on any stock or company.",hoodpass.png,https://www.hoodshares.xyz,01,HoodPass,Robinhood Chain
1832,HoodPass,"Season 01 HoodPass on Robinhood Chain. This pass is the door to HoodShares: claim your included pack, open cards, and play Daily Lineup. It is a digital collectible. It is not a security, not a derivative, and not a claim on any stock or company.",hoodpass.png,https://www.hoodshares.xyz,01,HoodPass,Robinhood Chain
1833,HoodPass,"Season 01 HoodPass on Robinhood Chain. This pass is the door to HoodShares: claim your included pack, open cards, and play Daily Lineup. It is a digital collectible. It is not a security, not a derivative, and not a claim on any stock or company.",hoodpass.png,https://www.hoodshares.xyz,01,HoodPass,Robinhood Chain
1834,HoodPass,"Season 01 HoodPass on Robinhood Chain. This pass is the door to HoodShares: claim your included pack, open cards, and play Daily Lineup. It is a digital collectible. It is not a security, not a derivative, and not a claim on any stock or company.",hoodpass.png,https://www.hoodshares.xyz,01,HoodPass,Robinhood Chain
1835,HoodPass,"Season 01 HoodPass on Robinhood Chain. This pass is the door to HoodShares: claim your included pack, open cards, and play Daily Lineup. It is a digital collectible. It is not a security, not a derivative, and not a claim on any stock or company.",hoodpass.png,https://www.hoodshares.xyz,01,HoodPass,Robinhood Chain
1836,HoodPass,"Season 01 HoodPass on Robinhood Chain. This pass is the door to HoodShares: claim your included pack, open cards, and play Daily Lineup. It is a digital collectible. It is not a security, not a derivative, and not a claim on any stock or company.",hoodpass.png,https://www.hoodshares.xyz,01,HoodPass,Robinhood Chain
1837,HoodPass,"Season 01 HoodPass on Robinhood Chain. This pass is the door to HoodShares: claim your included pack, open cards, and play Daily Lineup. It is a digital collectible. It is not a security, not a derivative, and not a claim on any stock or company.",hoodpass.png,https://www.hoodshares.xyz,01,HoodPass,Robinhood Chain
1838,HoodPass,"Season 01 HoodPass on Robinhood Chain. This pass is the door to HoodShares: claim your included pack, open cards, and play Daily Lineup. It is a digital collectible. It is not a security, not a derivative, and not a claim on any stock or company.",hoodpass.png,https://www.hoodshares.xyz,01,HoodPass,Robinhood Chain
1839,HoodPass,"Season 01 HoodPass on Robinhood Chain. This pass is the door to HoodShares: claim your included pack, open cards, and play Daily Lineup. It is a digital collectible. It is not a security, not a derivative, and not a claim on any stock or company.",hoodpass.png,https://www.hoodshares.xyz,01,HoodPass,Robinhood Chain
1840,HoodPass,"Season 01 HoodPass on Robinhood Chain. This pass is the door to HoodShares: claim your included pack, open cards, and play Daily Lineup. It is a digital collectible. It is not a security, not a derivative, and not a claim on any stock or company.",hoodpass.png,https://www.hoodshares.xyz,01,HoodPass,Robinhood Chain
1841,HoodPass,"Season 01 HoodPass on Robinhood Chain. This pass is the door to HoodShares: claim your included pack, open cards, and play Daily Lineup. It is a digital collectible. It is not a security, not a derivative, and not a claim on any stock or company.",hoodpass.png,https://www.hoodshares.xyz,01,HoodPass,Robinhood Chain
1842,HoodPass,"Season 01 HoodPass on Robinhood Chain. This pass is the door to HoodShares: claim your included pack, open cards, and play Daily Lineup. It is a digital collectible. It is not a security, not a derivative, and not a claim on any stock or company.",hoodpass.png,https://www.hoodshares.xyz,01,HoodPass,Robinhood Chain
1843,HoodPass,"Season 01 HoodPass on Robinhood Chain. This pass is the door to HoodShares: claim your included pack, open cards, and play Daily Lineup. It is a digital collectible. It is not a security, not a derivative, and not a claim on any stock or company.",hoodpass.png,https://www.hoodshares.xyz,01,HoodPass,Robinhood Chain
1844,HoodPass,"Season 01 HoodPass on Robinhood Chain. This pass is the door to HoodShares: claim your included pack, open cards, and play Daily Lineup. It is a digital collectible. It is not a security, not a derivative, and not a claim on any stock or company.",hoodpass.png,https://www.hoodshares.xyz,01,HoodPass,Robinhood Chain
1845,HoodPass,"Season 01 HoodPass on Robinhood Chain. This pass is the door to HoodShares: claim your included pack, open cards, and play Daily Lineup. It is a digital collectible. It is not a security, not a derivative, and not a claim on any stock or company.",hoodpass.png,https://www.hoodshares.xyz,01,HoodPass,Robinhood Chain
1846,HoodPass,"Season 01 HoodPass on Robinhood Chain. This pass is the door to HoodShares: claim your included pack, open cards, and play Daily Lineup. It is a digital collectible. It is not a security, not a derivative, and not a claim on any stock or company.",hoodpass.png,https://www.hoodshares.xyz,01,HoodPass,Robinhood Chain
1847,HoodPass,"Season 01 HoodPass on Robinhood Chain. This pass is the door to HoodShares: claim your included pack, open cards, and play Daily Lineup. It is a digital collectible. It is not a security, not a derivative, and not a claim on any stock or company.",hoodpass.png,https://www.hoodshares.xyz,01,HoodPass,Robinhood Chain
1848,HoodPass,"Season 01 HoodPass on Robinhood Chain. This pass is the door to HoodShares: claim your included pack, open cards, and play Daily Lineup. It is a digital collectible. It is not a security, not a derivative, and not a claim on any stock or company.",hoodpass.png,https://www.hoodshares.xyz,01,HoodPass,Robinhood Chain
1849,HoodPass,"Season 01 HoodPass on Robinhood Chain. This pass is the door to HoodShares: claim your included pack, open cards, and play Daily Lineup. It is a digital collectible. It is not a security, not a derivative, and not a claim on any stock or company.",hoodpass.png,https://www.hoodshares.xyz,01,HoodPass,Robinhood Chain
1850,HoodPass,"Season 01 HoodPass on Robinhood Chain. This pass is the door to HoodShares: claim your included pack, open cards, and play Daily Lineup. It is a digital collectible. It is not a security, not a derivative, and not a claim on any stock or company.",hoodpass.png,https://www.hoodshares.xyz,01,HoodPass,Robinhood Chain
1851,HoodPass,"Season 01 HoodPass on Robinhood Chain. This pass is the door to HoodShares: claim your included pack, open cards, and play Daily Lineup. It is a digital collectible. It is not a security, not a derivative, and not a claim on any stock or company.",hoodpass.png,https://www.hoodshares.xyz,01,HoodPass,Robinhood Chain
1852,HoodPass,"Season 01 HoodPass on Robinhood Chain. This pass is the door to HoodShares: claim your included pack, open cards, and play Daily Lineup. It is a digital collectible. It is not a security, not a derivative, and not a claim on any stock or company.",hoodpass.png,https://www.hoodshares.xyz,01,HoodPass,Robinhood Chain
1853,HoodPass,"Season 01 HoodPass on Robinhood Chain. This pass is the door to HoodShares: claim your included pack, open cards, and play Daily Lineup. It is a digital collectible. It is not a security, not a derivative, and not a claim on any stock or company.",hoodpass.png,https://www.hoodshares.xyz,01,HoodPass,Robinhood Chain
1854,HoodPass,"Season 01 HoodPass on Robinhood Chain. This pass is the door to HoodShares: claim your included pack, open cards, and play Daily Lineup. It is a digital collectible. It is not a security, not a derivative, and not a claim on any stock or company.",hoodpass.png,https://www.hoodshares.xyz,01,HoodPass,Robinhood Chain
1855,HoodPass,"Season 01 HoodPass on Robinhood Chain. This pass is the door to HoodShares: claim your included pack, open cards, and play Daily Lineup. It is a digital collectible. It is not a security, not a derivative, and not a claim on any stock or company.",hoodpass.png,https://www.hoodshares.xyz,01,HoodPass,Robinhood Chain
1856,HoodPass,"Season 01 HoodPass on Robinhood Chain. This pass is the door to HoodShares: claim your included pack, open cards, and play Daily Lineup. It is a digital collectible. It is not a security, not a derivative, and not a claim on any stock or company.",hoodpass.png,https://www.hoodshares.xyz,01,HoodPass,Robinhood Chain
1857,HoodPass,"Season 01 HoodPass on Robinhood Chain. This pass is the door to HoodShares: claim your included pack, open cards, and play Daily Lineup. It is a digital collectible. It is not a security, not a derivative, and not a claim on any stock or company.",hoodpass.png,https://www.hoodshares.xyz,01,HoodPass,Robinhood Chain
1858,HoodPass,"Season 01 HoodPass on Robinhood Chain. This pass is the door to HoodShares: claim your included pack, open cards, and play Daily Lineup. It is a digital collectible. It is not a security, not a derivative, and not a claim on any stock or company.",hoodpass.png,https://www.hoodshares.xyz,01,HoodPass,Robinhood Chain
1859,HoodPass,"Season 01 HoodPass on Robinhood Chain. This pass is the door to HoodShares: claim your included pack, open cards, and play Daily Lineup. It is a digital collectible. It is not a security, not a derivative, and not a claim on any stock or company.",hoodpass.png,https://www.hoodshares.xyz,01,HoodPass,Robinhood Chain
1860,HoodPass,"Season 01 HoodPass on Robinhood Chain. This pass is the door to HoodShares: claim your included pack, open cards, and play Daily Lineup. It is a digital collectible. It is not a security, not a derivative, and not a claim on any stock or company.",hoodpass.png,https://www.hoodshares.xyz,01,HoodPass,Robinhood Chain
1861,HoodPass,"Season 01 HoodPass on Robinhood Chain. This pass is the door to HoodShares: claim your included pack, open cards, and play Daily Lineup. It is a digital collectible. It is not a security, not a derivative, and not a claim on any stock or company.",hoodpass.png,https://www.hoodshares.xyz,01,HoodPass,Robinhood Chain
1862,HoodPass,"Season 01 HoodPass on Robinhood Chain. This pass is the door to HoodShares: claim your included pack, open cards, and play Daily Lineup. It is a digital collectible. It is not a security, not a derivative, and not a claim on any stock or company.",hoodpass.png,https://www.hoodshares.xyz,01,HoodPass,Robinhood Chain
1863,HoodPass,"Season 01 HoodPass on Robinhood Chain. This pass is the door to HoodShares: claim your included pack, open cards, and play Daily Lineup. It is a digital collectible. It is not a security, not a derivative, and not a claim on any stock or company.",hoodpass.png,https://www.hoodshares.xyz,01,HoodPass,Robinhood Chain
1864,HoodPass,"Season 01 HoodPass on Robinhood Chain. This pass is the door to HoodShares: claim your included pack, open cards, and play Daily Lineup. It is a digital collectible. It is not a security, not a derivative, and not a claim on any stock or company.",hoodpass.png,https://www.hoodshares.xyz,01,HoodPass,Robinhood Chain
1865,HoodPass,"Season 01 HoodPass on Robinhood Chain. This pass is the door to HoodShares: claim your included pack, open cards, and play Daily Lineup. It is a digital collectible. It is not a security, not a derivative, and not a claim on any stock or company.",hoodpass.png,https://www.hoodshares.xyz,01,HoodPass,Robinhood Chain
1866,HoodPass,"Season 01 HoodPass on Robinhood Chain. This pass is the door to HoodShares: claim your included pack, open cards, and play Daily Lineup. It is a digital collectible. It is not a security, not a derivative, and not a claim on any stock or company.",hoodpass.png,https://www.hoodshares.xyz,01,HoodPass,Robinhood Chain
1867,HoodPass,"Season 01 HoodPass on Robinhood Chain. This pass is the door to HoodShares: claim your included pack, open cards, and play Daily Lineup. It is a digital collectible. It is not a security, not a derivative, and not a claim on any stock or company.",hoodpass.png,https://www.hoodshares.xyz,01,HoodPass,Robinhood Chain
1868,HoodPass,"Season 01 HoodPass on Robinhood Chain. This pass is the door to HoodShares: claim your included pack, open cards, and play Daily Lineup. It is a digital collectible. It is not a security, not a derivative, and not a claim on any stock or company.",hoodpass.png,https://www.hoodshares.xyz,01,HoodPass,Robinhood Chain
1869,HoodPass,"Season 01 HoodPass on Robinhood Chain. This pass is the door to HoodShares: claim your included pack, open cards, and play Daily Lineup. It is a digital collectible. It is not a security, not a derivative, and not a claim on any stock or company.",hoodpass.png,https://www.hoodshares.xyz,01,HoodPass,Robinhood Chain
1870,HoodPass,"Season 01 HoodPass on Robinhood Chain. This pass is the door to HoodShares: claim your included pack, open cards, and play Daily Lineup. It is a digital collectible. It is not a security, not a derivative, and not a claim on any stock or company.",hoodpass.png,https://www.hoodshares.xyz,01,HoodPass,Robinhood Chain
1871,HoodPass,"Season 01 HoodPass on Robinhood Chain. This pass is the door to HoodShares: claim your included pack, open cards, and play Daily Lineup. It is a digital collectible. It is not a security, not a derivative, and not a claim on any stock or company.",hoodpass.png,https://www.hoodshares.xyz,01,HoodPass,Robinhood Chain
1872,HoodPass,"Season 01 HoodPass on Robinhood Chain. This pass is the door to HoodShares: claim your included pack, open cards, and play Daily Lineup. It is a digital collectible. It is not a security, not a derivative, and not a claim on any stock or company.",hoodpass.png,https://www.hoodshares.xyz,01,HoodPass,Robinhood Chain
1873,HoodPass,"Season 01 HoodPass on Robinhood Chain. This pass is the door to HoodShares: claim your included pack, open cards, and play Daily Lineup. It is a digital collectible. It is not a security, not a derivative, and not a claim on any stock or company.",hoodpass.png,https://www.hoodshares.xyz,01,HoodPass,Robinhood Chain
1874,HoodPass,"Season 01 HoodPass on Robinhood Chain. This pass is the door to HoodShares: claim your included pack, open cards, and play Daily Lineup. It is a digital collectible. It is not a security, not a derivative, and not a claim on any stock or company.",hoodpass.png,https://www.hoodshares.xyz,01,HoodPass,Robinhood Chain
1875,HoodPass,"Season 01 HoodPass on Robinhood Chain. This pass is the door to HoodShares: claim your included pack, open cards, and play Daily Lineup. It is a digital collectible. It is not a security, not a derivative, and not a claim on any stock or company.",hoodpass.png,https://www.hoodshares.xyz,01,HoodPass,Robinhood Chain
1876,HoodPass,"Season 01 HoodPass on Robinhood Chain. This pass is the door to HoodShares: claim your included pack, open cards, and play Daily Lineup. It is a digital collectible. It is not a security, not a derivative, and not a claim on any stock or company.",hoodpass.png,https://www.hoodshares.xyz,01,HoodPass,Robinhood Chain
1877,HoodPass,"Season 01 HoodPass on Robinhood Chain. This pass is the door to HoodShares: claim your included pack, open cards, and play Daily Lineup. It is a digital collectible. It is not a security, not a derivative, and not a claim on any stock or company.",hoodpass.png,https://www.hoodshares.xyz,01,HoodPass,Robinhood Chain
1878,HoodPass,"Season 01 HoodPass on Robinhood Chain. This pass is the door to HoodShares: claim your included pack, open cards, and play Daily Lineup. It is a digital collectible. It is not a security, not a derivative, and not a claim on any stock or company.",hoodpass.png,https://www.hoodshares.xyz,01,HoodPass,Robinhood Chain
1879,HoodPass,"Season 01 HoodPass on Robinhood Chain. This pass is the door to HoodShares: claim your included pack, open cards, and play Daily Lineup. It is a digital collectible. It is not a security, not a derivative, and not a claim on any stock or company.",hoodpass.png,https://www.hoodshares.xyz,01,HoodPass,Robinhood Chain
1880,HoodPass,"Season 01 HoodPass on Robinhood Chain. This pass is the door to HoodShares: claim your included pack, open cards, and play Daily Lineup. It is a digital collectible. It is not a security, not a derivative, and not a claim on any stock or company.",hoodpass.png,https://www.hoodshares.xyz,01,HoodPass,Robinhood Chain
1881,HoodPass,"Season 01 HoodPass on Robinhood Chain. This pass is the door to HoodShares: claim your included pack, open cards, and play Daily Lineup. It is a digital collectible. It is not a security, not a derivative, and not a claim on any stock or company.",hoodpass.png,https://www.hoodshares.xyz,01,HoodPass,Robinhood Chain
1882,HoodPass,"Season 01 HoodPass on Robinhood Chain. This pass is the door to HoodShares: claim your included pack, open cards, and play Daily Lineup. It is a digital collectible. It is not a security, not a derivative, and not a claim on any stock or company.",hoodpass.png,https://www.hoodshares.xyz,01,HoodPass,Robinhood Chain
1883,HoodPass,"Season 01 HoodPass on Robinhood Chain. This pass is the door to HoodShares: claim your included pack, open cards, and play Daily Lineup. It is a digital collectible. It is not a security, not a derivative, and not a claim on any stock or company.",hoodpass.png,https://www.hoodshares.xyz,01,HoodPass,Robinhood Chain
1884,HoodPass,"Season 01 HoodPass on Robinhood Chain. This pass is the door to HoodShares: claim your included pack, open cards, and play Daily Lineup. It is a digital collectible. It is not a security, not a derivative, and not a claim on any stock or company.",hoodpass.png,https://www.hoodshares.xyz,01,HoodPass,Robinhood Chain
1885,HoodPass,"Season 01 HoodPass on Robinhood Chain. This pass is the door to HoodShares: claim your included pack, open cards, and play Daily Lineup. It is a digital collectible. It is not a security, not a derivative, and not a claim on any stock or company.",hoodpass.png,https://www.hoodshares.xyz,01,HoodPass,Robinhood Chain
1886,HoodPass,"Season 01 HoodPass on Robinhood Chain. This pass is the door to HoodShares: claim your included pack, open cards, and play Daily Lineup. It is a digital collectible. It is not a security, not a derivative, and not a claim on any stock or company.",hoodpass.png,https://www.hoodshares.xyz,01,HoodPass,Robinhood Chain
1887,HoodPass,"Season 01 HoodPass on Robinhood Chain. This pass is the door to HoodShares: claim your included pack, open cards, and play Daily Lineup. It is a digital collectible. It is not a security, not a derivative, and not a claim on any stock or company.",hoodpass.png,https://www.hoodshares.xyz,01,HoodPass,Robinhood Chain
1888,HoodPass,"Season 01 HoodPass on Robinhood Chain. This pass is the door to HoodShares: claim your included pack, open cards, and play Daily Lineup. It is a digital collectible. It is not a security, not a derivative, and not a claim on any stock or company.",hoodpass.png,https://www.hoodshares.xyz,01,HoodPass,Robinhood Chain
1889,HoodPass,"Season 01 HoodPass on Robinhood Chain. This pass is the door to HoodShares: claim your included pack, open cards, and play Daily Lineup. It is a digital collectible. It is not a security, not a derivative, and not a claim on any stock or company.",hoodpass.png,https://www.hoodshares.xyz,01,HoodPass,Robinhood Chain
1890,HoodPass,"Season 01 HoodPass on Robinhood Chain. This pass is the door to HoodShares: claim your included pack, open cards, and play Daily Lineup. It is a digital collectible. It is not a security, not a derivative, and not a claim on any stock or company.",hoodpass.png,https://www.hoodshares.xyz,01,HoodPass,Robinhood Chain
1891,HoodPass,"Season 01 HoodPass on Robinhood Chain. This pass is the door to HoodShares: claim your included pack, open cards, and play Daily Lineup. It is a digital collectible. It is not a security, not a derivative, and not a claim on any stock or company.",hoodpass.png,https://www.hoodshares.xyz,01,HoodPass,Robinhood Chain
1892,HoodPass,"Season 01 HoodPass on Robinhood Chain. This pass is the door to HoodShares: claim your included pack, open cards, and play Daily Lineup. It is a digital collectible. It is not a security, not a derivative, and not a claim on any stock or company.",hoodpass.png,https://www.hoodshares.xyz,01,HoodPass,Robinhood Chain
1893,HoodPass,"Season 01 HoodPass on Robinhood Chain. This pass is the door to HoodShares: claim your included pack, open cards, and play Daily Lineup. It is a digital collectible. It is not a security, not a derivative, and not a claim on any stock or company.",hoodpass.png,https://www.hoodshares.xyz,01,HoodPass,Robinhood Chain
1894,HoodPass,"Season 01 HoodPass on Robinhood Chain. This pass is the door to HoodShares: claim your included pack, open cards, and play Daily Lineup. It is a digital collectible. It is not a security, not a derivative, and not a claim on any stock or company.",hoodpass.png,https://www.hoodshares.xyz,01,HoodPass,Robinhood Chain
1895,HoodPass,"Season 01 HoodPass on Robinhood Chain. This pass is the door to HoodShares: claim your included pack, open cards, and play Daily Lineup. It is a digital collectible. It is not a security, not a derivative, and not a claim on any stock or company.",hoodpass.png,https://www.hoodshares.xyz,01,HoodPass,Robinhood Chain
1896,HoodPass,"Season 01 HoodPass on Robinhood Chain. This pass is the door to HoodShares: claim your included pack, open cards, and play Daily Lineup. It is a digital collectible. It is not a security, not a derivative, and not a claim on any stock or company.",hoodpass.png,https://www.hoodshares.xyz,01,HoodPass,Robinhood Chain
1897,HoodPass,"Season 01 HoodPass on Robinhood Chain. This pass is the door to HoodShares: claim your included pack, open cards, and play Daily Lineup. It is a digital collectible. It is not a security, not a derivative, and not a claim on any stock or company.",hoodpass.png,https://www.hoodshares.xyz,01,HoodPass,Robinhood Chain
1898,HoodPass,"Season 01 HoodPass on Robinhood Chain. This pass is the door to HoodShares: claim your included pack, open cards, and play Daily Lineup. It is a digital collectible. It is not a security, not a derivative, and not a claim on any stock or company.",hoodpass.png,https://www.hoodshares.xyz,01,HoodPass,Robinhood Chain
1899,HoodPass,"Season 01 HoodPass on Robinhood Chain. This pass is the door to HoodShares: claim your included pack, open cards, and play Daily Lineup. It is a digital collectible. It is not a security, not a derivative, and not a claim on any stock or company.",hoodpass.png,https://www.hoodshares.xyz,01,HoodPass,Robinhood Chain
1900,HoodPass,"Season 01 HoodPass on Robinhood Chain. This pass is the door to HoodShares: claim your included pack, open cards, and play Daily Lineup. It is a digital collectible. It is not a security, not a derivative, and not a claim on any stock or company.",hoodpass.png,https://www.hoodshares.xyz,01,HoodPass,Robinhood Chain
1901,HoodPass,"Season 01 HoodPass on Robinhood Chain. This pass is the door to HoodShares: claim your included pack, open cards, and play Daily Lineup. It is a digital collectible. It is not a security, not a derivative, and not a claim on any stock or company.",hoodpass.png,https://www.hoodshares.xyz,01,HoodPass,Robinhood Chain
1902,HoodPass,"Season 01 HoodPass on Robinhood Chain. This pass is the door to HoodShares: claim your included pack, open cards, and play Daily Lineup. It is a digital collectible. It is not a security, not a derivative, and not a claim on any stock or company.",hoodpass.png,https://www.hoodshares.xyz,01,HoodPass,Robinhood Chain
1903,HoodPass,"Season 01 HoodPass on Robinhood Chain. This pass is the door to HoodShares: claim your included pack, open cards, and play Daily Lineup. It is a digital collectible. It is not a security, not a derivative, and not a claim on any stock or company.",hoodpass.png,https://www.hoodshares.xyz,01,HoodPass,Robinhood Chain
1904,HoodPass,"Season 01 HoodPass on Robinhood Chain. This pass is the door to HoodShares: claim your included pack, open cards, and play Daily Lineup. It is a digital collectible. It is not a security, not a derivative, and not a claim on any stock or company.",hoodpass.png,https://www.hoodshares.xyz,01,HoodPass,Robinhood Chain
1905,HoodPass,"Season 01 HoodPass on Robinhood Chain. This pass is the door to HoodShares: claim your included pack, open cards, and play Daily Lineup. It is a digital collectible. It is not a security, not a derivative, and not a claim on any stock or company.",hoodpass.png,https://www.hoodshares.xyz,01,HoodPass,Robinhood Chain
1906,HoodPass,"Season 01 HoodPass on Robinhood Chain. This pass is the door to HoodShares: claim your included pack, open cards, and play Daily Lineup. It is a digital collectible. It is not a security, not a derivative, and not a claim on any stock or company.",hoodpass.png,https://www.hoodshares.xyz,01,HoodPass,Robinhood Chain
1907,HoodPass,"Season 01 HoodPass on Robinhood Chain. This pass is the door to HoodShares: claim your included pack, open cards, and play Daily Lineup. It is a digital collectible. It is not a security, not a derivative, and not a claim on any stock or company.",hoodpass.png,https://www.hoodshares.xyz,01,HoodPass,Robinhood Chain
1908,HoodPass,"Season 01 HoodPass on Robinhood Chain. This pass is the door to HoodShares: claim your included pack, open cards, and play Daily Lineup. It is a digital collectible. It is not a security, not a derivative, and not a claim on any stock or company.",hoodpass.png,https://www.hoodshares.xyz,01,HoodPass,Robinhood Chain
1909,HoodPass,"Season 01 HoodPass on Robinhood Chain. This pass is the door to HoodShares: claim your included pack, open cards, and play Daily Lineup. It is a digital collectible. It is not a security, not a derivative, and not a claim on any stock or company.",hoodpass.png,https://www.hoodshares.xyz,01,HoodPass,Robinhood Chain
1910,HoodPass,"Season 01 HoodPass on Robinhood Chain. This pass is the door to HoodShares: claim your included pack, open cards, and play Daily Lineup. It is a digital collectible. It is not a security, not a derivative, and not a claim on any stock or company.",hoodpass.png,https://www.hoodshares.xyz,01,HoodPass,Robinhood Chain
1911,HoodPass,"Season 01 HoodPass on Robinhood Chain. This pass is the door to HoodShares: claim your included pack, open cards, and play Daily Lineup. It is a digital collectible. It is not a security, not a derivative, and not a claim on any stock or company.",hoodpass.png,https://www.hoodshares.xyz,01,HoodPass,Robinhood Chain
1912,HoodPass,"Season 01 HoodPass on Robinhood Chain. This pass is the door to HoodShares: claim your included pack, open cards, and play Daily Lineup. It is a digital collectible. It is not a security, not a derivative, and not a claim on any stock or company.",hoodpass.png,https://www.hoodshares.xyz,01,HoodPass,Robinhood Chain
1913,HoodPass,"Season 01 HoodPass on Robinhood Chain. This pass is the door to HoodShares: claim your included pack, open cards, and play Daily Lineup. It is a digital collectible. It is not a security, not a derivative, and not a claim on any stock or company.",hoodpass.png,https://www.hoodshares.xyz,01,HoodPass,Robinhood Chain
1914,HoodPass,"Season 01 HoodPass on Robinhood Chain. This pass is the door to HoodShares: claim your included pack, open cards, and play Daily Lineup. It is a digital collectible. It is not a security, not a derivative, and not a claim on any stock or company.",hoodpass.png,https://www.hoodshares.xyz,01,HoodPass,Robinhood Chain
1915,HoodPass,"Season 01 HoodPass on Robinhood Chain. This pass is the door to HoodShares: claim your included pack, open cards, and play Daily Lineup. It is a digital collectible. It is not a security, not a derivative, and not a claim on any stock or company.",hoodpass.png,https://www.hoodshares.xyz,01,HoodPass,Robinhood Chain
1916,HoodPass,"Season 01 HoodPass on Robinhood Chain. This pass is the door to HoodShares: claim your included pack, open cards, and play Daily Lineup. It is a digital collectible. It is not a security, not a derivative, and not a claim on any stock or company.",hoodpass.png,https://www.hoodshares.xyz,01,HoodPass,Robinhood Chain
1917,HoodPass,"Season 01 HoodPass on Robinhood Chain. This pass is the door to HoodShares: claim your included pack, open cards, and play Daily Lineup. It is a digital collectible. It is not a security, not a derivative, and not a claim on any stock or company.",hoodpass.png,https://www.hoodshares.xyz,01,HoodPass,Robinhood Chain
1918,HoodPass,"Season 01 HoodPass on Robinhood Chain. This pass is the door to HoodShares: claim your included pack, open cards, and play Daily Lineup. It is a digital collectible. It is not a security, not a derivative, and not a claim on any stock or company.",hoodpass.png,https://www.hoodshares.xyz,01,HoodPass,Robinhood Chain
1919,HoodPass,"Season 01 HoodPass on Robinhood Chain. This pass is the door to HoodShares: claim your included pack, open cards, and play Daily Lineup. It is a digital collectible. It is not a security, not a derivative, and not a claim on any stock or company.",hoodpass.png,https://www.hoodshares.xyz,01,HoodPass,Robinhood Chain
1920,HoodPass,"Season 01 HoodPass on Robinhood Chain. This pass is the door to HoodShares: claim your included pack, open cards, and play Daily Lineup. It is a digital collectible. It is not a security, not a derivative, and not a claim on any stock or company.",hoodpass.png,https://www.hoodshares.xyz,01,HoodPass,Robinhood Chain
1921,HoodPass,"Season 01 HoodPass on Robinhood Chain. This pass is the door to HoodShares: claim your included pack, open cards, and play Daily Lineup. It is a digital collectible. It is not a security, not a derivative, and not a claim on any stock or company.",hoodpass.png,https://www.hoodshares.xyz,01,HoodPass,Robinhood Chain
1922,HoodPass,"Season 01 HoodPass on Robinhood Chain. This pass is the door to HoodShares: claim your included pack, open cards, and play Daily Lineup. It is a digital collectible. It is not a security, not a derivative, and not a claim on any stock or company.",hoodpass.png,https://www.hoodshares.xyz,01,HoodPass,Robinhood Chain
1923,HoodPass,"Season 01 HoodPass on Robinhood Chain. This pass is the door to HoodShares: claim your included pack, open cards, and play Daily Lineup. It is a digital collectible. It is not a security, not a derivative, and not a claim on any stock or company.",hoodpass.png,https://www.hoodshares.xyz,01,HoodPass,Robinhood Chain
1924,HoodPass,"Season 01 HoodPass on Robinhood Chain. This pass is the door to HoodShares: claim your included pack, open cards, and play Daily Lineup. It is a digital collectible. It is not a security, not a derivative, and not a claim on any stock or company.",hoodpass.png,https://www.hoodshares.xyz,01,HoodPass,Robinhood Chain
1925,HoodPass,"Season 01 HoodPass on Robinhood Chain. This pass is the door to HoodShares: claim your included pack, open cards, and play Daily Lineup. It is a digital collectible. It is not a security, not a derivative, and not a claim on any stock or company.",hoodpass.png,https://www.hoodshares.xyz,01,HoodPass,Robinhood Chain
1926,HoodPass,"Season 01 HoodPass on Robinhood Chain. This pass is the door to HoodShares: claim your included pack, open cards, and play Daily Lineup. It is a digital collectible. It is not a security, not a derivative, and not a claim on any stock or company.",hoodpass.png,https://www.hoodshares.xyz,01,HoodPass,Robinhood Chain
1927,HoodPass,"Season 01 HoodPass on Robinhood Chain. This pass is the door to HoodShares: claim your included pack, open cards, and play Daily Lineup. It is a digital collectible. It is not a security, not a derivative, and not a claim on any stock or company.",hoodpass.png,https://www.hoodshares.xyz,01,HoodPass,Robinhood Chain
1928,HoodPass,"Season 01 HoodPass on Robinhood Chain. This pass is the door to HoodShares: claim your included pack, open cards, and play Daily Lineup. It is a digital collectible. It is not a security, not a derivative, and not a claim on any stock or company.",hoodpass.png,https://www.hoodshares.xyz,01,HoodPass,Robinhood Chain
1929,HoodPass,"Season 01 HoodPass on Robinhood Chain. This pass is the door to HoodShares: claim your included pack, open cards, and play Daily Lineup. It is a digital collectible. It is not a security, not a derivative, and not a claim on any stock or company.",hoodpass.png,https://www.hoodshares.xyz,01,HoodPass,Robinhood Chain
1930,HoodPass,"Season 01 HoodPass on Robinhood Chain. This pass is the door to HoodShares: claim your included pack, open cards, and play Daily Lineup. It is a digital collectible. It is not a security, not a derivative, and not a claim on any stock or company.",hoodpass.png,https://www.hoodshares.xyz,01,HoodPass,Robinhood Chain
1931,HoodPass,"Season 01 HoodPass on Robinhood Chain. This pass is the door to HoodShares: claim your included pack, open cards, and play Daily Lineup. It is a digital collectible. It is not a security, not a derivative, and not a claim on any stock or company.",hoodpass.png,https://www.hoodshares.xyz,01,HoodPass,Robinhood Chain
1932,HoodPass,"Season 01 HoodPass on Robinhood Chain. This pass is the door to HoodShares: claim your included pack, open cards, and play Daily Lineup. It is a digital collectible. It is not a security, not a derivative, and not a claim on any stock or company.",hoodpass.png,https://www.hoodshares.xyz,01,HoodPass,Robinhood Chain
1933,HoodPass,"Season 01 HoodPass on Robinhood Chain. This pass is the door to HoodShares: claim your included pack, open cards, and play Daily Lineup. It is a digital collectible. It is not a security, not a derivative, and not a claim on any stock or company.",hoodpass.png,https://www.hoodshares.xyz,01,HoodPass,Robinhood Chain
1934,HoodPass,"Season 01 HoodPass on Robinhood Chain. This pass is the door to HoodShares: claim your included pack, open cards, and play Daily Lineup. It is a digital collectible. It is not a security, not a derivative, and not a claim on any stock or company.",hoodpass.png,https://www.hoodshares.xyz,01,HoodPass,Robinhood Chain
1935,HoodPass,"Season 01 HoodPass on Robinhood Chain. This pass is the door to HoodShares: claim your included pack, open cards, and play Daily Lineup. It is a digital collectible. It is not a security, not a derivative, and not a claim on any stock or company.",hoodpass.png,https://www.hoodshares.xyz,01,HoodPass,Robinhood Chain
1936,HoodPass,"Season 01 HoodPass on Robinhood Chain. This pass is the door to HoodShares: claim your included pack, open cards, and play Daily Lineup. It is a digital collectible. It is not a security, not a derivative, and not a claim on any stock or company.",hoodpass.png,https://www.hoodshares.xyz,01,HoodPass,Robinhood Chain
1937,HoodPass,"Season 01 HoodPass on Robinhood Chain. This pass is the door to HoodShares: claim your included pack, open cards, and play Daily Lineup. It is a digital collectible. It is not a security, not a derivative, and not a claim on any stock or company.",hoodpass.png,https://www.hoodshares.xyz,01,HoodPass,Robinhood Chain
1938,HoodPass,"Season 01 HoodPass on Robinhood Chain. This pass is the door to HoodShares: claim your included pack, open cards, and play Daily Lineup. It is a digital collectible. It is not a security, not a derivative, and not a claim on any stock or company.",hoodpass.png,https://www.hoodshares.xyz,01,HoodPass,Robinhood Chain
1939,HoodPass,"Season 01 HoodPass on Robinhood Chain. This pass is the door to HoodShares: claim your included pack, open cards, and play Daily Lineup. It is a digital collectible. It is not a security, not a derivative, and not a claim on any stock or company.",hoodpass.png,https://www.hoodshares.xyz,01,HoodPass,Robinhood Chain
1940,HoodPass,"Season 01 HoodPass on Robinhood Chain. This pass is the door to HoodShares: claim your included pack, open cards, and play Daily Lineup. It is a digital collectible. It is not a security, not a derivative, and not a claim on any stock or company.",hoodpass.png,https://www.hoodshares.xyz,01,HoodPass,Robinhood Chain
1941,HoodPass,"Season 01 HoodPass on Robinhood Chain. This pass is the door to HoodShares: claim your included pack, open cards, and play Daily Lineup. It is a digital collectible. It is not a security, not a derivative, and not a claim on any stock or company.",hoodpass.png,https://www.hoodshares.xyz,01,HoodPass,Robinhood Chain
1942,HoodPass,"Season 01 HoodPass on Robinhood Chain. This pass is the door to HoodShares: claim your included pack, open cards, and play Daily Lineup. It is a digital collectible. It is not a security, not a derivative, and not a claim on any stock or company.",hoodpass.png,https://www.hoodshares.xyz,01,HoodPass,Robinhood Chain
1943,HoodPass,"Season 01 HoodPass on Robinhood Chain. This pass is the door to HoodShares: claim your included pack, open cards, and play Daily Lineup. It is a digital collectible. It is not a security, not a derivative, and not a claim on any stock or company.",hoodpass.png,https://www.hoodshares.xyz,01,HoodPass,Robinhood Chain
1944,HoodPass,"Season 01 HoodPass on Robinhood Chain. This pass is the door to HoodShares: claim your included pack, open cards, and play Daily Lineup. It is a digital collectible. It is not a security, not a derivative, and not a claim on any stock or company.",hoodpass.png,https://www.hoodshares.xyz,01,HoodPass,Robinhood Chain
1945,HoodPass,"Season 01 HoodPass on Robinhood Chain. This pass is the door to HoodShares: claim your included pack, open cards, and play Daily Lineup. It is a digital collectible. It is not a security, not a derivative, and not a claim on any stock or company.",hoodpass.png,https://www.hoodshares.xyz,01,HoodPass,Robinhood Chain
1946,HoodPass,"Season 01 HoodPass on Robinhood Chain. This pass is the door to HoodShares: claim your included pack, open cards, and play Daily Lineup. It is a digital collectible. It is not a security, not a derivative, and not a claim on any stock or company.",hoodpass.png,https://www.hoodshares.xyz,01,HoodPass,Robinhood Chain
1947,HoodPass,"Season 01 HoodPass on Robinhood Chain. This pass is the door to HoodShares: claim your included pack, open cards, and play Daily Lineup. It is a digital collectible. It is not a security, not a derivative, and not a claim on any stock or company.",hoodpass.png,https://www.hoodshares.xyz,01,HoodPass,Robinhood Chain
1948,HoodPass,"Season 01 HoodPass on Robinhood Chain. This pass is the door to HoodShares: claim your included pack, open cards, and play Daily Lineup. It is a digital collectible. It is not a security, not a derivative, and not a claim on any stock or company.",hoodpass.png,https://www.hoodshares.xyz,01,HoodPass,Robinhood Chain
1949,HoodPass,"Season 01 HoodPass on Robinhood Chain. This pass is the door to HoodShares: claim your included pack, open cards, and play Daily Lineup. It is a digital collectible. It is not a security, not a derivative, and not a claim on any stock or company.",hoodpass.png,https://www.hoodshares.xyz,01,HoodPass,Robinhood Chain
1950,HoodPass,"Season 01 HoodPass on Robinhood Chain. This pass is the door to HoodShares: claim your included pack, open cards, and play Daily Lineup. It is a digital collectible. It is not a security, not a derivative, and not a claim on any stock or company.",hoodpass.png,https://www.hoodshares.xyz,01,HoodPass,Robinhood Chain
1951,HoodPass,"Season 01 HoodPass on Robinhood Chain. This pass is the door to HoodShares: claim your included pack, open cards, and play Daily Lineup. It is a digital collectible. It is not a security, not a derivative, and not a claim on any stock or company.",hoodpass.png,https://www.hoodshares.xyz,01,HoodPass,Robinhood Chain
1952,HoodPass,"Season 01 HoodPass on Robinhood Chain. This pass is the door to HoodShares: claim your included pack, open cards, and play Daily Lineup. It is a digital collectible. It is not a security, not a derivative, and not a claim on any stock or company.",hoodpass.png,https://www.hoodshares.xyz,01,HoodPass,Robinhood Chain
1953,HoodPass,"Season 01 HoodPass on Robinhood Chain. This pass is the door to HoodShares: claim your included pack, open cards, and play Daily Lineup. It is a digital collectible. It is not a security, not a derivative, and not a claim on any stock or company.",hoodpass.png,https://www.hoodshares.xyz,01,HoodPass,Robinhood Chain
1954,HoodPass,"Season 01 HoodPass on Robinhood Chain. This pass is the door to HoodShares: claim your included pack, open cards, and play Daily Lineup. It is a digital collectible. It is not a security, not a derivative, and not a claim on any stock or company.",hoodpass.png,https://www.hoodshares.xyz,01,HoodPass,Robinhood Chain
1955,HoodPass,"Season 01 HoodPass on Robinhood Chain. This pass is the door to HoodShares: claim your included pack, open cards, and play Daily Lineup. It is a digital collectible. It is not a security, not a derivative, and not a claim on any stock or company.",hoodpass.png,https://www.hoodshares.xyz,01,HoodPass,Robinhood Chain
1956,HoodPass,"Season 01 HoodPass on Robinhood Chain. This pass is the door to HoodShares: claim your included pack, open cards, and play Daily Lineup. It is a digital collectible. It is not a security, not a derivative, and not a claim on any stock or company.",hoodpass.png,https://www.hoodshares.xyz,01,HoodPass,Robinhood Chain
1957,HoodPass,"Season 01 HoodPass on Robinhood Chain. This pass is the door to HoodShares: claim your included pack, open cards, and play Daily Lineup. It is a digital collectible. It is not a security, not a derivative, and not a claim on any stock or company.",hoodpass.png,https://www.hoodshares.xyz,01,HoodPass,Robinhood Chain
1958,HoodPass,"Season 01 HoodPass on Robinhood Chain. This pass is the door to HoodShares: claim your included pack, open cards, and play Daily Lineup. It is a digital collectible. It is not a security, not a derivative, and not a claim on any stock or company.",hoodpass.png,https://www.hoodshares.xyz,01,HoodPass,Robinhood Chain
1959,HoodPass,"Season 01 HoodPass on Robinhood Chain. This pass is the door to HoodShares: claim your included pack, open cards, and play Daily Lineup. It is a digital collectible. It is not a security, not a derivative, and not a claim on any stock or company.",hoodpass.png,https://www.hoodshares.xyz,01,HoodPass,Robinhood Chain
1960,HoodPass,"Season 01 HoodPass on Robinhood Chain. This pass is the door to HoodShares: claim your included pack, open cards, and play Daily Lineup. It is a digital collectible. It is not a security, not a derivative, and not a claim on any stock or company.",hoodpass.png,https://www.hoodshares.xyz,01,HoodPass,Robinhood Chain
1961,HoodPass,"Season 01 HoodPass on Robinhood Chain. This pass is the door to HoodShares: claim your included pack, open cards, and play Daily Lineup. It is a digital collectible. It is not a security, not a derivative, and not a claim on any stock or company.",hoodpass.png,https://www.hoodshares.xyz,01,HoodPass,Robinhood Chain
1962,HoodPass,"Season 01 HoodPass on Robinhood Chain. This pass is the door to HoodShares: claim your included pack, open cards, and play Daily Lineup. It is a digital collectible. It is not a security, not a derivative, and not a claim on any stock or company.",hoodpass.png,https://www.hoodshares.xyz,01,HoodPass,Robinhood Chain
1963,HoodPass,"Season 01 HoodPass on Robinhood Chain. This pass is the door to HoodShares: claim your included pack, open cards, and play Daily Lineup. It is a digital collectible. It is not a security, not a derivative, and not a claim on any stock or company.",hoodpass.png,https://www.hoodshares.xyz,01,HoodPass,Robinhood Chain
1964,HoodPass,"Season 01 HoodPass on Robinhood Chain. This pass is the door to HoodShares: claim your included pack, open cards, and play Daily Lineup. It is a digital collectible. It is not a security, not a derivative, and not a claim on any stock or company.",hoodpass.png,https://www.hoodshares.xyz,01,HoodPass,Robinhood Chain
1965,HoodPass,"Season 01 HoodPass on Robinhood Chain. This pass is the door to HoodShares: claim your included pack, open cards, and play Daily Lineup. It is a digital collectible. It is not a security, not a derivative, and not a claim on any stock or company.",hoodpass.png,https://www.hoodshares.xyz,01,HoodPass,Robinhood Chain
1966,HoodPass,"Season 01 HoodPass on Robinhood Chain. This pass is the door to HoodShares: claim your included pack, open cards, and play Daily Lineup. It is a digital collectible. It is not a security, not a derivative, and not a claim on any stock or company.",hoodpass.png,https://www.hoodshares.xyz,01,HoodPass,Robinhood Chain
1967,HoodPass,"Season 01 HoodPass on Robinhood Chain. This pass is the door to HoodShares: claim your included pack, open cards, and play Daily Lineup. It is a digital collectible. It is not a security, not a derivative, and not a claim on any stock or company.",hoodpass.png,https://www.hoodshares.xyz,01,HoodPass,Robinhood Chain
1968,HoodPass,"Season 01 HoodPass on Robinhood Chain. This pass is the door to HoodShares: claim your included pack, open cards, and play Daily Lineup. It is a digital collectible. It is not a security, not a derivative, and not a claim on any stock or company.",hoodpass.png,https://www.hoodshares.xyz,01,HoodPass,Robinhood Chain
1969,HoodPass,"Season 01 HoodPass on Robinhood Chain. This pass is the door to HoodShares: claim your included pack, open cards, and play Daily Lineup. It is a digital collectible. It is not a security, not a derivative, and not a claim on any stock or company.",hoodpass.png,https://www.hoodshares.xyz,01,HoodPass,Robinhood Chain
1970,HoodPass,"Season 01 HoodPass on Robinhood Chain. This pass is the door to HoodShares: claim your included pack, open cards, and play Daily Lineup. It is a digital collectible. It is not a security, not a derivative, and not a claim on any stock or company.",hoodpass.png,https://www.hoodshares.xyz,01,HoodPass,Robinhood Chain
1971,HoodPass,"Season 01 HoodPass on Robinhood Chain. This pass is the door to HoodShares: claim your included pack, open cards, and play Daily Lineup. It is a digital collectible. It is not a security, not a derivative, and not a claim on any stock or company.",hoodpass.png,https://www.hoodshares.xyz,01,HoodPass,Robinhood Chain
1972,HoodPass,"Season 01 HoodPass on Robinhood Chain. This pass is the door to HoodShares: claim your included pack, open cards, and play Daily Lineup. It is a digital collectible. It is not a security, not a derivative, and not a claim on any stock or company.",hoodpass.png,https://www.hoodshares.xyz,01,HoodPass,Robinhood Chain
1973,HoodPass,"Season 01 HoodPass on Robinhood Chain. This pass is the door to HoodShares: claim your included pack, open cards, and play Daily Lineup. It is a digital collectible. It is not a security, not a derivative, and not a claim on any stock or company.",hoodpass.png,https://www.hoodshares.xyz,01,HoodPass,Robinhood Chain
1974,HoodPass,"Season 01 HoodPass on Robinhood Chain. This pass is the door to HoodShares: claim your included pack, open cards, and play Daily Lineup. It is a digital collectible. It is not a security, not a derivative, and not a claim on any stock or company.",hoodpass.png,https://www.hoodshares.xyz,01,HoodPass,Robinhood Chain
1975,HoodPass,"Season 01 HoodPass on Robinhood Chain. This pass is the door to HoodShares: claim your included pack, open cards, and play Daily Lineup. It is a digital collectible. It is not a security, not a derivative, and not a claim on any stock or company.",hoodpass.png,https://www.hoodshares.xyz,01,HoodPass,Robinhood Chain
1976,HoodPass,"Season 01 HoodPass on Robinhood Chain. This pass is the door to HoodShares: claim your included pack, open cards, and play Daily Lineup. It is a digital collectible. It is not a security, not a derivative, and not a claim on any stock or company.",hoodpass.png,https://www.hoodshares.xyz,01,HoodPass,Robinhood Chain
1977,HoodPass,"Season 01 HoodPass on Robinhood Chain. This pass is the door to HoodShares: claim your included pack, open cards, and play Daily Lineup. It is a digital collectible. It is not a security, not a derivative, and not a claim on any stock or company.",hoodpass.png,https://www.hoodshares.xyz,01,HoodPass,Robinhood Chain
1978,HoodPass,"Season 01 HoodPass on Robinhood Chain. This pass is the door to HoodShares: claim your included pack, open cards, and play Daily Lineup. It is a digital collectible. It is not a security, not a derivative, and not a claim on any stock or company.",hoodpass.png,https://www.hoodshares.xyz,01,HoodPass,Robinhood Chain
1979,HoodPass,"Season 01 HoodPass on Robinhood Chain. This pass is the door to HoodShares: claim your included pack, open cards, and play Daily Lineup. It is a digital collectible. It is not a security, not a derivative, and not a claim on any stock or company.",hoodpass.png,https://www.hoodshares.xyz,01,HoodPass,Robinhood Chain
1980,HoodPass,"Season 01 HoodPass on Robinhood Chain. This pass is the door to HoodShares: claim your included pack, open cards, and play Daily Lineup. It is a digital collectible. It is not a security, not a derivative, and not a claim on any stock or company.",hoodpass.png,https://www.hoodshares.xyz,01,HoodPass,Robinhood Chain
1981,HoodPass,"Season 01 HoodPass on Robinhood Chain. This pass is the door to HoodShares: claim your included pack, open cards, and play Daily Lineup. It is a digital collectible. It is not a security, not a derivative, and not a claim on any stock or company.",hoodpass.png,https://www.hoodshares.xyz,01,HoodPass,Robinhood Chain
1982,HoodPass,"Season 01 HoodPass on Robinhood Chain. This pass is the door to HoodShares: claim your included pack, open cards, and play Daily Lineup. It is a digital collectible. It is not a security, not a derivative, and not a claim on any stock or company.",hoodpass.png,https://www.hoodshares.xyz,01,HoodPass,Robinhood Chain
1983,HoodPass,"Season 01 HoodPass on Robinhood Chain. This pass is the door to HoodShares: claim your included pack, open cards, and play Daily Lineup. It is a digital collectible. It is not a security, not a derivative, and not a claim on any stock or company.",hoodpass.png,https://www.hoodshares.xyz,01,HoodPass,Robinhood Chain
1984,HoodPass,"Season 01 HoodPass on Robinhood Chain. This pass is the door to HoodShares: claim your included pack, open cards, and play Daily Lineup. It is a digital collectible. It is not a security, not a derivative, and not a claim on any stock or company.",hoodpass.png,https://www.hoodshares.xyz,01,HoodPass,Robinhood Chain
1985,HoodPass,"Season 01 HoodPass on Robinhood Chain. This pass is the door to HoodShares: claim your included pack, open cards, and play Daily Lineup. It is a digital collectible. It is not a security, not a derivative, and not a claim on any stock or company.",hoodpass.png,https://www.hoodshares.xyz,01,HoodPass,Robinhood Chain
1986,HoodPass,"Season 01 HoodPass on Robinhood Chain. This pass is the door to HoodShares: claim your included pack, open cards, and play Daily Lineup. It is a digital collectible. It is not a security, not a derivative, and not a claim on any stock or company.",hoodpass.png,https://www.hoodshares.xyz,01,HoodPass,Robinhood Chain
1987,HoodPass,"Season 01 HoodPass on Robinhood Chain. This pass is the door to HoodShares: claim your included pack, open cards, and play Daily Lineup. It is a digital collectible. It is not a security, not a derivative, and not a claim on any stock or company.",hoodpass.png,https://www.hoodshares.xyz,01,HoodPass,Robinhood Chain
1988,HoodPass,"Season 01 HoodPass on Robinhood Chain. This pass is the door to HoodShares: claim your included pack, open cards, and play Daily Lineup. It is a digital collectible. It is not a security, not a derivative, and not a claim on any stock or company.",hoodpass.png,https://www.hoodshares.xyz,01,HoodPass,Robinhood Chain
1989,HoodPass,"Season 01 HoodPass on Robinhood Chain. This pass is the door to HoodShares: claim your included pack, open cards, and play Daily Lineup. It is a digital collectible. It is not a security, not a derivative, and not a claim on any stock or company.",hoodpass.png,https://www.hoodshares.xyz,01,HoodPass,Robinhood Chain
1990,HoodPass,"Season 01 HoodPass on Robinhood Chain. This pass is the door to HoodShares: claim your included pack, open cards, and play Daily Lineup. It is a digital collectible. It is not a security, not a derivative, and not a claim on any stock or company.",hoodpass.png,https://www.hoodshares.xyz,01,HoodPass,Robinhood Chain
1991,HoodPass,"Season 01 HoodPass on Robinhood Chain. This pass is the door to HoodShares: claim your included pack, open cards, and play Daily Lineup. It is a digital collectible. It is not a security, not a derivative, and not a claim on any stock or company.",hoodpass.png,https://www.hoodshares.xyz,01,HoodPass,Robinhood Chain
1992,HoodPass,"Season 01 HoodPass on Robinhood Chain. This pass is the door to HoodShares: claim your included pack, open cards, and play Daily Lineup. It is a digital collectible. It is not a security, not a derivative, and not a claim on any stock or company.",hoodpass.png,https://www.hoodshares.xyz,01,HoodPass,Robinhood Chain
1993,HoodPass,"Season 01 HoodPass on Robinhood Chain. This pass is the door to HoodShares: claim your included pack, open cards, and play Daily Lineup. It is a digital collectible. It is not a security, not a derivative, and not a claim on any stock or company.",hoodpass.png,https://www.hoodshares.xyz,01,HoodPass,Robinhood Chain
1994,HoodPass,"Season 01 HoodPass on Robinhood Chain. This pass is the door to HoodShares: claim your included pack, open cards, and play Daily Lineup. It is a digital collectible. It is not a security, not a derivative, and not a claim on any stock or company.",hoodpass.png,https://www.hoodshares.xyz,01,HoodPass,Robinhood Chain
1995,HoodPass,"Season 01 HoodPass on Robinhood Chain. This pass is the door to HoodShares: claim your included pack, open cards, and play Daily Lineup. It is a digital collectible. It is not a security, not a derivative, and not a claim on any stock or company.",hoodpass.png,https://www.hoodshares.xyz,01,HoodPass,Robinhood Chain
1996,HoodPass,"Season 01 HoodPass on Robinhood Chain. This pass is the door to HoodShares: claim your included pack, open cards, and play Daily Lineup. It is a digital collectible. It is not a security, not a derivative, and not a claim on any stock or company.",hoodpass.png,https://www.hoodshares.xyz,01,HoodPass,Robinhood Chain
1997,HoodPass,"Season 01 HoodPass on Robinhood Chain. This pass is the door to HoodShares: claim your included pack, open cards, and play Daily Lineup. It is a digital collectible. It is not a security, not a derivative, and not a claim on any stock or company.",hoodpass.png,https://www.hoodshares.xyz,01,HoodPass,Robinhood Chain
1998,HoodPass,"Season 01 HoodPass on Robinhood Chain. This pass is the door to HoodShares: claim your included pack, open cards, and play Daily Lineup. It is a digital collectible. It is not a security, not a derivative, and not a claim on any stock or company.",hoodpass.png,https://www.hoodshares.xyz,01,HoodPass,Robinhood Chain
1999,HoodPass,"Season 01 HoodPass on Robinhood Chain. This pass is the door to HoodShares: claim your included pack, open cards, and play Daily Lineup. It is a digital collectible. It is not a security, not a derivative, and not a claim on any stock or company.",hoodpass.png,https://www.hoodshares.xyz,01,HoodPass,Robinhood Chain
